id,query_label,drug,query_type,date,username,display_name,content,language,reply_count,retweet_count,like_count,quote_count,view_count,source,url,is_retweet,is_reply,scraped_at
1674443735260856320,mounjaro_weight,mounjaro,weight,2023-06-29T15:44:30+00:00,Tlowen40,Tom,@coreycosta123 Great job bro. I’m using Tirzepatide to help curve my hunger and dropping lbs as well.,en,0,0,1,0,31,"<a href=""http://twitter.com/download/iphone"" rel=""nofollow"">Twitter for iPhone</a>",https://x.com/Tlowen40/status/1674443735260856320,False,True,2026-04-08T21:29:54.680275+00:00
1674255035381719042,mounjaro_weight,mounjaro,weight,2023-06-29T03:14:41+00:00,AngelaS35676572,Angiebaby-28,"@mhprvpmvp I go to a clients office 2x a year. In May, they had all gotten on Mounjaro (last visit was Oct 2022) They were freakin *unrecognizable*, they had all lost so much. Stopped drinking, nail biting and compulsive shopping too.",en,0,0,0,0,497,"<a href=""http://twitter.com/download/iphone"" rel=""nofollow"">Twitter for iPhone</a>",https://x.com/AngelaS35676572/status/1674255035381719042,False,False,2026-04-08T21:29:54.680275+00:00
1674157948610781185,mounjaro_weight,mounjaro,weight,2023-06-28T20:48:53+00:00,MD_Doc_USA,Doc_USA 2.0🏅🩺,"lost a whopping 17.5 % of their weight after 24 weeks, compared with patients who lost 1.6 % of their body wt in the placebo group. 
Retatrutide is also comparable to Eli Lilly’s other obesity drug, Mounjaro, which helped patients lose 21 % of their body wt in a clinical trial",en,0,0,0,0,113,"<a href=""http://twitter.com/download/iphone"" rel=""nofollow"">Twitter for iPhone</a>",https://x.com/MD_Doc_USA/status/1674157948610781185,False,True,2026-04-08T21:29:54.680275+00:00
1674132526078517248,mounjaro_weight,mounjaro,weight,2023-06-28T19:07:52+00:00,kabiejurnes,the peanut gallery 🥜,"I ran out of mounjaro and because I'm poor until pay day can't get my refill, but I had two leftover Trulicity injections so used one in the interim. Trulicity curbs your appetite so I haven't been mindlessly snacking all week, and it's 3pm and am just now starting to feel hungry",en,1,0,1,0,294,"<a href=""http://twitter.com/download/android"" rel=""nofollow"">Twitter for Android</a>",https://x.com/kabiejurnes/status/1674132526078517248,False,False,2026-04-08T21:29:54.680275+00:00
1674073477475606530,mounjaro_weight,mounjaro,weight,2023-06-28T15:13:14+00:00,PamPars00698951,Pam Parsons,@ivimhealth My husband is a diabetic and the dr wanted him on mounjaro but express scripts say they can't get it in to fill the prescription. These Diabetic drugs should not be prescribed just for weight loss. For the record he has been on ozempic for 2 years and hasn't lost weight,en,5,1,1,0,501,"<a href=""http://twitter.com/download/iphone"" rel=""nofollow"">Twitter for iPhone</a>",https://x.com/PamPars00698951/status/1674073477475606530,False,True,2026-04-08T21:29:54.681272+00:00
1674070426836664321,mounjaro_weight,mounjaro,weight,2023-06-28T15:01:07+00:00,clemoscatarina,Catarina Cunha,"Move over, Mounjaro: New Eli Lilly drug lost patients 24 percent of their weight in trials ⁦@tnatw⁩  https://t.co/Y3SYYYBm2R",en,0,3,2,0,249,"<a href=""http://twitter.com/download/iphone"" rel=""nofollow"">Twitter for iPhone</a>",https://x.com/clemoscatarina/status/1674070426836664321,False,False,2026-04-08T21:29:54.681272+00:00
1674065917464944652,mounjaro_weight,mounjaro,weight,2023-06-28T14:43:12+00:00,docpauly1680,George Acosta,@BamaBass I've lost 112 lbs in 10 months. I've exercised 6 days a week.  30-minute strength training n 30-minute walk on treadmill. I've eaten less but healthier. Increase protein about 175 to 200 daily. I do eat carbs but keep them low. I don't restrict myself. I'm also on mounjaro med. https://t.co/mJR44MgI5N,en,0,0,2,0,171,"<a href=""http://twitter.com/download/android"" rel=""nofollow"">Twitter for Android</a>",https://x.com/docpauly1680/status/1674065917464944652,False,True,2026-04-08T21:29:54.681272+00:00
1673877022987153408,mounjaro_weight,mounjaro,weight,2023-06-28T02:12:36+00:00,Courtne10949646,Courtney Dillon,@Blake_Allen13 My RA inflammation was GONE while I was on Mounjaro.  I had relief before I lost an ounce of weight.,en,0,0,1,0,81,"<a href=""http://twitter.com/download/iphone"" rel=""nofollow"">Twitter for iPhone</a>",https://x.com/Courtne10949646/status/1673877022987153408,False,True,2026-04-08T21:29:54.681272+00:00
1673863927208329216,mounjaro_weight,mounjaro,weight,2023-06-28T01:20:33+00:00,megsudon,meglodon 🦈,Little Mounjaro victories: ive lost enough weight that I can sit in a seat at a ball prk without it bruising my hips!,en,1,0,3,0,382,"<a href=""http://twitter.com/download/iphone"" rel=""nofollow"">Twitter for iPhone</a>",https://x.com/megsudon/status/1673863927208329216,False,False,2026-04-08T21:29:54.681272+00:00
1673847417903382528,mounjaro_weight,mounjaro,weight,2023-06-28T00:14:57+00:00,soofriends,Donna J 🇺🇸 🏳️‍🌈 🌴,"@JohnTradem @KyleKettlerMD @InFilm360 @ArmstrongDrew I'm not obese, I'm taking Mounjaro for diabetes. It's a powerful appetite suppressant, I'd forget to eat sometimes. It also makes you feel full fast. When I did eat, I could only finish about a third to maybe half of what I was used to. This effect wore off after 3-4 weeks.",en,1,0,1,0,81,"<a href=""http://twitter.com/download/android"" rel=""nofollow"">Twitter for Android</a>",https://x.com/soofriends/status/1673847417903382528,False,True,2026-04-08T21:29:54.681272+00:00
1673830785218953216,mounjaro_weight,mounjaro,weight,2023-06-27T23:08:52+00:00,helpYOUgetGAINS,#HelpYouGetGAINS,"Move over, Mounjaro: New Eli Lilly drug lost patients 24 percent of their weight in trials https://t.co/vBkXSxElc3",en,0,0,0,0,19,"<a href=""http://twitter.com/download/iphone"" rel=""nofollow"">Twitter for iPhone</a>",https://x.com/helpYOUgetGAINS/status/1673830785218953216,False,False,2026-04-08T21:29:54.681272+00:00
1673808458074693633,mounjaro_weight,mounjaro,weight,2023-06-27T21:40:08+00:00,OKStormTrax,Amerigo 🇺🇸,"@MounjaroHCP : I’m a diabetic who used to take Victoza injections daily. I suffered with regular bouts of hypoglycemia the entire time I took it. After being diagnosed with R.A., my PCP agreed to switch me to Mounjaro. I hate taking any drugs, but this one has changed my life. I’ve lost 45 pounds. I feel like my old self again, look great, glucose is perfect, am far more mobile and zero side effects, including low blood sugar. Mounjaro is amazing. It suppressed my appetite and gave me time to completely change my diet. Thank You. I got my “life” back and then some! Now, all my friends who aren’t even diabetic are taking it to lose weight and it’s working for them, too.",en,0,0,0,0,114,"<a href=""http://twitter.com/#!/download/ipad"" rel=""nofollow"">Twitter for iPad</a>",https://x.com/OKStormTrax/status/1673808458074693633,False,False,2026-04-08T21:29:54.681272+00:00
1673754653425651712,mounjaro_weight,mounjaro,weight,2023-06-27T18:06:20+00:00,aliissamelsamra,Ali ElSamra,@6776Moto @Reuters I tried mounjaro 2.5mg dose. I took only one injection. I lost 2 kilos in one week. It had side effects like nausea (lasted for 2 days only) and constipation. The good thing is it made me stop consuming sugar (sweets mainly) and decreased my appetite.,en,3,0,1,0,93,"<a href=""http://twitter.com/download/iphone"" rel=""nofollow"">Twitter for iPhone</a>",https://x.com/aliissamelsamra/status/1673754653425651712,False,True,2026-04-08T21:29:54.682266+00:00
1673720439703498752,mounjaro_weight,mounjaro,weight,2023-06-27T15:50:23+00:00,jacobbrody,Jacob Brody,@realZJB @jareddashevsky I lost ~70 lbs and got my A1C down to 5.5 from a peak of 8.1 taking Symlin and then Mounjaro. Mounjaro specifically changed my life. My heart breaks for folks who need these meds that could change their lives but can’t afford them.,en,2,1,5,0,201,"<a href=""http://twitter.com/#!/download/ipad"" rel=""nofollow"">Twitter for iPad</a>",https://x.com/jacobbrody/status/1673720439703498752,False,True,2026-04-08T21:29:54.682266+00:00
1673702574275305474,mounjaro_weight,mounjaro,weight,2023-06-27T14:39:24+00:00,FatGreenDragon,John Schrier,@Trygeania @ianmiles I was very hard for me. I got to 612 pounds and could barley walk. I got weight loss surgery and have been on mounjaro. With lots of exercise and hard work I have lost 242 in about 13 months. It’s not easy but it is worth it.,en,1,0,0,0,74,"<a href=""http://twitter.com/download/iphone"" rel=""nofollow"">Twitter for iPhone</a>",https://x.com/FatGreenDragon/status/1673702574275305474,False,True,2026-04-08T21:29:54.682266+00:00
1673680178889863168,mounjaro_weight,mounjaro,weight,2023-06-27T13:10:24+00:00,R_Armstrong73,Robert Armstrong,"Post Mounjaro: The Journey Continues - 84 lbs total (8 months). #postmounjaro #mounjaro #weightloss #weightlossjourney
https://t.co/axN9T3fA7T",en,0,0,0,0,56,"<a href=""http://twitter.com/download/iphone"" rel=""nofollow"">Twitter for iPhone</a>",https://x.com/R_Armstrong73/status/1673680178889863168,False,False,2026-04-08T21:29:54.682266+00:00
1673667317517934593,mounjaro_weight,mounjaro,weight,2023-06-27T12:19:18+00:00,roberboy55,Roberto Villacis,"@WSJ I take mounjaro for my diabetes 2, and it has helped me a lot with my sugar levels. I have lost around 25 lbs. Insurance don't wanna cover it because of people using it to lose weight,  so for now, I use a coupon.",en,0,0,0,0,212,"<a href=""http://twitter.com/download/android"" rel=""nofollow"">Twitter for Android</a>",https://x.com/roberboy55/status/1673667317517934593,False,True,2026-04-08T21:29:55.596123+00:00
1673648495457173505,mounjaro_weight,mounjaro,weight,2023-06-27T11:04:30+00:00,tmodarressi,"Taher Modarressi, MD, FNLA","@skathire About a quarter (23%) lost 30% or more with tirzepatide in SURMOUNT-1. But that was 72 weeks, this is 48 weeks and curves don’t look like they are at plateau yet!",en,0,0,0,0,117,"<a href=""http://twitter.com/download/iphone"" rel=""nofollow"">Twitter for iPhone</a>",https://x.com/tmodarressi/status/1673648495457173505,False,True,2026-04-08T21:29:55.596123+00:00
1673645227138076672,mounjaro_weight,mounjaro,weight,2023-06-27T10:51:31+00:00,weirdmedicine,Doctor Steve,"“Move over, Mounjaro: New Eli Lilly drug lost patients 24 percent of their weight in trials”

e.g., 200lb —&gt;152lb

I was going to say something snarky about this drug, but damn, that’s a pretty impressive result.

https://t.co/YDMC34E6DA",en,18,0,23,0,5375,"<a href=""http://twitter.com/#!/download/ipad"" rel=""nofollow"">Twitter for iPad</a>",https://x.com/weirdmedicine/status/1673645227138076672,False,False,2026-04-08T21:29:55.597121+00:00
1673608365040345089,mounjaro_weight,mounjaro,weight,2023-06-27T08:25:03+00:00,strujillo075,BigDaddy,"Move over, Mounjaro: New Eli Lilly drug lost patients 24 percent of their weight in trials https://t.co/edhTRKbmzc",en,0,0,1,0,63,"<a href=""https://mobile.twitter.com"" rel=""nofollow"">Twitter Web App</a>",https://x.com/strujillo075/status/1673608365040345089,False,False,2026-04-08T21:29:55.597121+00:00
1673600699677184000,mounjaro_weight,mounjaro,weight,2023-06-27T07:54:35+00:00,HaoleThai,LE THAI HAO,"Move over, Mounjaro: New Eli Lilly drug lost patients 24 percent of their weight in trials https://t.co/DtKRNByrLf",en,0,0,0,0,14,"<a href=""https://mobile.twitter.com"" rel=""nofollow"">Twitter Web App</a>",https://x.com/HaoleThai/status/1673600699677184000,False,False,2026-04-08T21:29:55.597121+00:00
1673550241449267200,mounjaro_weight,mounjaro,weight,2023-06-27T04:34:05+00:00,irxmedicine,アイアールエックス・メディシン【公式】,Individuals with Type 2 Diabetes and Obesity Lost an Average of 15% of Their Body Weight when Taking Tirzepatide https://t.co/mnZsNLysi4,en,0,0,0,0,21,"<a href=""https://mobile.twitter.com"" rel=""nofollow"">Twitter Web App</a>",https://x.com/irxmedicine/status/1673550241449267200,False,True,2026-04-08T21:29:55.597121+00:00
1673530858815520769,mounjaro_weight,mounjaro,weight,2023-06-27T03:17:04+00:00,MedFirstLtd,MedFirst - MedComms,"Move over, Mounjaro: New Eli Lilly drug lost patients 24 percent of their weight in trials - The Hill • https://t.co/le73xfx4Lb https://t.co/qNkPLpffeZ",en,0,0,0,0,24,"<a href=""https://dlvrit.com/"" rel=""nofollow"">dlvr.it</a>",https://x.com/MedFirstLtd/status/1673530858815520769,False,False,2026-04-08T21:29:55.597121+00:00
1673473819632103424,mounjaro_weight,mounjaro,weight,2023-06-26T23:30:24+00:00,KyleKettlerMD,Kyle Kettler MD,"@Biotechbeee @BillSmi61010911 @jason_mcgruder @ArmstrongDrew There’s a slight confusion here, the numbers for Mounjaro you cited are for people with diabetes. For people without diabetes they lost 22% on Mounjaro BUT this was at 72 weeks. At 48 weeks they lost around 20%

Retatrutide trial participants lost ~24% at 48 weeks",en,1,0,2,0,65,"<a href=""http://twitter.com/download/iphone"" rel=""nofollow"">Twitter for iPhone</a>",https://x.com/KyleKettlerMD/status/1673473819632103424,False,True,2026-04-08T21:29:55.597121+00:00
1673465926853746691,mounjaro_weight,mounjaro,weight,2023-06-26T22:59:03+00:00,MatthewSchneier,Matthew Schneier,"Dept. of Ozempic Fever: Eli Lilly, maker of Mounjaro, just announced clinical trial results of its new weight drug, retratrutide, at the American Diabetes Assoc. conference. Average of 58lbs. lost for patients at highest dose over 11mo period. Stakes raised—again!",en,1,0,5,0,3024,"<a href=""http://twitter.com/download/iphone"" rel=""nofollow"">Twitter for iPhone</a>",https://x.com/MatthewSchneier/status/1673465926853746691,False,False,2026-04-08T21:29:55.597121+00:00
1673456789931565056,mounjaro_weight,mounjaro,weight,2023-06-26T22:22:44+00:00,Tulsamensclinic,Tulsa Men's Clinic,"This month our Tirzepatide patient has lost 2lbs on the scale but the InBody shows she lost 3 lbs of body fat and gained 1.5lbs of muscle! We track fat vs muscle a patient is losing, so patients maintain muscle mass to reach their overall health goals and reduce loose skin. https://t.co/HLcUwx1wM6",en,0,0,0,0,161,"<a href=""https://mobile.twitter.com"" rel=""nofollow"">Twitter Web App</a>",https://x.com/Tulsamensclinic/status/1673456789931565056,False,False,2026-04-08T21:29:55.597121+00:00
1673456701775773697,mounjaro_weight,mounjaro,weight,2023-06-26T22:22:23+00:00,OK_MensClinic,OKMensClinic,"This month our Tirzepatide patient has lost 2lbs on the scale but the InBody shows she lost 3 lbs of body fat and gained 1.5lbs of muscle! We track fat vs muscle a patient is losing, so patients maintain muscle mass to reach their overall health goals and reduce loose skin. https://t.co/MPDqLEtOJ8",en,0,0,0,0,126,"<a href=""https://mobile.twitter.com"" rel=""nofollow"">Twitter Web App</a>",https://x.com/OK_MensClinic/status/1673456701775773697,False,False,2026-04-08T21:29:55.598115+00:00
1673454432552452096,mounjaro_weight,mounjaro,weight,2023-06-26T22:13:22+00:00,riddle245,guleid,Jfc now we have a drug where patients lost 17% of body weight in just 24 weeks and 24% in 48 weeks. For reference Ozempic is 15% in 68 weeks and Mounjaro is 22.5% in 72 weeks. Sure just PH2 but sheesh,en,0,1,2,0,2848,"<a href=""http://twitter.com/download/iphone"" rel=""nofollow"">Twitter for iPhone</a>",https://x.com/riddle245/status/1673454432552452096,False,False,2026-04-08T21:29:55.598115+00:00
1673415577623228440,mounjaro_weight,mounjaro,weight,2023-06-26T19:38:58+00:00,_Ellimac__,Camille ⚖️,Week 4 of ozempic/mounjaro. Down 18 lbs &amp;feel great. I prefer mounjaro over ozempic because it makes you less hungry without nausea. The weight loss is great but I'm really hoping to see a change in my A1C levels when I go to the doctor. Gestational diabetes can get fucked.,en,3,0,9,0,1447,"<a href=""http://twitter.com/download/iphone"" rel=""nofollow"">Twitter for iPhone</a>",https://x.com/_Ellimac__/status/1673415577623228440,False,False,2026-04-08T21:29:55.598115+00:00
1673409568171257873,mounjaro_weight,mounjaro,weight,2023-06-26T19:15:06+00:00,EndocrineToday,Endocrine Today,"Adults with #obesity and type 2 #diabetes lost nearly 15% of their body weight with a 2.1% HbA1c reduction at 72 weeks on 15 mg tirzepatide, providing a new potential therapeutic option for that population. #ADA2023 @IldikoLingvay @ADA_DiabetesPro  https://t.co/ZXFTn3G7Ug",en,0,3,4,0,487,"<a href=""https://app.socialpilot.co/"" rel=""nofollow"">SocialPilot.co</a>",https://x.com/EndocrineToday/status/1673409568171257873,False,False,2026-04-08T21:29:55.598115+00:00
1673408889994244101,mounjaro_weight,mounjaro,weight,2023-06-26T19:12:24+00:00,FazzyMom,☀️Di☀️,@TampaBayGary Weight gain sucks. I’m there with you. When I mentioned it to my family dr she said here’s Mounjaro the new shot. I’ve lost 40 lbs so far and I’m just now had my first shot of the therapeutic dose. The first 3-4 months is loading dose. TikTok has a lot about it. https://t.co/6W5umTkP0H,en,1,0,1,0,204,"<a href=""http://twitter.com/download/iphone"" rel=""nofollow"">Twitter for iPhone</a>",https://x.com/FazzyMom/status/1673408889994244101,False,True,2026-04-08T21:29:55.599116+00:00
1673368868616650773,mounjaro_weight,mounjaro,weight,2023-06-26T16:33:22+00:00,soofriends,Donna J 🇺🇸 🏳️‍🌈 🌴,"@barrydeutsch @TomChivers @lazarwolfbk I'm taking Mounjaro for diabetes, I'm not obese. I'm on the lowest dose, and lost the appetite suppression about week 3. I'm wondering if that might be the issue. The dosage only goes so high. Will they have to manufacture higher and higher dosages for weight loss?",en,0,0,0,0,55,"<a href=""http://twitter.com/download/android"" rel=""nofollow"">Twitter for Android</a>",https://x.com/soofriends/status/1673368868616650773,False,True,2026-04-08T21:29:55.599116+00:00
1673093678754144257,mounjaro_weight,mounjaro,weight,2023-06-25T22:19:52+00:00,PracDiabetes,Practical Diabetes,"Findings from SURMOUNT-2, a study of tirzepatide in  people with T2DM who have obesity, were announced at ADA. The 938 trial participants lost an average of 15% of their starting body weight after 72  weeks of treatment. HbA1c was 8% at baseline and decreased to 5.9% #ADA2023",en,0,1,1,0,312,"<a href=""https://mobile.twitter.com"" rel=""nofollow"">Twitter Web App</a>",https://x.com/PracDiabetes/status/1673093678754144257,False,False,2026-04-08T21:29:55.599116+00:00
1672913892442271746,mounjaro_weight,mounjaro,weight,2023-06-25T10:25:27+00:00,ZhengpinZp,Dr. Paul Wang,"Lilly's injected drug Mounjaro helped people with type 2 diabetes who were also obese or overweight lose an average of 15% of their body weight, or 33 pounds (14.8 kg).",en,0,0,1,0,182,"<a href=""http://twitter.com/download/iphone"" rel=""nofollow"">Twitter for iPhone</a>",https://x.com/ZhengpinZp/status/1672913892442271746,False,False,2026-04-08T21:29:55.599116+00:00
1672676015590768640,mounjaro_weight,mounjaro,weight,2023-06-24T18:40:13+00:00,Ed_Realist,EdReal,"@JaeRagnarok @JimPethokoukis I did intermittent fasting. I still do, on Mounjaro. But without the drug, fasting weight loss stopped cold at 20 pounds.",en,0,0,1,0,198,"<a href=""https://mobile.twitter.com"" rel=""nofollow"">Twitter Web App</a>",https://x.com/Ed_Realist/status/1672676015590768640,False,True,2026-04-08T21:29:55.599116+00:00
1672669690039095298,mounjaro_weight,mounjaro,weight,2023-06-24T18:15:05+00:00,EndocrineToday,Endocrine Today,#ICYMI: Presented at #ADA2023: Adults with #obesity and type 2 #diabetes lost almost 15% of their body weight with a 2.1% HbA1c reduction at 72 weeks on 15 mg tirzepatide. @ADA_DiabetesPro  https://t.co/ZXFTn3G7Ug,en,0,0,1,0,345,"<a href=""https://app.socialpilot.co/"" rel=""nofollow"">SocialPilot.co</a>",https://x.com/EndocrineToday/status/1672669690039095298,False,False,2026-04-08T21:29:56.374558+00:00
1672644440253505537,mounjaro_weight,mounjaro,weight,2023-06-24T16:34:45+00:00,FlyrUsr,Flyr,"@Grimhood Less effective.   In clinical trials, tirzepatide was more effective for weight loss than Myalept. In one study, people who took Mounjaro lost an average of 15.3% of their body weight, while people who took Myalept lost an average of 5.8% of their body weight.",en,0,0,3,0,235,"<a href=""http://twitter.com/download/iphone"" rel=""nofollow"">Twitter for iPhone</a>",https://x.com/FlyrUsr/status/1672644440253505537,False,True,2026-04-08T21:29:56.374558+00:00
1672613072593207297,mounjaro_weight,mounjaro,weight,2023-06-24T14:30:06+00:00,EndocrineToday,Endocrine Today,"Adults with #obesity and type 2 #diabetes lost nearly 15% of their body weight with a 2.1% HbA1c reduction at 72 weeks on 15 mg tirzepatide, providing a new potential therapeutic option for that population. #ADA2023 @IldikoLingvay @ADA_DiabetesPro  https://t.co/ZXFTn3G7Ug",en,0,0,2,0,339,"<a href=""https://app.socialpilot.co/"" rel=""nofollow"">SocialPilot.co</a>",https://x.com/EndocrineToday/status/1672613072593207297,False,False,2026-04-08T21:29:56.374558+00:00
1672594995470127105,mounjaro_weight,mounjaro,weight,2023-06-24T13:18:16+00:00,Tellit007,Tellit Likeitis,"@CharismaKings Mmmmmm so those folks who burn more calories than they take in, first week on tirzepatide, dropping 5 pounds, that's not happening?",en,1,0,1,0,66,"<a href=""http://twitter.com/download/android"" rel=""nofollow"">Twitter for Android</a>",https://x.com/Tellit007/status/1672594995470127105,False,True,2026-04-08T21:29:56.374558+00:00
1672506479255887872,mounjaro_weight,mounjaro,weight,2023-06-24T07:26:32+00:00,JacobGudiol,Jacob Gudiol,"Ytterligare ett resultat 
""The overall average weight reduction in patients using tirzepatide was 14.8 kg or 33 pounds. The HbA1c was 8% at baseline and decreased to 5.9% at the end of study.""
https://t.co/IHPAmrEK83",en,1,0,3,0,7481,"<a href=""http://twitter.com/download/android"" rel=""nofollow"">Twitter for Android</a>",https://x.com/JacobGudiol/status/1672506479255887872,False,True,2026-04-08T21:29:56.375551+00:00
1672291537697251328,mounjaro_weight,mounjaro,weight,2023-06-23T17:12:26+00:00,LisaBro32278346,LBrown,"@KathyLovetro I would say yes to all of them.  If not Ozempic, Mounjaro.  One of those........Any women in her mid 50s that drops 10-20 lbs is doing something extra.......Kyle especially",en,0,0,0,0,97,"<a href=""https://mobile.twitter.com"" rel=""nofollow"">Twitter Web App</a>",https://x.com/LisaBro32278346/status/1672291537697251328,False,True,2026-04-08T21:29:56.375551+00:00
1672266227434258432,mounjaro_weight,mounjaro,weight,2023-06-23T15:31:52+00:00,MartyManley,Marty Manley (Bluesky @martymanley),"How GLP meds calm “food noise”. This is 100% my experience with Mounjaro, which caused me to immediately lose interest in coffee and alcohol, to say nothing of 75 pounds. 
 https://t.co/GuFYv5r3sJ",en,0,0,0,0,92,"<a href=""http://twitter.com/#!/download/ipad"" rel=""nofollow"">Twitter for iPad</a>",https://x.com/MartyManley/status/1672266227434258432,False,False,2026-04-08T21:29:56.375551+00:00
1672228144302915589,mounjaro_weight,mounjaro,weight,2023-06-23T13:00:32+00:00,beachnbubblegum,🧜🏼‍♀️,@_AnonHater_ I saw some info that mounjaro eliminates (somehow) the satisfaction of eating as well as appetite so eventually people get off of it so they can enjoy eating again. Such a wild approach for the creators to take when developing the medication.,en,0,0,0,0,5,"<a href=""https://mobile.twitter.com"" rel=""nofollow"">Twitter Web App</a>",https://x.com/beachnbubblegum/status/1672228144302915589,False,True,2026-04-08T21:29:56.375551+00:00
1672228008235614211,mounjaro_weight,mounjaro,weight,2023-06-23T13:00:00+00:00,InShapeMDSA,InShapeMDSanAngelo,"Struggling to control your appetite and manage your weight? Tirzepatide can help!

Contact us at #InShapeMDSanAngelo to schedule a free consultation and learn more about this powerful medication.

📲 (325) 227-4981
📌 3270 Sherwood Way, San Angelo, TX 76901 https://t.co/hZxibEoadb",en,0,0,3,0,51,"<a href=""https://mobile.twitter.com"" rel=""nofollow"">Twitter Web App</a>",https://x.com/InShapeMDSA/status/1672228008235614211,False,False,2026-04-08T21:29:56.375551+00:00
1672156855072706560,mounjaro_weight,mounjaro,weight,2023-06-23T08:17:16+00:00,CraigCCRNCEN,"Craig Button, RN",@Nursing_Heretic @blackqueeriroh @drmuhlheim Been on Mounjaro for DM.  Does wonders fot a1c but haven’t lost a pound.,en,0,0,0,0,108,"<a href=""http://twitter.com/download/iphone"" rel=""nofollow"">Twitter for iPhone</a>",https://x.com/CraigCCRNCEN/status/1672156855072706560,False,True,2026-04-08T21:29:56.375551+00:00
1672084428477149184,mounjaro_weight,mounjaro,weight,2023-06-23T03:29:28+00:00,bradsferguson,Bradford Ferguson,"DEFY GRAVITY🧗🏻

I’m down 100 pounds with Mounjaro📉 

Now our family climbs rock walls together. Thanks $LLY

My daughters are addicted to climbing. It’s a huge confidence booster for all of us. Simply amazing.

*not medical advice. dyor results may vary https://t.co/lA5GWUvsXn",en,22,6,118,0,15236,"<a href=""http://twitter.com/download/iphone"" rel=""nofollow"">Twitter for iPhone</a>",https://x.com/bradsferguson/status/1672084428477149184,False,False,2026-04-08T21:29:56.376549+00:00
1672057060907704322,mounjaro_weight,mounjaro,weight,2023-06-23T01:40:43+00:00,razor0133wife,Moose's mom,"@ScholerinED I have a crappy pancreas and while I lost maybe 1-2% on Ozempic. In 8 months on Mounjaro I've lost 20% and in the last 2 years I've lost a total of 26% with dietary changes and meds. I think bariatric surgery has it's place, but I think that it needs to be more selective again.",en,1,0,4,0,352,"<a href=""https://mobile.twitter.com"" rel=""nofollow"">Twitter Web App</a>",https://x.com/razor0133wife/status/1672057060907704322,False,True,2026-04-08T21:29:56.376549+00:00
1672046098951593989,mounjaro_weight,mounjaro,weight,2023-06-23T00:57:09+00:00,nowyoulikephil,Melon 🍈 Ated,"@FoodBevMedia @nypost Then i'm glad I didn't try ozympic I started on mounjaro, so far no side effects.  I'm stepped up to 10 MG a week 4th month, lost 13% of my body weight so far.",en,0,0,1,0,87,"<a href=""http://twitter.com/download/android"" rel=""nofollow"">Twitter for Android</a>",https://x.com/nowyoulikephil/status/1672046098951593989,False,True,2026-04-08T21:29:56.376549+00:00
1672001811664846849,mounjaro_weight,mounjaro,weight,2023-06-22T22:01:10+00:00,DrDave_99,Dave,I was recently diagnosed with Type 2 diabetes. On Monday I took my first injection of Mounjaro. My appetite almost immediately went down from say 100 to 10-20. It’s amazing. I feel full and am rarely hungry. Try to not eat late at night. I had some wicked early AM acid reflux.,en,11,0,32,0,2860,"<a href=""http://twitter.com/download/iphone"" rel=""nofollow"">Twitter for iPhone</a>",https://x.com/DrDave_99/status/1672001811664846849,False,False,2026-04-08T21:29:56.376549+00:00
1671334451064844289,mounjaro_weight,mounjaro,weight,2023-06-21T01:49:19+00:00,austxbarry,Turd Ferguson,@_AnonHater_ @nymustang89 @Mpharns I was diagnosed with T2D in December.  After 3 months taking Mounjaro my A1C went from 8.3 to 5.9.  And I lost over 20 lbs as well.  No side effects other than less appetite.,en,1,0,3,0,317,"<a href=""http://twitter.com/download/iphone"" rel=""nofollow"">Twitter for iPhone</a>",https://x.com/austxbarry/status/1671334451064844289,False,True,2026-04-08T21:29:56.376549+00:00
1671236729418788865,mounjaro_weight,mounjaro,weight,2023-06-20T19:21:01+00:00,RealTraderJill,TraderJill (Leigh),"Insurance companies are just as bad as Big Pharma. People are having trouble getting Ozempic, Wegovey, Mounjaro for weight loss because insurance won't cover them.

Obesity is the underlying cause of a host of conditions, so if they invest in patients slimming down then it could save them billions. So, why don't they?

Insulin resistance is especially an issue for women via hormonal changes and conditions like PCOS. Insurance companies claim it's behavioral and not a health condition. The thing is, sometimes it is.

90% of the health gurus out there are men, and men have an easier time shedding weight than women; it's a documented, scientific fact; thus, these men are obsessed with calories in/calories out, and that typically works all things being equal, but not all things are always equal. I've lost count of the men on here telling me, ""Just eat less and work out, and it melts off."" No, sir, it doesn't. Especially not for women with PCOS and those going through menopause, so stop acting like you understand a woman's body, because clearly, you don't.",en,10,9,67,2,7716,"<a href=""https://mobile.twitter.com"" rel=""nofollow"">Twitter Web App</a>",https://x.com/RealTraderJill/status/1671236729418788865,False,False,2026-04-08T21:29:56.376549+00:00
1671218551317839874,mounjaro_weight,mounjaro,weight,2023-06-20T18:08:47+00:00,lblee58,Larry Lee,I've just hit my first after losing 70 lbs. I think I caused my body to go into survival mode by not eating enough. The Mounjaro has shrunken my stomach to the point where it's hard to eat much at any sitting. I've begun eating healthy snacks to see if I can get back into fat burning mode.,en,1,0,1,0,374,"<a href=""https://mobile.twitter.com"" rel=""nofollow"">Twitter Web App</a>",https://x.com/lblee58/status/1671218551317839874,False,True,2026-04-08T21:29:56.376549+00:00
1671063483343839234,mounjaro_weight,mounjaro,weight,2023-06-20T07:52:35+00:00,mushidokugo,✝️,"@BenWestgate_ @Abuamerican Not tried Sema but Tirzepatide nuked my appetite beyond comprehension. 

Game changer for obese people but if you’re relatively fit just wanting a cheat code it’s not worth it 

Struggled to eat 800 cals per day",en,0,0,2,0,94,"<a href=""http://twitter.com/download/iphone"" rel=""nofollow"">Twitter for iPhone</a>",https://x.com/mushidokugo/status/1671063483343839234,False,True,2026-04-08T21:29:57.354847+00:00
1670867876993957908,mounjaro_weight,mounjaro,weight,2023-06-19T18:55:19+00:00,hayes_mcdole,Hayes McDole,"@dtex1961 @bagsfan75_Tony Metformin?
I was diagnosed with type 2 not quite a year ago. Put me on those damn pills. All they did was make me 💩. Around Christmas, doc put me on Mounjaro. I give myself a little shot in the belly every Saturday night. I'm down over 50 pounds now, and no more pills.",en,1,0,3,0,153,"<a href=""http://twitter.com/download/android"" rel=""nofollow"">Twitter for Android</a>",https://x.com/hayes_mcdole/status/1670867876993957908,False,True,2026-04-08T21:29:57.355846+00:00
1670530646958039046,mounjaro_weight,mounjaro,weight,2023-06-18T20:35:17+00:00,DUGHAWKS,Doug Gillespie,"Does anyone have personal experience or know someone who lost weight with #Mounjaro or similar, then came OFF the drug and kept the weight off or continued to lose for any relatively extended period of time (3 months or more). #mounjaro #tirzepatide #GLP1",en,0,0,0,0,161,"<a href=""https://mobile.twitter.com"" rel=""nofollow"">Twitter Web App</a>",https://x.com/DUGHAWKS/status/1670530646958039046,False,False,2026-04-08T21:29:57.355846+00:00
1670519464771698688,mounjaro_weight,mounjaro,weight,2023-06-18T19:50:51+00:00,JayCampbell333,Jay Campbell,"How many of you would like to make a transformation like Chris?

Limitless Life still has the world's #1 appetite suppressing and fat loss boosting peptide 🔥N-Acetyl-Tirzepatide-Amidate🔥 available!

A peptide that combined with 🔥Tesofensine🔥 produces the kind of insane transformations you see in the picture. https://t.co/734N50VsRb

If you want to find out how you too can make a similar transformation, I recommend you subscribe to my email list.

🫵 https://t.co/GrcIw52ICi

As a member of my FREE email newsletter, you will receive the most advanced biohacking content available in the 3rd Dimension.

In about 90 minutes, an email is going out providing you precise instructions on how to get your hands on both of these Golden Age Fat Loss Agents!",en,2,3,20,0,6444,"<a href=""https://mobile.twitter.com"" rel=""nofollow"">Twitter Web App</a>",https://x.com/JayCampbell333/status/1670519464771698688,False,False,2026-04-08T21:29:57.355846+00:00
1670268104750907392,mounjaro_weight,mounjaro,weight,2023-06-18T03:12:02+00:00,Tellit007,Tellit Likeitis,"@martykendall2 Tirzepatide raises insulin secretion. I lost 45lbs, mostly fat. So no.",en,2,0,2,0,478,"<a href=""http://twitter.com/download/android"" rel=""nofollow"">Twitter for Android</a>",https://x.com/Tellit007/status/1670268104750907392,False,True,2026-04-08T21:29:57.355846+00:00
1670126173513187328,mounjaro_weight,mounjaro,weight,2023-06-17T17:48:03+00:00,soofriends,Donna J 🇺🇸 🏳️‍🌈 🌴,"@genekasa54 @twitevit I am off the insulin!!! I'm taking Mounjaro. Also type 2, but not obese and the weight loss was starting to scare me. Then the appetite suppressant effect stopped and I can eat normally again. The blood sugar control is still fantastic.",en,1,0,0,0,86,"<a href=""http://twitter.com/download/android"" rel=""nofollow"">Twitter for Android</a>",https://x.com/soofriends/status/1670126173513187328,False,True,2026-04-08T21:29:57.355846+00:00
1669729090138701825,mounjaro_weight,mounjaro,weight,2023-06-16T15:30:11+00:00,ThePragmatist5,ThePragmatist 🇺🇸,@iWriterGirl Side note. I know several people who use ozempic &amp; mounjaro with great success. The 2 lessons are holy shit it’s amazing how little food we actually need to function normally and this needs to dominate your thoughts when you stop these drugs bc the appetite returns w/ a vengeance,en,0,0,3,0,106,"<a href=""http://twitter.com/download/iphone"" rel=""nofollow"">Twitter for iPhone</a>",https://x.com/ThePragmatist5/status/1669729090138701825,False,True,2026-04-08T21:29:57.355846+00:00
1669698822123954178,mounjaro_weight,mounjaro,weight,2023-06-16T13:29:55+00:00,soofriends,Donna J 🇺🇸 🏳️‍🌈 🌴,"@freya_gascoigne I have already seen that. Yesterday there was a post that said the appetite suppression was so wonderful that she thought she could fast for three days.  And it is true, I'm on Mounjaro for type 2 diabetes, there were times I forgot to eat.",en,1,0,0,0,71,"<a href=""http://twitter.com/download/android"" rel=""nofollow"">Twitter for Android</a>",https://x.com/soofriends/status/1669698822123954178,False,True,2026-04-08T21:29:57.355846+00:00
1669657203404308482,mounjaro_weight,mounjaro,weight,2023-06-16T10:44:32+00:00,icepicklist,NobodyImportant,@RealJayWilliams I also am putting Zion on Adipex &amp; Mounjaro. The former is a stimulant based weight drug that lessens one’s appetite  and the latter is a diabetes medication that off label use for weight loss has shown success.,en,1,0,0,0,116,"<a href=""http://twitter.com/download/iphone"" rel=""nofollow"">Twitter for iPhone</a>",https://x.com/icepicklist/status/1669657203404308482,False,False,2026-04-08T21:29:57.355846+00:00
1669517215094169602,mounjaro_weight,mounjaro,weight,2023-06-16T01:28:16+00:00,soofriends,Donna J 🇺🇸 🏳️‍🌈 🌴,"@KnotJeffGordon @GuardianJessica It's an appetite suppressant, and when you do eat, it makes you feel full much faster than before taking the drug. It's easy to starve yourself to lose the weight. That's how people are dropping the pounds. I say this as someone taking Mounjaro. But go ahead and lie to yourself.",en,2,0,0,0,84,"<a href=""http://twitter.com/download/android"" rel=""nofollow"">Twitter for Android</a>",https://x.com/soofriends/status/1669517215094169602,False,True,2026-04-08T21:29:57.355846+00:00
1669493231657140227,mounjaro_weight,mounjaro,weight,2023-06-15T23:52:58+00:00,soofriends,Donna J 🇺🇸 🏳️‍🌈 🌴,"@perrym59 @RuthMarcus Everyone tolerates them differently, so I don't want to get your hopes up, but I have been taking the lowest dose of Mounjaro for 4 months. My blood sugar remains steady at about 100. I lost 20lbs, but Mounjaro stopped working as an appetite suppressant.",en,1,0,0,0,54,"<a href=""http://twitter.com/download/android"" rel=""nofollow"">Twitter for Android</a>",https://x.com/soofriends/status/1669493231657140227,False,False,2026-04-08T21:29:57.355846+00:00
1669458312763518976,mounjaro_weight,mounjaro,weight,2023-06-15T21:34:13+00:00,soofriends,Donna J 🇺🇸 🏳️‍🌈 🌴,"@Ellen8286 @MovieHooligan This is how Mounjaro affected me. I lost my appetite and couldn't eat much more than about half what I normally had on my plate. Except, I'm not obese. I lost 20 lbs, and am fine with dropping a dress size, but was getting scared of losing more.",en,1,0,0,0,69,"<a href=""http://twitter.com/download/android"" rel=""nofollow"">Twitter for Android</a>",https://x.com/soofriends/status/1669458312763518976,False,True,2026-04-08T21:29:57.356840+00:00
1668989172202217475,mounjaro_weight,mounjaro,weight,2023-06-14T14:30:01+00:00,Norm_Alperson,Bea Arthur Paraglider Battalion,Went to a gym once and it smelled like a barn.. going to lose 80 pounds this year with Mounjaro and lisdexamphetamine from Mexico,en,0,0,0,0,81,"<a href=""http://twitter.com/download/android"" rel=""nofollow"">Twitter for Android</a>",https://x.com/Norm_Alperson/status/1668989172202217475,False,True,2026-04-08T21:29:57.356840+00:00
1668966520276373504,mounjaro_weight,mounjaro,weight,2023-06-14T13:00:00+00:00,InShapeMDSA,InShapeMDSanAngelo,"Hey San Angelo! Did you know that Tirzepatide is a new medication that can help with weight loss?
If you're struggling to shed those extra pounds, book an appointment with us to learn more!
https://t.co/yU4a0RAidT

#WeightLoss #InShapeMDSanAngelo #HealthyLiving #HealthyWeightLoss https://t.co/tFp3Skjyws",en,0,0,3,0,50,"<a href=""https://mobile.twitter.com"" rel=""nofollow"">Twitter Web App</a>",https://x.com/InShapeMDSA/status/1668966520276373504,False,False,2026-04-08T21:29:57.356840+00:00
1668888062808432640,mounjaro_weight,mounjaro,weight,2023-06-14T07:48:15+00:00,liamhodges_,Liam 📈,"Mounjaro Day 40. Gym 150. I think I’ve had 500 calories in 3 days. Appetite non existent. Zero sides. 

✅ WL: -15.5KG / -34.1lbs 

#Mounjaro #Ozempic",en,1,0,0,0,290,"<a href=""http://twitter.com/download/iphone"" rel=""nofollow"">Twitter for iPhone</a>",https://x.com/liamhodges_/status/1668888062808432640,False,True,2026-04-08T21:29:57.356840+00:00
1668710790789046276,mounjaro_weight,mounjaro,weight,2023-06-13T20:03:50+00:00,kaarinvestments,Kaar Investments,"In a Phase 3 clinical trial, tirzepatide was shown to be significantly more effective than a placebo at helping people lose weight. On average, participants who received tirzepatide lost 22.5% of their body weight, compared to 5.1% for those who received a placebo. $MRK",en,0,0,0,0,40,"<a href=""https://mobile.twitter.com"" rel=""nofollow"">Twitter Web App</a>",https://x.com/kaarinvestments/status/1668710790789046276,False,True,2026-04-08T21:29:57.356840+00:00
1668710787899072512,mounjaro_weight,mounjaro,weight,2023-06-13T20:03:49+00:00,kaarinvestments,Kaar Investments,"Tirzepatide is a once-weekly injection that works by combining two different types of GLP-1 and GIP receptor agonists, which are hormones that help to regulate appetite and metabolism. $MRK",en,1,0,0,0,53,"<a href=""https://mobile.twitter.com"" rel=""nofollow"">Twitter Web App</a>",https://x.com/kaarinvestments/status/1668710787899072512,False,True,2026-04-08T21:29:58.161644+00:00
1668350679574798337,mounjaro_weight,mounjaro,weight,2023-06-12T20:12:53+00:00,d_gingersnap,GingerSnap'd,@trixiemattel Mounjaro over Ozempic. It makes you feel full longer or not hungry at all. I've lost 40 lbs in less than 6 months. I still have more to go but it has been life-changing for me and my insanely sluggish metabolism. (My body thinks it's a French peasant in the 1780s),en,1,0,14,0,3078,"<a href=""http://twitter.com/download/android"" rel=""nofollow"">Twitter for Android</a>",https://x.com/d_gingersnap/status/1668350679574798337,False,True,2026-04-08T21:29:58.161644+00:00
1668250914325667843,mounjaro_weight,mounjaro,weight,2023-06-12T13:36:27+00:00,Ed_Realist,EdReal,"@mat_okla @RuthMarcus Why? I've lost 34 pounds on Mounjaro (total of 50, the first 20 on my own) and there's no question that the same low caloric intake resulted in weight loss only when accompanied by the drug. So why pretend could have lost weight without it--much less keep it off?",en,0,0,1,0,114,"<a href=""https://mobile.twitter.com"" rel=""nofollow"">Twitter Web App</a>",https://x.com/Ed_Realist/status/1668250914325667843,False,True,2026-04-08T21:29:58.162642+00:00
1667997917192257542,mounjaro_weight,mounjaro,weight,2023-06-11T20:51:08+00:00,CharissesPcs_,Big Okra 💦,@DesireMyEmpire I’m on mounjaro girl and if I’m not nauseous I have no appetite lol so I’m just winging it,en,1,0,0,0,32,"<a href=""http://twitter.com/download/iphone"" rel=""nofollow"">Twitter for iPhone</a>",https://x.com/CharissesPcs_/status/1667997917192257542,False,True,2026-04-08T21:29:58.162642+00:00
1667569931162984453,mounjaro_weight,mounjaro,weight,2023-06-10T16:30:28+00:00,Anders_Research,Anders,"@SickEconomics Agree on $NVO pipeline—CagriSema , for one, looks like it could be on par with Mounjaro effocacy.

Very curious: When we say Mounjaro is “too powerful”, does that mean losing too much weight too fast, curbing appetite too much, or what exactly?",en,1,0,0,0,137,"<a href=""http://twitter.com/download/iphone"" rel=""nofollow"">Twitter for iPhone</a>",https://x.com/Anders_Research/status/1667569931162984453,False,True,2026-04-08T21:29:58.163637+00:00
1667447976036564992,mounjaro_weight,mounjaro,weight,2023-06-10T08:25:51+00:00,JennMomMSW,Jennifer,"@MichaelAlbertMD No. I've lost 86 lb in 9 mo thanks to veganism &amp; Mounjaro (soon switching to compound). I've reversed major problems w/ lipids, sugars, severe sleep apnea. Risks of obesity are much greater than risks of this compound. It shouldn't be available only to the rich. My doc DOES care.",en,0,0,6,0,352,"<a href=""http://twitter.com/download/android"" rel=""nofollow"">Twitter for Android</a>",https://x.com/JennMomMSW/status/1667447976036564992,False,True,2026-04-08T21:29:58.163637+00:00
1666996172269969408,mounjaro_weight,mounjaro,weight,2023-06-09T02:30:33+00:00,radar_online,Radar Online,"In a shockingly candid moment, the NBA legend confessed to an interviewer he's dropped some 60 pounds over the last six months by taking once-weekly injections of the diabetes drug Mounjaro. https://t.co/A1lOPAlPxA",en,0,2,2,0,1544,"<a href=""http://erased26905123_nfCi9q2K5E.com"" rel=""nofollow"">erased26905123_nfCi9q2K5E</a>",https://x.com/radar_online/status/1666996172269969408,False,False,2026-04-08T21:29:58.163637+00:00
1666930278126821383,mounjaro_weight,mounjaro,weight,2023-06-08T22:08:43+00:00,FazzyMom,☀️Di☀️,@CHILL_MONGER_ That’s great! How did you do it? I’m on a weight loss journey of my own. Lost 58 lbs so far. Taking mounjaro.,en,1,0,7,0,211,"<a href=""http://twitter.com/download/iphone"" rel=""nofollow"">Twitter for iPhone</a>",https://x.com/FazzyMom/status/1666930278126821383,False,True,2026-04-08T21:29:58.163637+00:00
1666848068459958272,mounjaro_weight,mounjaro,weight,2023-06-08T16:42:02+00:00,rkm_lb,LB_Strong 👑🤴👸🏻,@LadyJustice4512 Congratulations! I’ve had great outcome with Mounjaro. My Dr took pity after I put on 20+ lbs after menopause. All my best efforts had zero impact until she prescribed Mounjaro (I also had pre-diabetes A1C) and now happily at my weight goal 😀,en,1,0,2,0,141,"<a href=""http://twitter.com/download/iphone"" rel=""nofollow"">Twitter for iPhone</a>",https://x.com/rkm_lb/status/1666848068459958272,False,True,2026-04-08T21:29:58.164634+00:00
1666604824048041986,mounjaro_weight,mounjaro,weight,2023-06-08T00:35:28+00:00,dcsteve5,Stephen,"“Patients lost over 25 pounds on average**” 

*Mounjaro is not a weight loss drug https://t.co/5jgBZbUo3r",en,0,0,1,0,109,"<a href=""http://twitter.com/download/iphone"" rel=""nofollow"">Twitter for iPhone</a>",https://x.com/dcsteve5/status/1666604824048041986,False,True,2026-04-08T21:29:58.164634+00:00
1666461850123239424,mounjaro_weight,mounjaro,weight,2023-06-07T15:07:21+00:00,novemberrskye,Nova,@KPlorable @jimbovelure @RockAppleWood @DoctorTro I lost 98lbs on keto and kept most of it off for about 4 years but fell off the wagon and slowly put most of it back on. I’ve struggled to start keto again for a couple years now and also recently diagnosed pre-diabetic. I’m hoping Mounjaro can help me get back on track w/keto,en,1,0,1,0,222,"<a href=""http://twitter.com/download/iphone"" rel=""nofollow"">Twitter for iPhone</a>",https://x.com/novemberrskye/status/1666461850123239424,False,True,2026-04-08T21:29:58.164634+00:00
1666446415579447298,mounjaro_weight,mounjaro,weight,2023-06-07T14:06:01+00:00,KPlorable,Un-nudgeable,"@RockAppleWood @DoctorTro Was keto for 4 plus years. Intermittent fasting as well. Weight and A1c continued to creep. 
Eating the same now. But with mounjaro. Down 65 pounds. 
Also sleeping thru the night for the first time in a decade. Another bonus.",en,4,0,8,0,1622,"<a href=""http://twitter.com/download/iphone"" rel=""nofollow"">Twitter for iPhone</a>",https://x.com/KPlorable/status/1666446415579447298,False,True,2026-04-08T21:29:59.220758+00:00
1666391720563552256,mounjaro_weight,mounjaro,weight,2023-06-07T10:28:40+00:00,bilbyoh,Thenlightenedone,@RoverRadio I'm on mounjaro 5 mg since October. I wait. Started out at 370 lbs and I am now at 240 lbs. I only crapped myself once lol,en,0,0,0,0,56,"<a href=""http://twitter.com/download/android"" rel=""nofollow"">Twitter for Android</a>",https://x.com/bilbyoh/status/1666391720563552256,False,False,2026-04-08T21:29:59.220758+00:00
1666141362083844097,mounjaro_weight,mounjaro,weight,2023-06-06T17:53:50+00:00,msalexandriae,LAVISH,"Now is the time to shed the extra pounds. Buy your Lipotropic injections and your weight loss perception like Mounjaro and Ozempic today!!! ✨
Link: https://t.co/4z3pjn91dt https://t.co/BOKrg4QY76",en,1,1,7,0,16963,"<a href=""http://twitter.com/download/iphone"" rel=""nofollow"">Twitter for iPhone</a>",https://x.com/msalexandriae/status/1666141362083844097,False,True,2026-04-08T21:29:59.220758+00:00
1666064373830361090,mounjaro_weight,mounjaro,weight,2023-06-06T12:47:55+00:00,ChibuOnwurah,Chibuzor,"@DrBrandonPettke Yesterday I watched a Youtube video on how Charles Barkley lost so much weight through intermittent fasting and the drug Mounjaro.

I was so intrigued and planned to research it in detail later.

Thanks for this thread Dr. You saved me from that work and shared good advice.",en,1,0,2,0,393,"<a href=""https://mobile.twitter.com"" rel=""nofollow"">Twitter Web App</a>",https://x.com/ChibuOnwurah/status/1666064373830361090,False,True,2026-04-08T21:29:59.220758+00:00
1665953184043487233,mounjaro_weight,mounjaro,weight,2023-06-06T05:26:05+00:00,getderb,Shooter 7chains McGavin,@0xstormborn @bigdsenpai @jebus911 @dcfgod @pepeDRT mounjaro is brand name generic tirzepatide.  used to lower insulin and cause weight loss due to appetite supression. gotta start like 2.5mg.,en,1,0,5,0,164,"<a href=""http://twitter.com/download/android"" rel=""nofollow"">Twitter for Android</a>",https://x.com/getderb/status/1665953184043487233,False,True,2026-04-08T21:29:59.221754+00:00
1665900500208824321,mounjaro_weight,mounjaro,weight,2023-06-06T01:56:44+00:00,razor0133wife,Moose's mom,@KeriCrewsonMD Go you!  I've lost 70 lbs! It's also made it so my blood sugars don't drop like a rock so much anymore. So any stabilization of that is a good thing.  Strong work! #mounjaro,en,1,0,3,0,592,"<a href=""https://mobile.twitter.com"" rel=""nofollow"">Twitter Web App</a>",https://x.com/razor0133wife/status/1665900500208824321,False,True,2026-04-08T21:29:59.221754+00:00
1665756312687214599,mounjaro_weight,mounjaro,weight,2023-06-05T16:23:47+00:00,GinaLawriw,Gina Lawriw,"Caroline Manzo's Daughter Lauren Drops 80 Pounds, Credits Weight Loss Drug Mounjaro for Last 30 https://t.co/Ro8bdOdEng",en,0,0,0,0,31,"<a href=""https://mobile.twitter.com"" rel=""nofollow"">Twitter Web App</a>",https://x.com/GinaLawriw/status/1665756312687214599,False,False,2026-04-08T21:29:59.221754+00:00
1665613087582441472,mounjaro_weight,mounjaro,weight,2023-06-05T06:54:40+00:00,lalalauren9173,"Lauren, RN",Haven’t done a Mounjaro update for a while. Officially 68 lbs down. It’s a miracle drug,en,3,0,1,0,551,"<a href=""http://twitter.com/download/iphone"" rel=""nofollow"">Twitter for iPhone</a>",https://x.com/lalalauren9173/status/1665613087582441472,False,False,2026-04-08T21:29:59.221754+00:00
1612534084491792385,mounjaro_weight,mounjaro,weight,2023-01-09T19:37:39+00:00,lalalauren9173,"Lauren, RN",7.5 mg now https://t.co/7gaVlSgoU9,en,0,0,0,1,644,"<a href=""http://twitter.com/download/iphone"" rel=""nofollow"">Twitter for iPhone</a>",https://x.com/lalalauren9173/status/1612534084491792385,False,False,2026-04-08T21:29:59.221754+00:00
1665592492941537280,mounjaro_weight,mounjaro,weight,2023-06-05T05:32:50+00:00,MartyManley,Marty Manley (Bluesky @martymanley),"Excellent discussion of Mounjaro and addiction. I have taken it weekly for 10 months and lost 75 lbs. After one dose, I lost all interest in coffee and wine. I am in France and occasionally taste wine and have an espresso, but drink neither routinely. Odd. https://t.co/rBTLOOtoKE",en,0,0,0,0,173,"<a href=""http://twitter.com/#!/download/ipad"" rel=""nofollow"">Twitter for iPad</a>",https://x.com/MartyManley/status/1665592492941537280,False,False,2026-04-08T21:29:59.221754+00:00
1665363234323324928,mounjaro_weight,mounjaro,weight,2023-06-04T14:21:50+00:00,helpYOUgetGAINS,#HelpYouGetGAINS,Tampa Bay area woman shares weight loss journey after shedding 182 pounds using Mounjaro https://t.co/q8lncTUol8,en,0,0,0,0,19,"<a href=""http://twitter.com/download/iphone"" rel=""nofollow"">Twitter for iPhone</a>",https://x.com/helpYOUgetGAINS/status/1665363234323324928,False,False,2026-04-08T21:29:59.221754+00:00
1665309176778588160,mounjaro_weight,mounjaro,weight,2023-06-04T10:47:02+00:00,danstpeter,Dan St. Peter ,Tampa Bay area woman shares weight loss journey after shedding 182 pounds using Mounjaro – https://t.co/qf1faPTJqF,en,0,0,0,0,62,"<a href=""http://itunes.apple.com/us/app/twitter/id409789998?mt=12"" rel=""nofollow"">Twitter for Mac</a>",https://x.com/danstpeter/status/1665309176778588160,False,False,2026-04-08T21:29:59.221754+00:00
1665238877387235328,mounjaro_weight,mounjaro,weight,2023-06-04T06:07:41+00:00,liamhodges_,Liam 📈,"Mounjaro Day 30. Break 2. Gym 140. Did football in the park yesterday, faster and lighter. Great workout in this heat. Appetite was there as no shot. Stuck to principles lots of water, less food. Filled my order today so will Jab tonight. #Mounjaro #Ozempic",en,1,0,1,0,285,"<a href=""http://twitter.com/download/iphone"" rel=""nofollow"">Twitter for iPhone</a>",https://x.com/liamhodges_/status/1665238877387235328,False,True,2026-04-08T21:29:59.222753+00:00
1665145305476595716,mounjaro_weight,mounjaro,weight,2023-06-03T23:55:52+00:00,Tellit007,Tellit Likeitis,@MarkBski I lost 50lbs (which is all I needed to lose) using tirzepatide. I can eat anything I want. Tirzepatide just makes you not overconsume. No need for disordered eating like carnivore.,en,1,0,2,0,63,"<a href=""http://twitter.com/download/android"" rel=""nofollow"">Twitter for Android</a>",https://x.com/Tellit007/status/1665145305476595716,False,True,2026-04-08T21:29:59.222753+00:00
1665016177804943363,mounjaro_weight,mounjaro,weight,2023-06-03T15:22:45+00:00,ClellandJean,Jean Clelland-Morin,Tampa Bay area woman shares weight loss journey after shedding 182 pounds using Mounjaro https://t.co/jzxzpKNTG9,en,1,0,0,0,78,"<a href=""https://mobile.twitter.com"" rel=""nofollow"">Twitter Web App</a>",https://x.com/ClellandJean/status/1665016177804943363,False,False,2026-04-08T21:29:59.222753+00:00
1664861904064356352,mounjaro_weight,mounjaro,weight,2023-06-03T05:09:44+00:00,heavenlyjaded,Queen of Arkham,"@The_buh_buh @notcapnamerica I lost 60 pounds and I don't have to take my diabetes meds anymore! But I am on the one for diabetics, mounjaro. But I got my in laws on ozempic and they love it, they have been in it for 4months and have seen some results",en,1,0,2,0,175,"<a href=""http://twitter.com/download/android"" rel=""nofollow"">Twitter for Android</a>",https://x.com/heavenlyjaded/status/1664861904064356352,False,True,2026-04-08T21:29:59.222753+00:00
1664841457344172036,mounjaro_weight,mounjaro,weight,2023-06-03T03:48:29+00:00,RockitBill,Bill Kallus,Tampa Bay area woman shares weight loss journey after shedding 182 pounds using Mounjaro. #BayfrontHealth https://t.co/RYU7faWtm7,en,0,0,0,0,82,"<a href=""https://mobile.twitter.com"" rel=""nofollow"">Twitter Web App</a>",https://x.com/RockitBill/status/1664841457344172036,False,False,2026-04-08T21:29:59.222753+00:00
1664785444666744832,mounjaro_weight,mounjaro,weight,2023-06-03T00:05:54+00:00,LisaPandone,Lisa Pandone-Benson ✡️,Yeah but I bet you would take MOUNJARO to loss 20 lbs if given the opportunity.  Do you take antibiotics?,en,0,0,0,0,264,"<a href=""http://twitter.com/download/iphone"" rel=""nofollow"">Twitter for iPhone</a>",https://x.com/LisaPandone/status/1664785444666744832,False,False,2026-04-08T21:29:59.223753+00:00
1664184440564912131,mounjaro_weight,mounjaro,weight,2023-06-01T08:17:44+00:00,moonlightami,adriana,"I had been going to my doctor for 25 years. I was in at 21 days in an induced coma in 2013. I decided that I was not going to take a magic jab because I wasn’t certain what that would do to me. When I spoke to my doctor, he said and I quote we’ve got Astrazeneca now so I don’t see any doctors any more. I don’t trust any GPs",en,52,39,438,8,98130,"<a href=""http://twitter.com/download/iphone"" rel=""nofollow"">Twitter for iPhone</a>",https://x.com/moonlightami/status/1664184440564912131,False,True,2026-04-08T21:29:59.223753+00:00
1664719876970143747,mounjaro_weight,mounjaro,weight,2023-06-02T19:45:22+00:00,_AnonHater_,Anon Hater,"Mounjaro update:

I’ve only lost 2lbs this week. BUT I need to remind myself that this isn’t some miracle drug and 2lbs is still good. My hunger has increased this week. ZERO nausea and heartburn. My blood sugars have been in the 180s and this last week they’ve been 120 or less.",en,8,0,27,0,2999,"<a href=""http://twitter.com/download/iphone"" rel=""nofollow"">Twitter for iPhone</a>",https://x.com/_AnonHater_/status/1664719876970143747,False,False,2026-04-08T21:30:00.222469+00:00
1664712595821961217,mounjaro_weight,mounjaro,weight,2023-06-02T19:16:26+00:00,TheRuntSquad,Krysti Harris/Walz 💙 🏳️‍🌈💙,Today is one week that I've been on Mounjaro and I've lost exactly 10 pounds. #Mounjaro,en,1,0,12,0,806,"<a href=""http://twitter.com/download/android"" rel=""nofollow"">Twitter for Android</a>",https://x.com/TheRuntSquad/status/1664712595821961217,False,False,2026-04-08T21:30:00.222469+00:00
1664688376795070486,mounjaro_weight,mounjaro,weight,2023-06-02T17:40:12+00:00,blubber_bones,🦴💀🔥blubber_bones 🔥💀🦴,Charles Barkley loses 62 pounds after taking weight-loss drug Mounjaro https://t.co/tCcDomgGJr via @YouTube,en,0,0,1,0,162,"<a href=""https://mobile.twitter.com"" rel=""nofollow"">Twitter Web App</a>",https://x.com/blubber_bones/status/1664688376795070486,False,False,2026-04-08T21:30:00.222469+00:00
1664637541696380928,mounjaro_weight,mounjaro,weight,2023-06-02T14:18:12+00:00,zebra6331,HoosierRef65,@DailyCaller He's lost a lot of weight on Mounjaro---that should have equaled out the thin air!,en,0,0,0,0,130,"<a href=""https://mobile.twitter.com"" rel=""nofollow"">Twitter Web App</a>",https://x.com/zebra6331/status/1664637541696380928,False,True,2026-04-08T21:30:00.222469+00:00
1664326150271959041,mounjaro_weight,mounjaro,weight,2023-06-01T17:40:50+00:00,oldlabbat,Ruby,@CastAwayOne1 A lot of people are using Mounjaro. My jabbed coworkers were gaining weight and now they have lost fat and muscle on Mounjaro. What’s another injection? They don’t care! https://t.co/fE8F0ksEUC,en,0,0,0,0,20,"<a href=""http://twitter.com/download/iphone"" rel=""nofollow"">Twitter for iPhone</a>",https://x.com/oldlabbat/status/1664326150271959041,False,True,2026-04-08T21:30:00.223465+00:00
1664093955560988673,mounjaro_weight,mounjaro,weight,2023-06-01T02:18:11+00:00,TAMMYJANE126,Super Starr,"Read ""Charles Barkley loses 62 pounds after taking weight-loss drug Mounjaro"" on SmartNews: https://t.co/KSCBhCAQGC #SmartNews",en,0,0,0,0,202,"<a href=""http://twitter.com/download/android"" rel=""nofollow"">Twitter for Android</a>",https://x.com/TAMMYJANE126/status/1664093955560988673,False,False,2026-04-08T21:30:00.223465+00:00
1664071845799157760,mounjaro_weight,mounjaro,weight,2023-06-01T00:50:19+00:00,donna_lenarz,"Donna LeNarz, RN, BSN",Charles Barkley Has Lost 62 Lbs. with the Help of Mounjaro https://t.co/aCzdf6QAC0,en,0,0,2,1,138,"<a href=""http://twitter.com/download/iphone"" rel=""nofollow"">Twitter for iPhone</a>",https://x.com/donna_lenarz/status/1664071845799157760,False,False,2026-04-08T21:30:00.223465+00:00
1664003155569328130,mounjaro_weight,mounjaro,weight,2023-05-31T20:17:22+00:00,lipstickalley,Lipstick Alley,Charles Barkley says he's lost 62 pounds on Ozempic competitor Mounjaro and hopes he'll now live longer https://t.co/LK7Vww8kw6 https://t.co/U21MUe1HuJ,en,0,0,1,0,751,"<a href=""https://mobile.twitter.com"" rel=""nofollow"">Twitter Web App</a>",https://x.com/lipstickalley/status/1664003155569328130,False,False,2026-04-08T21:30:00.223465+00:00
1663919865659310081,mounjaro_weight,mounjaro,weight,2023-05-31T14:46:24+00:00,InfinitusCap,Infinitus Capital,"Hilarious #NBA TV host --------&gt; Charles Barkley 
loses  -----------&gt;  62 pounds after taking weight-loss drug #Mounjaro 

.
https://t.co/PinWAvk0UN",en,0,0,1,0,298,"<a href=""https://mobile.twitter.com"" rel=""nofollow"">Twitter Web App</a>",https://x.com/InfinitusCap/status/1663919865659310081,False,False,2026-04-08T21:30:00.223465+00:00
1663912184676532228,mounjaro_weight,mounjaro,weight,2023-05-31T14:15:53+00:00,MatthewMcCall,Matt McCall,"Hey @NBAonTNT I hope Chuck also invested in the 2 companies behind the weight loss drugs...

$LLY and $NVO

Charles Barkley loses 62 pounds after taking weight-loss drug Mounjaro https://t.co/lixGmOXhSf via @nypostsports",en,0,0,0,0,879,"<a href=""https://mobile.twitter.com"" rel=""nofollow"">Twitter Web App</a>",https://x.com/MatthewMcCall/status/1663912184676532228,False,False,2026-04-08T21:30:00.224462+00:00
1663909241696972802,mounjaro_weight,mounjaro,weight,2023-05-31T14:04:11+00:00,MatthewMcCall,Matt McCall,"Okay Chuck!

Even the Round Mound of Rebound is getting into the trend.

Investors cannot ignore the results.

$LLY $NVO 

Charles Barkley loses 62 pounds after taking weight-loss drug Mounjaro https://t.co/lixGmOXhSf via @nypostsports",en,0,0,1,0,893,"<a href=""https://mobile.twitter.com"" rel=""nofollow"">Twitter Web App</a>",https://x.com/MatthewMcCall/status/1663909241696972802,False,False,2026-04-08T21:30:00.224462+00:00
1663884394472394756,mounjaro_weight,mounjaro,weight,2023-05-31T12:25:27+00:00,bfrazier65,Bill Frazier,Charles Barkley loses 62 pounds after taking weight-loss drug Mounjaro https://t.co/T2sXSveFP7 via @nypostsports,en,0,0,0,0,111,"<a href=""https://mobile.twitter.com"" rel=""nofollow"">Twitter Web App</a>",https://x.com/bfrazier65/status/1663884394472394756,False,False,2026-04-08T21:30:00.224462+00:00
1663872257314226177,mounjaro_weight,mounjaro,weight,2023-05-31T11:37:14+00:00,nadeemansary,Nadeem Ansari FCIM F IDM,Charles Barkley says he's lost 62 pounds on Ozempic competitor Mounjaro and hopes he'll now live longer https://t.co/fqZLdVoaAt,en,0,0,0,0,102,"<a href=""https://ifttt.com"" rel=""nofollow"">IFTTT</a>",https://x.com/nadeemansary/status/1663872257314226177,False,False,2026-04-08T21:30:00.224462+00:00
1663872245427580928,mounjaro_weight,mounjaro,weight,2023-05-31T11:37:11+00:00,thisisinsider,Insider,Charles Barkley says he's lost 62 pounds on Ozempic competitor Mounjaro and hopes he'll now live longer https://t.co/fIhW6duYiU,en,0,1,4,1,9192,"<a href=""http://www.socialflow.com"" rel=""nofollow"">SocialFlow</a>",https://x.com/thisisinsider/status/1663872245427580928,False,False,2026-04-08T21:30:00.224462+00:00
1664496604022284288,mounjaro_weight,mounjaro,weight,2023-06-02T04:58:09+00:00,PearlF,Pearl Freier,"Charles Barkley discussed his weight loss regimen recently on talk shows including ""I'm working out, I'm taking my shot once a week,"" &amp; he said he's taking Mounjaro [Eli Lilly's drug}. He was 352 lbs. https://t.co/4nzVYzrO11",en,1,2,8,0,3645,"<a href=""https://mobile.twitter.com"" rel=""nofollow"">Twitter Web App</a>",https://x.com/PearlF/status/1664496604022284288,False,False,2026-04-08T21:30:00.224462+00:00
1663867837008470017,mounjaro_weight,mounjaro,weight,2023-05-31T11:19:40+00:00,reedyoung78,Tony west,Charles Barkley loses 62 pounds after taking weight-loss drug Mounjaro #NewsBreak https://t.co/Ndu0QtRSqR,en,0,0,0,0,11,"<a href=""http://twitter.com/download/iphone"" rel=""nofollow"">Twitter for iPhone</a>",https://x.com/reedyoung78/status/1663867837008470017,False,False,2026-04-08T21:30:01.181415+00:00
1663866940601802753,mounjaro_weight,mounjaro,weight,2023-05-31T11:16:06+00:00,HealthInsider,Insider Healthcare,Charles Barkley says he's lost 62 pounds on Ozempic competitor Mounjaro and hopes he'll now live longer https://t.co/zw0REPQs8A,en,0,0,0,0,282,"<a href=""http://www.socialflow.com"" rel=""nofollow"">SocialFlow</a>",https://x.com/HealthInsider/status/1663866940601802753,False,False,2026-04-08T21:30:01.181415+00:00
1663863539734306816,mounjaro_weight,mounjaro,weight,2023-05-31T11:02:35+00:00,jerryeswon,Jerry Swon NJ,Charles Barkley says he's lost 62 pounds on Ozempic competitor Mounjaro and hopes he'll now live longer https://t.co/RS8D2lSjuO,en,0,0,0,0,156,"<a href=""https://ifttt.com"" rel=""nofollow"">IFTTT</a>",https://x.com/jerryeswon/status/1663863539734306816,False,False,2026-04-08T21:30:01.181415+00:00
1663810700127641600,mounjaro_weight,mounjaro,weight,2023-05-31T07:32:37+00:00,EricaGalvin3,Erica Galvin,"SoulwellPublish: Charles Barkley: I Lost 62 Pounds by Getting Mounjaro Shot, ‘Working Out’ Feeling good. Charles Barkley revealed how he lost more than 60 pounds in six months following a doctor-prescribed regimen. Celebrities' Weight Loss and Transforma… https://t.co/YqIVqMgsK6",en,0,0,0,0,85,"<a href=""https://ifttt.com"" rel=""nofollow"">IFTTT</a>",https://x.com/EricaGalvin3/status/1663810700127641600,False,False,2026-04-08T21:30:01.181415+00:00
1663776153117794304,mounjaro_weight,mounjaro,weight,2023-05-31T05:15:21+00:00,gunawardena_s,Yamani S Gunawardena,@DrNadolsky I know of someone who  lost 50 Ib on Mounjaro &amp; able yo do vertical leg press more than my own body weight !,en,0,0,0,0,851,"<a href=""http://twitter.com/download/iphone"" rel=""nofollow"">Twitter for iPhone</a>",https://x.com/gunawardena_s/status/1663776153117794304,False,True,2026-04-08T21:30:01.182410+00:00
1663772561472212993,mounjaro_weight,mounjaro,weight,2023-05-31T05:01:04+00:00,nypostsports,New York Post Sports,Charles Barkley loses 62 pounds after taking weight-loss drug Mounjaro https://t.co/hRLkk3TLMh https://t.co/VF2fqrWZVk,en,0,0,4,0,3235,"<a href=""http://www.socialflow.com"" rel=""nofollow"">SocialFlow</a>",https://x.com/nypostsports/status/1663772561472212993,False,False,2026-04-08T21:30:01.182410+00:00
1663762615800143873,mounjaro_weight,mounjaro,weight,2023-05-31T04:21:33+00:00,Dominic00719779,Dominick,Charles Barkley loses 62 pounds after taking weight-loss drug Mounjaro https://t.co/z7sa0FeodB via @nypostsports,en,0,0,0,0,56,"<a href=""http://twitter.com/download/android"" rel=""nofollow"">Twitter for Android</a>",https://x.com/Dominic00719779/status/1663762615800143873,False,False,2026-04-08T21:30:01.182410+00:00
1663759120946589697,mounjaro_weight,mounjaro,weight,2023-05-31T04:07:40+00:00,gurl_louisiana,Louisiana Gurl,"Charles Barkley loses 62 pounds after taking drug Mounjaro
  "" I have zero idea what this drug does"".  Barkley being Barkley.  He also states he wants to live.  His doctor sounds way cool.  https://t.co/GUCFz686vW",en,0,0,0,0,105,"<a href=""http://twitter.com/#!/download/ipad"" rel=""nofollow"">Twitter for iPad</a>",https://x.com/gurl_louisiana/status/1663759120946589697,False,False,2026-04-08T21:30:01.182410+00:00
1663755484032057345,mounjaro_weight,mounjaro,weight,2023-05-31T03:53:13+00:00,sven_piek,Sven Peake,"@nicunurselifee I started on Mounjaro about 8 weeks ago. I've lost 16lbs so far--not as dramatic or as fast as I'd have wanted, but I'll take it. It's changed my relationship with food and given me real hope. Do I wish I could do it w/o meds? Of course. Have I been able to do it w/o meds? No.",en,2,0,3,0,546,"<a href=""https://mobile.twitter.com"" rel=""nofollow"">Twitter Web App</a>",https://x.com/sven_piek/status/1663755484032057345,False,False,2026-04-08T21:30:01.182410+00:00
1663725168324390912,mounjaro_weight,mounjaro,weight,2023-05-31T01:52:45+00:00,tmcgregorchina,Tom Pauken II.,Charles Barkley loses 62 pounds after taking weight-loss drug Mounjaro https://t.co/XHtQBCHz0E via @nypostsports,en,0,0,0,0,106,"<a href=""https://mobile.twitter.com"" rel=""nofollow"">Twitter Web App</a>",https://x.com/tmcgregorchina/status/1663725168324390912,False,False,2026-04-08T21:30:01.182410+00:00
1663717330063597568,mounjaro_weight,mounjaro,weight,2023-05-31T01:21:36+00:00,Health_Plaza,Healthy Living,Charles Barkley loses 62 pounds after taking weight-loss drug Mounjaro - New York Post https://t.co/MStL4np7du,en,0,0,0,0,112,"<a href=""https://dlvrit.com/"" rel=""nofollow"">dlvr.it</a>",https://x.com/Health_Plaza/status/1663717330063597568,False,False,2026-04-08T21:30:01.182410+00:00
1663716690427781125,mounjaro_weight,mounjaro,weight,2023-05-31T01:19:04+00:00,SportsmanBro,Sportsman Bro,"Charles Barkley loses 62 lbspicture: Pete Highlights / YouTube During an appearance on ""The Pat McAfee Show,"" Sixers and Suns legend Charles Barkley revealed that he's dropped more than 60 pounds since he started taking the weight-loss drug Mounjaro.“I

https://t.co/tTnDZFw5dw https://t.co/5zF5JADhU0",en,0,0,0,0,219,"<a href=""https://www.blog2social.com"" rel=""nofollow"">Blog2Social APP</a>",https://x.com/SportsmanBro/status/1663716690427781125,False,False,2026-04-08T21:30:01.182410+00:00
1663699421970722817,mounjaro_weight,mounjaro,weight,2023-05-31T00:10:26+00:00,GabeCCanales,Gabe Canales,"Charles Barkley loses 62 pounds after taking weight-loss drug Mounjaro💉
-Barkley admits he doesn’t know how it works, “I have zero idea.[My doctor] did say that she wanted me to eat a little bit better…but I got zero idea what the hell this drug does.” https://t.co/HkLbdKuCeV",en,0,0,0,0,112,"<a href=""http://twitter.com/download/iphone"" rel=""nofollow"">Twitter for iPhone</a>",https://x.com/GabeCCanales/status/1663699421970722817,False,False,2026-04-08T21:30:01.182410+00:00
1663686239021826048,mounjaro_weight,mounjaro,weight,2023-05-30T23:18:03+00:00,noto_sports,NOTO Sports,Charles Barkley uses drug 'Mounjaro' for losing 62 pounds: Looking at his transformation &amp; substance used #NBA #Basketball https://t.co/T913YarYYf,en,0,0,0,0,99,"<a href=""https://dlvrit.com/"" rel=""nofollow"">dlvr.it</a>",https://x.com/noto_sports/status/1663686239021826048,False,False,2026-04-08T21:30:01.182410+00:00
1663683523297812481,mounjaro_weight,mounjaro,weight,2023-05-30T23:07:16+00:00,MrsBarnesII,Let's Talk About Dis Shidd,"Charles Barkley loses 62 pounds after taking drug Mounjaro 
The round mound of rebound is less rotund. On an appearance on “The Pat McAfee Show” last week, Charles Barkley revealed that he is down over 60 pounds since he started taking the weight-loss drug Mounjaro. “I start… https://t.co/YuMic44G23",en,0,0,0,0,755,"<a href=""https://ifttt.com"" rel=""nofollow"">IFTTT</a>",https://x.com/MrsBarnesII/status/1663683523297812481,False,False,2026-04-08T21:30:01.182410+00:00
1663682634726162432,mounjaro_weight,mounjaro,weight,2023-05-30T23:03:44+00:00,usweekly,Us Weekly,Charles Barkley says that Mounjaro helped him drop more than 60 pounds in six months. https://t.co/apfGCsAYwp,en,1,1,12,0,22288,"<a href=""https://sproutsocial.com"" rel=""nofollow"">Sprout Social</a>",https://x.com/usweekly/status/1663682634726162432,False,False,2026-04-08T21:30:01.183406+00:00
1663678936960860161,mounjaro_weight,mounjaro,weight,2023-05-30T22:49:02+00:00,TweetsOfSportUK,Sport Tweets,Charles Barkley uses drug 'Mounjaro' for losing 62 pounds: Looking at his transformation &amp; substance used https://t.co/mT4bdcfWnB,en,0,0,1,0,182,"<a href=""https://dlvrit.com/"" rel=""nofollow"">dlvr.it</a>",https://x.com/TweetsOfSportUK/status/1663678936960860161,False,False,2026-04-08T21:30:01.183406+00:00
1663672791500218369,mounjaro_weight,mounjaro,weight,2023-05-30T22:24:37+00:00,Health_Plaza,Healthy Living,Charles Barkley Has Lost 62 Lbs. with the Help of Mounjaro - People https://t.co/viiR6v8aCg,en,0,0,0,0,96,"<a href=""https://dlvrit.com/"" rel=""nofollow"">dlvr.it</a>",https://x.com/Health_Plaza/status/1663672791500218369,False,False,2026-04-08T21:30:01.183406+00:00
1663666960968609794,mounjaro_weight,mounjaro,weight,2023-05-30T22:01:27+00:00,nypostsports,New York Post Sports,Charles Barkley loses 62 pounds after taking weight-loss drug Mounjaro https://t.co/4qDr7e2bLS https://t.co/cuoKAvNdZ9,en,0,0,5,0,3481,"<a href=""http://www.socialflow.com"" rel=""nofollow"">SocialFlow</a>",https://x.com/nypostsports/status/1663666960968609794,False,False,2026-04-08T21:30:01.183406+00:00
1663764208566108165,mounjaro_weight,mounjaro,weight,2023-05-31T04:27:53+00:00,P_F_Lherisson_,Pierre F. Lherisson,"🚦😂 You came into this world by yourself and you will be leaving by yourself.
The problem started when you prioritizing pleasing others at the expense of your well-being
➡️ #MOUNJARO may cause serious side effects, including: Possible thyroid tumors, including cancer https://t.co/GGWqTBqYqr
🔴Charles Barkley loses 62 pounds after taking weight-loss drug Mounjaro",en,0,0,0,0,132,"<a href=""https://mobile.twitter.com"" rel=""nofollow"">Twitter Web App</a>",https://x.com/P_F_Lherisson_/status/1663764208566108165,False,False,2026-04-08T21:30:01.183406+00:00
1663666575910526977,mounjaro_weight,mounjaro,weight,2023-05-30T21:59:55+00:00,nypost,New York Post,Charles Barkley loses 62 pounds after taking weight-loss drug Mounjaro https://t.co/txab5lTIkw https://t.co/c4bxpCqHF5,en,8,6,110,3,92826,"<a href=""http://www.socialflow.com"" rel=""nofollow"">SocialFlow</a>",https://x.com/nypost/status/1663666575910526977,False,False,2026-04-08T21:30:02.372675+00:00
1663666045876416513,mounjaro_weight,mounjaro,weight,2023-05-30T21:57:49+00:00,helpYOUgetGAINS,#HelpYouGetGAINS,Charles Barkley Has Lost 62 Lbs. with the Help of Mounjaro https://t.co/LI06vU05VA,en,0,0,0,0,33,"<a href=""http://twitter.com/#!/download/ipad"" rel=""nofollow"">Twitter for iPad</a>",https://x.com/helpYOUgetGAINS/status/1663666045876416513,False,False,2026-04-08T21:30:02.373673+00:00
1663654107721105410,mounjaro_weight,mounjaro,weight,2023-05-30T21:10:23+00:00,saraashleyo,sara ashley o'brien,"charles barkley, once a weight watchers spokesperson, says he's lost 60+ lbs with mounjaro... 
https://t.co/W8IFGpkfk2",en,0,0,4,0,440,"<a href=""https://mobile.twitter.com"" rel=""nofollow"">Twitter Web App</a>",https://x.com/saraashleyo/status/1663654107721105410,False,False,2026-04-08T21:30:02.373673+00:00
1663635472088694785,mounjaro_weight,mounjaro,weight,2023-05-30T19:56:20+00:00,people,People,Charles Barkley Has Lost 62 Lbs. with the Help of Mounjaro  https://t.co/FKE9AnqgK5,en,1,5,23,1,26928,"<a href=""https://trueanthem.com/"" rel=""nofollow"">True Anthem</a>",https://x.com/people/status/1663635472088694785,False,False,2026-04-08T21:30:02.373673+00:00
1663620703214784513,mounjaro_weight,mounjaro,weight,2023-05-30T18:57:38+00:00,RolfeWinkler,Rolfe Winkler,"Charles Barkley says he's lost 60 pounds on Mounjaro. Says his doctor prefers it to Ozempic. ""At some point I have to get off the drug, but I really feel so good physically, I gotta make sure I don't get fat again."" ht @bradnews 
https://t.co/GU0au85AN7",en,0,0,1,0,1056,"<a href=""https://mobile.twitter.com"" rel=""nofollow"">Twitter Web App</a>",https://x.com/RolfeWinkler/status/1663620703214784513,False,False,2026-04-08T21:30:02.373673+00:00
1663559151077957637,mounjaro_weight,mounjaro,weight,2023-05-30T14:53:03+00:00,_AnonHater_,Anon Hater,"Mounjaro update:

2 days after last injection 

ZERO appetite. Had to force down some eggs this morning

No nausea or heartburn yet

Joints are still sore but not as bad as yesterday

I feel good today. I have energy.. my brain feels clear if that makes sense 😂",en,6,0,33,0,2789,"<a href=""http://twitter.com/download/iphone"" rel=""nofollow"">Twitter for iPhone</a>",https://x.com/_AnonHater_/status/1663559151077957637,False,False,2026-04-08T21:30:02.373673+00:00
1663189592533499905,mounjaro_weight,mounjaro,weight,2023-05-29T14:24:34+00:00,_AnonHater_,Anon Hater,"Mounjaro update:

I woke up today with pretty significant joint pain, which is a new symptom. Specifically in my elbows and knees. Kind of feels achy like the flu. 

 ZERO appetite. 

No nausea or heartburn or other symptoms!

So far everything has been super manageable.",en,4,0,23,0,2995,"<a href=""http://twitter.com/download/iphone"" rel=""nofollow"">Twitter for iPhone</a>",https://x.com/_AnonHater_/status/1663189592533499905,False,False,2026-04-08T21:30:02.373673+00:00
1663011211959566338,mounjaro_weight,mounjaro,weight,2023-05-29T02:35:44+00:00,fauxblkheaux,Malory Archer,"Me, a girl who only has like 10 pounds to lose: obviously I need mounjaro or ozempic",en,1,0,2,0,586,"<a href=""http://twitter.com/download/iphone"" rel=""nofollow"">Twitter for iPhone</a>",https://x.com/fauxblkheaux/status/1663011211959566338,False,False,2026-04-08T21:30:02.373673+00:00
1662958776196931589,mounjaro_weight,mounjaro,weight,2023-05-28T23:07:23+00:00,Momto2_Cats,MomToJust1Cat 🇺🇸 🐈‍⬛,@_happilyMarreed and I still diet but the Mounjaro helped me out when 8 yrs of working out and diets didn't... I've since lost another 10 lbs. since I got off the Mounjaro.,en,2,0,6,0,430,"<a href=""https://mobile.twitter.com"" rel=""nofollow"">Twitter Web App</a>",https://x.com/Momto2_Cats/status/1662958776196931589,False,True,2026-04-08T21:30:02.374668+00:00
1662852177969262593,mounjaro_weight,mounjaro,weight,2023-05-28T16:03:48+00:00,katryan32,katherine,@TheBravoDerm I lost 30 lbs in three months on the Mounjaro shot. These shots work!!!,en,0,0,0,0,280,"<a href=""http://twitter.com/download/iphone"" rel=""nofollow"">Twitter for iPhone</a>",https://x.com/katryan32/status/1662852177969262593,False,True,2026-04-08T21:30:02.374668+00:00
1662506841975275521,mounjaro_weight,mounjaro,weight,2023-05-27T17:11:33+00:00,Outdoctrination,Dalton (Analyze & Optimize),"that's not necessarily true, and even if we assume it is, the amount lost with mounjaro is significantly more than a well planned diet.",en,1,0,2,0,1734,"<a href=""https://mobile.twitter.com"" rel=""nofollow"">Twitter Web App</a>",https://x.com/Outdoctrination/status/1662506841975275521,False,False,2026-04-08T21:30:02.374668+00:00
1662506296719949826,mounjaro_weight,mounjaro,weight,2023-05-27T17:09:23+00:00,liamhodges_,Liam 📈,"@Outdoctrination Firstly any diet causes a drop in lean mass, ie you will also lose muscle well obviously you’re not putting in the calories to build muscle. That’s not specific to taking Mounjaro. However that can be adjusted based on what you eat, the exercises you do etc etc",en,1,0,0,1,1860,"<a href=""http://twitter.com/download/iphone"" rel=""nofollow"">Twitter for iPhone</a>",https://x.com/liamhodges_/status/1662506296719949826,False,True,2026-04-08T21:30:02.374668+00:00
1662465722620968960,mounjaro_weight,mounjaro,weight,2023-05-27T14:28:10+00:00,Outdoctrination,Dalton (Analyze & Optimize),"Another example would be something like ozempic or mounjaro, which the trials clearly show cause weight loss, but do so by inducing GI dysfunction and subsequent appetite reduction. https://t.co/rOyaazx6DZ",en,2,2,17,0,1711,"<a href=""https://mobile.twitter.com"" rel=""nofollow"">Twitter Web App</a>",https://x.com/Outdoctrination/status/1662465722620968960,False,True,2026-04-08T21:30:02.374668+00:00
1662366444594634754,mounjaro_weight,mounjaro,weight,2023-05-27T07:53:40+00:00,SABOURETCardio,SABOURETCardiologist,"#Tirzepatide Reduces Appetite, Energy Intake, and Fat Mass in #T2D : the new challenger of #GLP1RA. More potent, ongoing data about efficacy on #MACE and #safety  https://t.co/4yAnKzcdgz",en,0,4,23,0,2309,"<a href=""http://twitter.com/download/iphone"" rel=""nofollow"">Twitter for iPhone</a>",https://x.com/SABOURETCardio/status/1662366444594634754,False,False,2026-04-08T21:30:02.374668+00:00
1662295343575322624,mounjaro_weight,mounjaro,weight,2023-05-27T03:11:08+00:00,MisterG_144,G,"Congrats on your weight loss! I too am dropping lbs however I’m cheating using Mounjaro. Averaging -5 lbs a week for the past 3 weeks since starting it, and only on the losest dose. Will be bumpimg up to 5mg in two weeks so hopimg for more of the -7 to -9 drop per week then. That dosing for a month then the 10mg for a month, finally to 15mg to finish it off. All my weight gain attributed to having to be of an extremely high dose of prednisone for an extended period of time. Hoping to be back to fighting weight by Thanksgiving. Good luck with yours.",en,0,0,0,0,96,"<a href=""http://twitter.com/#!/download/ipad"" rel=""nofollow"">Twitter for iPad</a>",https://x.com/MisterG_144/status/1662295343575322624,False,True,2026-04-08T21:30:02.374668+00:00
1661948608223096833,mounjaro_weight,mounjaro,weight,2023-05-26T04:13:20+00:00,liamhodges_,Liam 📈,Mounjaro Day 21. Gym 131! Injection Day! Not much is happening 😅 I find my appetite &amp; a slightly thinking about food comes back the eve before my dose. This grows through dose day (I inject at night to curb sides). This isn’t a bad thing! I think using a 24 hour window to…..,en,1,0,0,0,181,"<a href=""http://twitter.com/download/iphone"" rel=""nofollow"">Twitter for iPhone</a>",https://x.com/liamhodges_/status/1661948608223096833,False,True,2026-04-08T21:30:02.375665+00:00
1661678466612297729,mounjaro_weight,mounjaro,weight,2023-05-25T10:19:53+00:00,Rcknrollbabe14,Brianna ❤️❤️,"TW:// weight loss, weight loss medications? 

I’ve lost 12 pounds already on my mounjaro. People are telling me they can see a difference and it’s making me feel good. 12 pounds doesn’t sound like a lot but it is to me. 🥹",en,0,1,3,0,239,"<a href=""http://twitter.com/download/iphone"" rel=""nofollow"">Twitter for iPhone</a>",https://x.com/Rcknrollbabe14/status/1661678466612297729,False,False,2026-04-08T21:30:03.169912+00:00
1661598427908825088,mounjaro_weight,mounjaro,weight,2023-05-25T05:01:50+00:00,Home_Remedy_Res,Home Remedies DIY,Real Housewives Of New Jersey star Lauren Manzo has lost 80 pounds using weight loss drug Mounjaro https://t.co/oE8MCye9G1,en,0,0,0,0,68,"<a href=""https://revive.social/"" rel=""nofollow"">Revive Social App</a>",https://x.com/Home_Remedy_Res/status/1661598427908825088,False,False,2026-04-08T21:30:03.169912+00:00
1661591552613838848,mounjaro_weight,mounjaro,weight,2023-05-25T04:34:31+00:00,Thee_QueenAshe,Queen Ashe,"wished I could afford #Ozempic or #mounjaro out of pocket,beyond tired of crap stipulations w/state or go Ins! I am falling thru the cracks being diabetic with #PCOS,still making it hard 4 me 2 lose more lbs after having a medically needed gastric bypass.I feel so alone&amp;hopless😭",en,0,0,0,0,180,"<a href=""https://mobile.twitter.com"" rel=""nofollow"">Twitter Web App</a>",https://x.com/Thee_QueenAshe/status/1661591552613838848,False,False,2026-04-08T21:30:03.169912+00:00
1661406066356224005,mounjaro_weight,mounjaro,weight,2023-05-24T16:17:28+00:00,chai_tx,Wendy chai,"A woman lost 176 pounds taking Ozempic competitor Mounjaro. She's petrified of putting the weight back on when the price goes up to $1,000 a month. #NewsBreak #weight #loss #medicine #medication https://t.co/NITbGEQ2uE",en,0,0,0,0,136,"<a href=""http://twitter.com/download/iphone"" rel=""nofollow"">Twitter for iPhone</a>",https://x.com/chai_tx/status/1661406066356224005,False,False,2026-04-08T21:30:03.169912+00:00
1661368150049341441,mounjaro_weight,mounjaro,weight,2023-05-24T13:46:48+00:00,HealthInsider,Insider Healthcare,A woman who lost 176 pounds taking Ozempic competitor Mounjaro is petrified of putting the weight back on when she can't afford to pay $1000 a month https://t.co/52VxrHF1Q9,en,0,0,1,0,233,"<a href=""http://www.socialflow.com"" rel=""nofollow"">SocialFlow</a>",https://x.com/HealthInsider/status/1661368150049341441,False,False,2026-04-08T21:30:03.170910+00:00
1661328623129722881,mounjaro_weight,mounjaro,weight,2023-05-24T11:09:44+00:00,lord_ed_81,Dr. Emad,@haithamorabi Try Mounjaro injections ya captain.. it will suppress your appetite dramatically.,en,0,0,2,0,525,"<a href=""http://twitter.com/download/iphone"" rel=""nofollow"">Twitter for iPhone</a>",https://x.com/lord_ed_81/status/1661328623129722881,False,True,2026-04-08T21:30:03.170910+00:00
1661304191313223687,mounjaro_weight,mounjaro,weight,2023-05-24T09:32:39+00:00,nadeemansary,Nadeem Ansari FCIM F IDM,A woman who lost 176 pounds taking Ozempic competitor Mounjaro is petrified of putting the weight back on when she can't afford to pay $1000 a month https://t.co/ekaNsXeNoW,en,0,0,0,0,75,"<a href=""https://ifttt.com"" rel=""nofollow"">IFTTT</a>",https://x.com/nadeemansary/status/1661304191313223687,False,False,2026-04-08T21:30:03.170910+00:00
1661302861773389824,mounjaro_weight,mounjaro,weight,2023-05-24T09:27:22+00:00,thisisinsider,Insider,A woman who lost 176 pounds taking Ozempic competitor Mounjaro is petrified of putting the weight back on when she can't afford to pay $1000 a month https://t.co/4xaNxH5Y3H,en,1,1,3,1,13070,"<a href=""http://www.socialflow.com"" rel=""nofollow"">SocialFlow</a>",https://x.com/thisisinsider/status/1661302861773389824,False,False,2026-04-08T21:30:03.170910+00:00
1661299206324191232,mounjaro_weight,mounjaro,weight,2023-05-24T09:12:50+00:00,jerryeswon,Jerry Swon NJ,A woman who lost 176 pounds taking Ozempic competitor Mounjaro is petrified of putting the weight back on when she can't afford to pay $1000 a month https://t.co/WoMxOGv3Wu,en,0,0,0,0,68,"<a href=""https://ifttt.com"" rel=""nofollow"">IFTTT</a>",https://x.com/jerryeswon/status/1661299206324191232,False,False,2026-04-08T21:30:03.170910+00:00
1661055273287426049,mounjaro_weight,mounjaro,weight,2023-05-23T17:03:32+00:00,matthew46956757,matthew allen loves cupcakes not John Simon Jr,"'RHONJ' 's Lauren Manzo Lost 30 Lbs. on Mounjaro, Slams 'Housewives' on Ozempic Who Are 'Already Skinny' https://t.co/dUtSZyq54R via @people",en,0,1,3,1,2409,"<a href=""https://mobile.twitter.com"" rel=""nofollow"">Twitter Web App</a>",https://x.com/matthew46956757/status/1661055273287426049,False,False,2026-04-08T21:30:03.170910+00:00
1661052332522586115,mounjaro_weight,mounjaro,weight,2023-05-23T16:51:51+00:00,soofriends,Donna J 🇺🇸 🏳️‍🌈 🌴,"@Visitkarte @molly1995_b @TheEconomist That is why I keep candy on me when I leave home. I've only been taking Mounjaro for 3 months and am still at the introductory 2.5 dose. My doctor wanted to increase the dose, but I told him it's unnecessary. I also lost about 20lbs. I'm not obese, so this worries me.",en,1,0,1,0,120,"<a href=""http://twitter.com/download/android"" rel=""nofollow"">Twitter for Android</a>",https://x.com/soofriends/status/1661052332522586115,False,True,2026-04-08T21:30:03.170910+00:00
1660997067987189762,mounjaro_weight,mounjaro,weight,2023-05-23T13:12:15+00:00,hd20152004,Mat,@GuinMilBuck I've been on mounjaro for my diabetes for 4 months lost 35 pounds,en,1,0,2,0,103,"<a href=""http://twitter.com/download/android"" rel=""nofollow"">Twitter for Android</a>",https://x.com/hd20152004/status/1660997067987189762,False,True,2026-04-08T21:30:03.170910+00:00
1660927247467917313,mounjaro_weight,mounjaro,weight,2023-05-23T08:34:48+00:00,liamhodges_,Liam 📈,2️⃣ Week 2. Was super hungry. Took the shot Fri Morn because was told I was over thinking side effects. BIG MISTAKE! Was a zombie all day. Slept off small nausea and headaches. Had seen small weight drop. #Mounjaro #Ozempic,en,0,0,1,0,311,"<a href=""http://twitter.com/download/iphone"" rel=""nofollow"">Twitter for iPhone</a>",https://x.com/liamhodges_/status/1660927247467917313,False,True,2026-04-08T21:30:03.171905+00:00
1660920675635265536,mounjaro_weight,mounjaro,weight,2023-05-23T08:08:42+00:00,liamhodges_,Liam 📈,"🔙📚Backstory! For context, never really had weight issues until moving to the Middle East. Gained the lbs heavily. Threw everything at it, Keto diet, PT, Meal Prep. Did the magic of fat loss and muscle growth. Had a great walking weight. #Mounjaro #Ozempic",en,1,0,1,0,265,"<a href=""http://twitter.com/download/iphone"" rel=""nofollow"">Twitter for iPhone</a>",https://x.com/liamhodges_/status/1660920675635265536,False,True,2026-04-08T21:30:03.171905+00:00
1660792914363170816,mounjaro_weight,mounjaro,weight,2023-05-22T23:41:01+00:00,MLBguyWINS,SJ,"@FrankaMedic Have you tried Mounjaro, Ozempic, or any other?  I dropped 60 pounds since Jan using Mounjaro. I’m now at the point where walking is much easier on my body. Good luck to you",en,0,0,0,0,92,"<a href=""http://twitter.com/download/iphone"" rel=""nofollow"">Twitter for iPhone</a>",https://x.com/MLBguyWINS/status/1660792914363170816,False,True,2026-04-08T21:30:03.171905+00:00
1660791612736253953,mounjaro_weight,mounjaro,weight,2023-05-22T23:35:51+00:00,DFaimali,David Faimali,"@SullyCNBC @LastCallCNBC Sully, retired, on Medicare. Even with my insurance waiver(Medicare part D), I must pay $480/ month for Mounjaro.
I had to reduce the dose from 10-5 mg, and it still makes me nauseous, but gained back the 8 lbs I lost. You lose weight because you are too nauseous to eat",en,0,0,0,0,127,"<a href=""http://twitter.com/download/iphone"" rel=""nofollow"">Twitter for iPhone</a>",https://x.com/DFaimali/status/1660791612736253953,False,True,2026-04-08T21:30:03.171905+00:00
1660786447958573057,mounjaro_weight,mounjaro,weight,2023-05-22T23:15:19+00:00,thefreakliveson,John Egbert 🇵🇸,"@MargBarAmerica I tried ozempic, now on mounjaro, and I'm loving mounjaro, the side effects are a lot more minimal and it has helped not only reduce my appetite but also helped with my binge eating disorder",en,0,0,0,0,339,"<a href=""http://twitter.com/download/android"" rel=""nofollow"">Twitter for Android</a>",https://x.com/thefreakliveson/status/1660786447958573057,False,True,2026-04-08T21:30:03.171905+00:00
1660780893412237317,mounjaro_weight,mounjaro,weight,2023-05-22T22:53:15+00:00,kittybravofan,Kitty,"'RHONJ' 's Lauren Manzo Lost 30 Lbs. on Mounjaro, Slams 'Housewives' on Ozempic Who Are 'Already Skinny' https://t.co/7Ew5er4TTv via @people",en,0,0,0,0,85,"<a href=""http://twitter.com/download/android"" rel=""nofollow"">Twitter for Android</a>",https://x.com/kittybravofan/status/1660780893412237317,False,False,2026-04-08T21:30:03.171905+00:00
1660750743819755520,mounjaro_weight,mounjaro,weight,2023-05-22T20:53:27+00:00,hemsley_h,Hemsley Germain,"'RHONJ' 's Lauren Manzo Lost 30 Lbs. on Mounjaro, Slams 'Housewives' on Ozempic Who Are 'Already Skinny' https://t.co/GlOdgI6f01 via @people",en,0,0,0,0,94,"<a href=""http://twitter.com/download/android"" rel=""nofollow"">Twitter for Android</a>",https://x.com/hemsley_h/status/1660750743819755520,False,False,2026-04-08T21:30:03.171905+00:00
1660701944116068360,mounjaro_weight,mounjaro,weight,2023-05-22T17:39:32+00:00,Ellie_Shea13,Ellie Bledsoe,@StacyCaySlays My doctor moved me to Mounjaro and girl I’ve lost almost 45lb and my diabetes is in check,en,6,1,203,0,20959,"<a href=""http://twitter.com/download/iphone"" rel=""nofollow"">Twitter for iPhone</a>",https://x.com/Ellie_Shea13/status/1660701944116068360,False,True,2026-04-08T21:30:03.171905+00:00
1660691032273481732,mounjaro_weight,mounjaro,weight,2023-05-22T16:56:10+00:00,soofriends,Donna J 🇺🇸 🏳️‍🌈 🌴,"@LindenJohan @nootropicguy @BowTiedUM @hubermanlab Unlikely, but not impossible. You would have to understand what they do. I take Mounjaro for diabetes, and almost completely lost my appetite. When I'm finally kind of hungry, I can only eat about half as much as I normally would have before feeling full...",en,1,0,0,0,443,"<a href=""http://twitter.com/download/android"" rel=""nofollow"">Twitter for Android</a>",https://x.com/soofriends/status/1660691032273481732,False,True,2026-04-08T21:30:04.015296+00:00
1660687812583194624,mounjaro_weight,mounjaro,weight,2023-05-22T16:43:23+00:00,GinaLawriw,Gina Lawriw,"'RHONJ' 's Lauren Manzo Lost 30 Lbs. on Mounjaro, Slams 'Housewives' on Ozempic Who Are 'Already Skinny' https://t.co/gyVpIlJW1O via @people",en,0,0,0,0,17,"<a href=""https://mobile.twitter.com"" rel=""nofollow"">Twitter Web App</a>",https://x.com/GinaLawriw/status/1660687812583194624,False,False,2026-04-08T21:30:04.016291+00:00
1660677019745566723,mounjaro_weight,mounjaro,weight,2023-05-22T16:00:30+00:00,people,People,"RHONJ's Lauren Manzo Lost 30 Lbs. on Mounjaro, Slams Housewives on Ozempic Who Are 'Already Skinny'  https://t.co/YL65HFd3I1",en,2,3,11,0,20195,"<a href=""https://trueanthem.com/"" rel=""nofollow"">True Anthem</a>",https://x.com/people/status/1660677019745566723,False,False,2026-04-08T21:30:04.016291+00:00
1660598531361746946,mounjaro_weight,mounjaro,weight,2023-05-22T10:48:36+00:00,keto3000,keto3000,"@ScepticalDoctor losing - 40 lbs (mostly fat)follow a strict LC (-20 net/daily) , HP - 1 g per kg of my ideal body weight &amp; MF-/EVOO, MCT &amp; avocado.  Omni MED DIET/ PSMF approach. I’ve also recently cut my Metformin in half &amp; stopped 2 other related meds.   Currently taking weekly Mounjaro. 2/2",en,0,0,1,0,125,"<a href=""http://twitter.com/download/iphone"" rel=""nofollow"">Twitter for iPhone</a>",https://x.com/keto3000/status/1660598531361746946,False,True,2026-04-08T21:30:04.016291+00:00
1660521684179333120,mounjaro_weight,mounjaro,weight,2023-05-22T05:43:15+00:00,NerdyTrans,"Addie - That’s fine dude, I’m not mad at you .","@realTaraHarris Going to talk to my doctor about this, this week.  She put me on Mounjaro samples a couple months ago, but my insurance is refusing to pay.  The pounds melted the fuck away when I was on it though.",en,0,0,0,0,89,"<a href=""https://mobile.twitter.com"" rel=""nofollow"">Twitter Web App</a>",https://x.com/NerdyTrans/status/1660521684179333120,False,False,2026-04-08T21:30:04.016291+00:00
1660132431607865344,mounjaro_weight,mounjaro,weight,2023-05-21T03:56:30+00:00,kendallmhines,Kendall Hines,"I took mounjaro so you didn’t have to

down 30 lbs since January 1st

switching to ozempic once I get under 200 and beginning to add weightlifting back in. 

I have never been under 200 lbs. https://t.co/oQ9eKPMviR",en,0,0,2,0,498,"<a href=""http://twitter.com/download/iphone"" rel=""nofollow"">Twitter for iPhone</a>",https://x.com/kendallmhines/status/1660132431607865344,False,False,2026-04-08T21:30:04.016291+00:00
1660106083631788032,mounjaro_weight,mounjaro,weight,2023-05-21T02:11:48+00:00,LissaKay,"LissaKay - Can't stop the signal, Mal","Over twenty years of Weight Watchers, calorie counting, low fat, low carb, Medifast, Mediterranean, Atkins, keto, primal, paleo, Nutrisystem, lather, rinse, repeat plus nutritional supplements, gut healing, thyroid treatment, hormone balancing .... and all I did was yo-yo 15-20 pounds with each new diet and exercise plan. 
Mounjaro is a flippin MIRACLE. 
My blood sugar no longer fluctuates wildly - no insulin spikes, no hypoglycemia, no fuzz brain after meals. My fasting blood sugar is below 90 for the first time in years. No cravings or ""food noise"" to battle. I don't eat because I am bored. 
I've always had the will-power to stick to a diet, but without the reward of weight loss, even a will-power made of iron will weaken. 
Now, I don't need will-power. I can stick to a healthy, moderate-portioned diet without effort, and I don't need the reward to do so. Some days I have to literally remind myself to eat. I can even have ""bad"" food on occasion without the scale reacting, because Mounjaro has corrected my screwed up insulin resistance and metabolism. It's worth every damn penny, and the minimal risks.",en,2,0,18,0,1364,"<a href=""https://mobile.twitter.com"" rel=""nofollow"">Twitter Web App</a>",https://x.com/LissaKay/status/1660106083631788032,False,True,2026-04-08T21:30:04.016291+00:00
1660046854422249473,mounjaro_weight,mounjaro,weight,2023-05-20T22:16:26+00:00,kendallmhines,Kendall Hines,@vijaypande On mounjaro.. Down 30 lbs can confirm drink much less almost 0,en,0,0,1,0,3343,"<a href=""http://twitter.com/download/iphone"" rel=""nofollow"">Twitter for iPhone</a>",https://x.com/kendallmhines/status/1660046854422249473,False,True,2026-04-08T21:30:04.016291+00:00
1660041733797707779,mounjaro_weight,mounjaro,weight,2023-05-20T21:56:06+00:00,solarcat,🌈✨MAX✨🌈 | solarcat.bsky.social,"…literally what the fuck are you talking about? 🤨 Yeah sure I eat a lot less now that I’m on Mounjaro; that doesn’t mean I stopped enjoying food? Or any of my hobbies?

I’ve massively lowered my A1C and lost a bunch of weight, what a victory for… capitalism? Please fuck off.",en,1,0,1,0,361,"<a href=""http://twitter.com/download/iphone"" rel=""nofollow"">Twitter for iPhone</a>",https://x.com/solarcat/status/1660041733797707779,False,False,2026-04-08T21:30:04.016291+00:00
1660015620577001472,mounjaro_weight,mounjaro,weight,2023-05-20T20:12:20+00:00,gerdosi,Gabor Erdosi 🧩📄📊🧭,"@ZKForTre @IdanOnTweeter Perhaps look back in time a bit when single GIP agonism was abandoned due to profound resistance to its actions. Like it was literally useless, so pharmaceutical companies eventually turned to GLP-1.
(NB, tirzepatide doesn’t lower appetite beyond semaglutide’s effect.)",en,1,1,1,0,94,"<a href=""http://twitter.com/#!/download/ipad"" rel=""nofollow"">Twitter for iPad</a>",https://x.com/gerdosi/status/1660015620577001472,False,True,2026-04-08T21:30:04.016291+00:00
1659943272939126786,mounjaro_weight,mounjaro,weight,2023-05-20T15:24:51+00:00,ParableJean,GaryMophead 🐌🧼✨,@l78lancer I know 2 ppl who take Mounjaro. Lost over 50 lbs since Christmas.,en,1,0,1,0,88,"<a href=""http://twitter.com/download/iphone"" rel=""nofollow"">Twitter for iPhone</a>",https://x.com/ParableJean/status/1659943272939126786,False,True,2026-04-08T21:30:04.017288+00:00
1659937509785194496,mounjaro_weight,mounjaro,weight,2023-05-20T15:01:57+00:00,trelishis,Trace,"I’m tryna unbig my back but I can’t even get my mounjaro b/c of ppl tryna lose 15-20lbs. Just go to the gym little ones. I haven’t had a shot in 3 weeks, slowing down my progress.",en,0,0,2,0,240,"<a href=""http://twitter.com/download/iphone"" rel=""nofollow"">Twitter for iPhone</a>",https://x.com/trelishis/status/1659937509785194496,False,False,2026-04-08T21:30:04.017288+00:00
1659907822929231873,mounjaro_weight,mounjaro,weight,2023-05-20T13:03:59+00:00,timeburns1,timeburns,"@DrJayRichards @sarahzhang He’s not right, since I’ve been on Mounjaro for 6 months, lost an appetite, 50 pounds, seen an A1C plummet, AND lost some lean muscle mass. The idea that you moralists have about “losing weight the right way” is off putting",en,0,0,3,0,940,"<a href=""http://twitter.com/#!/download/ipad"" rel=""nofollow"">Twitter for iPad</a>",https://x.com/timeburns1/status/1659907822929231873,False,True,2026-04-08T21:30:04.017288+00:00
1659892604597833728,mounjaro_weight,mounjaro,weight,2023-05-20T12:03:30+00:00,XpressNewsinfo,Xpress Info,"Lauren Manzo lost 30 pounds on Mounjaro, slams ‘skinny’ ‘Housewives’ on Ozempic - https://t.co/A5Lz7x2263 https://t.co/DPLa7YkjKd",en,0,0,0,0,215,"<a href=""http://www.videofiree.com/"" rel=""nofollow"">http://www.videofiree.com</a>",https://x.com/XpressNewsinfo/status/1659892604597833728,False,False,2026-04-08T21:30:04.017288+00:00
1659786306665295872,mounjaro_weight,mounjaro,weight,2023-05-20T05:01:07+00:00,PageSix,Page Six,"Lauren Manzo lost 30 pounds on Mounjaro, slams ‘skinny’ ‘Housewives’ on Ozempic https://t.co/wy6RQIJF1n https://t.co/bJ3QWsA8qW",en,6,2,20,1,18345,"<a href=""http://www.socialflow.com"" rel=""nofollow"">SocialFlow</a>",https://x.com/PageSix/status/1659786306665295872,False,False,2026-04-08T21:30:04.017288+00:00
1659760157042024448,mounjaro_weight,mounjaro,weight,2023-05-20T03:17:12+00:00,frazzledma25,frazzledma25 ❄️☮️😔🌎💙🦉,@sarahzhang Totally agree. I’m on Mounjaro and I’ve lost 35lbs since Feb.,en,0,0,1,0,1890,"<a href=""http://twitter.com/download/iphone"" rel=""nofollow"">Twitter for iPhone</a>",https://x.com/frazzledma25/status/1659760157042024448,False,True,2026-04-08T21:30:04.017288+00:00
1659742146323181568,mounjaro_weight,mounjaro,weight,2023-05-20T02:05:38+00:00,GlassyLady,"GlassyLady, Ed.S., BSN, RN","@nirsd @sarahzhang Actually I am a glass artist and jewelry designer, and I packed away all of my supplies when we moved in 2016. Last fall after I started on Mounjaro I pulled them out again. I never even considered there may be a relationship. I made these today. And I’m down 60 pounds.🤩 https://t.co/9lQn5K6hpo",en,2,0,71,0,7356,"<a href=""http://twitter.com/download/iphone"" rel=""nofollow"">Twitter for iPhone</a>",https://x.com/GlassyLady/status/1659742146323181568,False,True,2026-04-08T21:30:04.017288+00:00
1659724307260403713,mounjaro_weight,mounjaro,weight,2023-05-20T00:54:45+00:00,neburboy,#NiUnaMenosNiUnaMas,"A woman lost 176 pounds using Mounjaro, the Ozempic competitor that may be even more effective #NewsBreak https://t.co/RGbBnRqh7h",en,0,0,0,0,43,"<a href=""http://twitter.com/download/iphone"" rel=""nofollow"">Twitter for iPhone</a>",https://x.com/neburboy/status/1659724307260403713,False,False,2026-04-08T21:30:04.017288+00:00
1659689503030923264,mounjaro_weight,mounjaro,weight,2023-05-19T22:36:27+00:00,kittybravofan,Kitty,"Caroline Manzo's Daughter Lauren Drops 80 Pounds, Credits Weight Loss Drug Mounjaro for Last 30 https://t.co/WvEWCmczZX",en,0,0,0,0,52,"<a href=""https://mobile.twitter.com"" rel=""nofollow"">Twitter Web App</a>",https://x.com/kittybravofan/status/1659689503030923264,False,False,2026-04-08T21:30:04.017288+00:00
1659683462889054216,mounjaro_weight,mounjaro,weight,2023-05-19T22:12:27+00:00,Eljefe880,Jeff Beach,@SugarKoat To funny I started Ozempic 5 weeks ago switched to Mounjaro FDA approved for weight loss down 13 lbs total hoping after complete lose about 20 to 25lbs.,en,0,0,3,0,200,"<a href=""http://twitter.com/download/iphone"" rel=""nofollow"">Twitter for iPhone</a>",https://x.com/Eljefe880/status/1659683462889054216,False,True,2026-04-08T21:30:04.919350+00:00
1659674426802155521,mounjaro_weight,mounjaro,weight,2023-05-19T21:36:33+00:00,Phyzzyjules,phyzzy,@sguyenet @DavidMacklinMD @WorksInProgMag Been on tirzepatide since Sept. Yes it decreases appetite especially in the few days after the shot. But the really amazing part is that I can have any type of food around without obsessing over it. Being able to make brownies w/o thinking about them constantly is great.,en,0,0,0,0,181,"<a href=""http://twitter.com/download/iphone"" rel=""nofollow"">Twitter for iPhone</a>",https://x.com/Phyzzyjules/status/1659674426802155521,False,True,2026-04-08T21:30:04.920346+00:00
1659663526414409728,mounjaro_weight,mounjaro,weight,2023-05-19T20:53:14+00:00,girltribe11,LAK,"@sarahzhang @MuellerSheWrote I am on Tirzepatide, and used to drink 3-4 cups of coffee a day. Now I maybe grab a latte once a week. No withdrawals. I’ve also lost 35 lbs.",en,0,0,0,0,269,"<a href=""http://twitter.com/download/iphone"" rel=""nofollow"">Twitter for iPhone</a>",https://x.com/girltribe11/status/1659663526414409728,False,True,2026-04-08T21:30:04.920346+00:00
1659662734248517633,mounjaro_weight,mounjaro,weight,2023-05-19T20:50:05+00:00,PageSix,Page Six,"Lauren Manzo lost 30 pounds on Mounjaro, slams ‘skinny’ ‘Housewives’ on Ozempic https://t.co/UWFCh0bvH8",en,0,0,0,0,5846,"<a href=""http://www.socialflow.com"" rel=""nofollow"">SocialFlow</a>",https://x.com/PageSix/status/1659662734248517633,False,False,2026-04-08T21:30:04.920346+00:00
1659647872164569088,mounjaro_weight,mounjaro,weight,2023-05-19T19:51:02+00:00,usbreaking2Da,@USBreaking2Day,"Lauren Manzo lost 30 pounds on Mounjaro, slams ‘skinny’ ‘Housewives’ on Ozempic #Housewives #Lauren #Manzo  https://t.co/4xfmhLVRwD",en,0,0,0,0,126,"<a href=""https://dlvrit.com/"" rel=""nofollow"">dlvr.it</a>",https://x.com/usbreaking2Da/status/1659647872164569088,False,False,2026-04-08T21:30:04.920346+00:00
1659643885419634699,mounjaro_weight,mounjaro,weight,2023-05-19T19:35:11+00:00,BrightlyAgain,Brightly,"#rhonj Lauren Manzo lost 30 pounds on Mounjaro, slams 'skinny' 'Housewives' on Ozempic https://t.co/CI0tyd9en5 https://t.co/xljhZm4KOn",en,3,1,9,0,3078,"<a href=""https://mobile.twitter.com"" rel=""nofollow"">Twitter Web App</a>",https://x.com/BrightlyAgain/status/1659643885419634699,False,False,2026-04-08T21:30:04.920346+00:00
1659638282492190720,mounjaro_weight,mounjaro,weight,2023-05-19T19:12:55+00:00,LbsujonK,Online Gadgets Info,"Lauren Manzo lost 30 pounds on Mounjaro, slams ‘skinny’ ‘Housewives’ on Ozempic
https://t.co/QxMiRNoMyf",en,0,0,0,0,47,"<a href=""http://erased23832292_qvOeRmdmhi.com"" rel=""nofollow"">erased23832292_qvOeRmdmhi</a>",https://x.com/LbsujonK/status/1659638282492190720,False,False,2026-04-08T21:30:04.920346+00:00
1659636635695194129,mounjaro_weight,mounjaro,weight,2023-05-19T19:06:23+00:00,nypost,New York Post,"Lauren Manzo lost 30 pounds on Mounjaro, slams ‘skinny’ ‘Housewives’ on Ozempic https://t.co/TqTiYNia0A https://t.co/lImNYo3Tme",en,8,1,11,1,33202,"<a href=""http://www.socialflow.com"" rel=""nofollow"">SocialFlow</a>",https://x.com/nypost/status/1659636635695194129,False,False,2026-04-08T21:30:04.920346+00:00
1659636106990632960,mounjaro_weight,mounjaro,weight,2023-05-19T19:04:17+00:00,kittybravofan,Kitty,"Lauren Manzo lost 30 pounds on Mounjaro, slams ‘skinny’ ‘Housewives’ on ... https://t.co/M2ud1OrO9E via @YouTube",en,0,0,0,0,42,"<a href=""http://twitter.com/download/android"" rel=""nofollow"">Twitter for Android</a>",https://x.com/kittybravofan/status/1659636106990632960,False,False,2026-04-08T21:30:04.920346+00:00
1659625585709072391,mounjaro_weight,mounjaro,weight,2023-05-19T18:22:28+00:00,Vniversalexport,RTMM,"@ArmandDoma I totally lost that thread, btw, Armand, but reporting as I promised about high-dose tirzepatide:

Short review: it's OK. Better than ozempic. It has the same fatal flaws: some days you don't feel it, some days you REALLY feel it. But yeah, it is a stronger impact, very crudely..",en,1,0,1,0,193,"<a href=""https://mobile.twitter.com"" rel=""nofollow"">Twitter Web App</a>",https://x.com/Vniversalexport/status/1659625585709072391,False,True,2026-04-08T21:30:04.920346+00:00
1659623194460864535,mounjaro_weight,mounjaro,weight,2023-05-19T18:12:58+00:00,Janibobo,Jan McLeod,"@sarahzhang I been taking Mounjaro for about 10 months.  68 yo. I lost 42 pounds, 25% of my body weight.  Was borderline diabetic, full-out metabolic disease: high lipids and triglycerides.  Lipids are normal. Triglycerides  in 400-500 range, now 77.  Never sick, knees great.  Feel amazing.",en,3,3,43,0,11542,"<a href=""http://twitter.com/download/iphone"" rel=""nofollow"">Twitter for iPhone</a>",https://x.com/Janibobo/status/1659623194460864535,False,True,2026-04-08T21:30:04.920346+00:00
1659616556245200896,mounjaro_weight,mounjaro,weight,2023-05-19T17:46:35+00:00,PorcDalmatian,The Porcelain Dalmatian,"@ModeledBehavior I’m on Mounjaro (similar to Ozempic), @ModeledBehavior. Everyone reacts differently. Part of the appetite suppression is that it makes everything taste bad - especially alcohol.  Works in weird ways.",en,0,0,0,0,92,"<a href=""http://twitter.com/#!/download/ipad"" rel=""nofollow"">Twitter for iPad</a>",https://x.com/PorcDalmatian/status/1659616556245200896,False,True,2026-04-08T21:30:04.921343+00:00
1659612097049944066,mounjaro_weight,mounjaro,weight,2023-05-19T17:28:52+00:00,FreebieNinja1,Breaking News,Real Housewives Of New Jersey star Lauren Manzo has lost 80lbs on weight loss drug Mounjaro https://t.co/HxWFe63XIF   https://t.co/0UgnwQNlFn https://t.co/2uRvaRiiQR,en,0,0,0,0,99,"<a href=""https://dlvrit.com/"" rel=""nofollow"">dlvr.it</a>",https://x.com/FreebieNinja1/status/1659612097049944066,False,False,2026-04-08T21:30:04.921343+00:00
1659601150272847886,mounjaro_weight,mounjaro,weight,2023-05-19T16:45:22+00:00,WeSmirch,WeSmirch,"Real Housewives Of New Jersey star Lauren Manzo has lost 80lbs on weight loss drug Mounjaro... after the lap band and sleeve did not work (Heidi Parker / Daily Mail)

https://t.co/sUXMR8uNAl
https://t.co/lLlAe3XCaq",en,0,0,0,0,92,"<a href=""https://wesmirch.com/"" rel=""nofollow"">WeSmirch1646304046326718464</a>",https://x.com/WeSmirch/status/1659601150272847886,False,False,2026-04-08T21:30:04.921343+00:00
1659600135767179277,mounjaro_weight,mounjaro,weight,2023-05-19T16:41:20+00:00,PageSix,Page Six,"#LaurenManzo lost 30 pounds on Mounjaro, slams ‘skinny’ ‘Housewives’ on #Ozempic https://t.co/CyQgUc1WLv https://t.co/FvEqQrk022",en,12,0,18,1,19671,"<a href=""http://www.socialflow.com"" rel=""nofollow"">SocialFlow</a>",https://x.com/PageSix/status/1659600135767179277,False,False,2026-04-08T21:30:04.921343+00:00
1659597764941033472,mounjaro_weight,mounjaro,weight,2023-05-19T16:31:55+00:00,nypost,New York Post,"Lauren Manzo lost 30 pounds on Mounjaro, slams ‘skinny’ ‘Housewives’ on Ozempic https://t.co/SrVg8I0mLU https://t.co/LfkYrnn8Er",en,4,1,8,1,25639,"<a href=""http://www.socialflow.com"" rel=""nofollow"">SocialFlow</a>",https://x.com/nypost/status/1659597764941033472,False,False,2026-04-08T21:30:04.921343+00:00
1659591849579884545,mounjaro_weight,mounjaro,weight,2023-05-19T16:08:25+00:00,PageSix,Page Six,"Lauren Manzo lost 30 pounds on Mounjaro, slams ‘skinny’ ‘Housewives’ on Ozempic https://t.co/dPUHXy5Ik1 https://t.co/T6JA3FTRla",en,0,0,3,1,6548,"<a href=""http://www.socialflow.com"" rel=""nofollow"">SocialFlow</a>",https://x.com/PageSix/status/1659591849579884545,False,False,2026-04-08T21:30:04.921343+00:00
1659591752326455297,mounjaro_weight,mounjaro,weight,2023-05-19T16:08:02+00:00,Gossip____News,Gossip News,"Lauren Manzo lost 30 pounds on Mounjaro, slams ‘skinny’ ‘Housewives’ on Ozempic https://t.co/jGzlhowYus #gossip",en,0,0,0,0,116,"<a href=""https://www.integromat.com/oauth/cb/twitter"" rel=""nofollow"">1654631368377155584Gossip____N</a>",https://x.com/Gossip____News/status/1659591752326455297,False,False,2026-04-08T21:30:04.921343+00:00
1659572838221611009,mounjaro_weight,mounjaro,weight,2023-05-19T14:52:52+00:00,EricaGalvin3,Erica Galvin,"SoulwellPublish: RHONJ's Lauren Manzo Drops 80 Pounds, Gets Weekly Mounjaro Shots  Read More 👇https://t.co/UFGh4Av18q",en,0,0,0,0,8,"<a href=""https://ifttt.com"" rel=""nofollow"">IFTTT</a>",https://x.com/EricaGalvin3/status/1659572838221611009,False,False,2026-04-08T21:30:04.921343+00:00
1659572537708216322,mounjaro_weight,mounjaro,weight,2023-05-19T14:51:41+00:00,SoulwellPublish,Soulwell Publishing Group®,"RHONJ's Lauren Manzo Drops 80 Pounds, Gets Weekly Mounjaro Shots  Read More 👇https://t.co/hJ8nDOwrbZ",en,0,0,0,0,65,"<a href=""https://ifttt.com"" rel=""nofollow"">IFTTT</a>",https://x.com/SoulwellPublish/status/1659572537708216322,False,False,2026-04-08T21:30:04.921343+00:00
1659564210106376197,mounjaro_weight,mounjaro,weight,2023-05-19T14:18:35+00:00,usweekly,Us Weekly,Lauren Manzo is getting candid about her weight loss journey. The daughter of #RHONJ alum Caroline Manzo is down 80 pounds — and credits the weight loss drug Mounjaro for helping her shed the last 30.  https://t.co/YUFWk7oZ4m,en,1,0,7,0,16062,"<a href=""https://sproutsocial.com"" rel=""nofollow"">Sprout Social</a>",https://x.com/usweekly/status/1659564210106376197,False,False,2026-04-08T21:30:05.782518+00:00
1659331937541017603,mounjaro_weight,mounjaro,weight,2023-05-18T22:55:37+00:00,danstpeter,Dan St. Peter ,Ozempic Competitor Mounjaro Helped Woman Lose 176 Lbs - https://t.co/4Qf4lVrjk9,en,0,0,0,0,104,"<a href=""http://twitter.com/download/iphone"" rel=""nofollow"">Twitter for iPhone</a>",https://x.com/danstpeter/status/1659331937541017603,False,False,2026-04-08T21:30:05.782518+00:00
1659319169026863104,mounjaro_weight,mounjaro,weight,2023-05-18T22:04:53+00:00,HealthInsider,Insider Healthcare,"A woman lost 176 pounds using Mounjaro, the Ozempic competitor that may be even more effective https://t.co/qpfPhhStVj",en,0,0,1,0,199,"<a href=""http://www.socialflow.com"" rel=""nofollow"">SocialFlow</a>",https://x.com/HealthInsider/status/1659319169026863104,False,False,2026-04-08T21:30:05.782518+00:00
1659318091359059973,mounjaro_weight,mounjaro,weight,2023-05-18T22:00:36+00:00,Tulsamensclinic,Tulsa Men's Clinic,"In just TWO MONTHS of this patient taking Tirzepatide, she is 8.2 lbs down and has lost 3.3% body fat! Tirzepatide is more effective and has less side effects than other weight loss injections. Get started now: 918-995-4397

#Tirzepatide #weightloss #weightlossinjection https://t.co/r1klgaVBeq",en,0,0,0,0,136,"<a href=""https://mobile.twitter.com"" rel=""nofollow"">Twitter Web App</a>",https://x.com/Tulsamensclinic/status/1659318091359059973,False,False,2026-04-08T21:30:05.782518+00:00
1659317478336372738,mounjaro_weight,mounjaro,weight,2023-05-18T21:58:10+00:00,OK_MensClinic,OKMensClinic,"In just TWO MONTHS of this patient taking Tirzepatide, she is 8.2 lbs down and has lost 3.3% body fat! Tirzepatide is the next generation for weight control. Get started now: 405-296-6812

#Tirzepatide #weightloss #weightlossinjection #Tirzepatideweightloss #loseweight https://t.co/X4WcYIEN8M",en,0,0,0,0,100,"<a href=""https://mobile.twitter.com"" rel=""nofollow"">Twitter Web App</a>",https://x.com/OK_MensClinic/status/1659317478336372738,False,False,2026-04-08T21:30:05.782518+00:00
1659281068975878152,mounjaro_weight,mounjaro,weight,2023-05-18T19:33:29+00:00,nadeemansary,Nadeem Ansari FCIM F IDM,"A woman lost 176 pounds using Mounjaro, the Ozempic competitor that may be even more effective https://t.co/A49qY66tEg",en,0,0,0,0,22,"<a href=""https://ifttt.com"" rel=""nofollow"">IFTTT</a>",https://x.com/nadeemansary/status/1659281068975878152,False,False,2026-04-08T21:30:05.782518+00:00
1659280577034432513,mounjaro_weight,mounjaro,weight,2023-05-18T19:31:32+00:00,thisisinsider,Insider,"A woman lost 176 pounds using Mounjaro, the Ozempic competitor that may be even more effective https://t.co/woeaO3122v",en,1,2,3,1,8169,"<a href=""http://www.socialflow.com"" rel=""nofollow"">SocialFlow</a>",https://x.com/thisisinsider/status/1659280577034432513,False,False,2026-04-08T21:30:05.782518+00:00
1659278657049841665,mounjaro_weight,mounjaro,weight,2023-05-18T19:23:54+00:00,jerryeswon,Jerry Swon NJ,"A woman lost 176 pounds using Mounjaro, the Ozempic competitor that may be even more effective https://t.co/fYg41Tm59N",en,0,0,0,0,43,"<a href=""https://ifttt.com"" rel=""nofollow"">IFTTT</a>",https://x.com/jerryeswon/status/1659278657049841665,False,False,2026-04-08T21:30:05.782518+00:00
1659272304830939136,mounjaro_weight,mounjaro,weight,2023-05-18T18:58:39+00:00,MikeCos01655195,Mike Cosgrove,@danadearmond I am not diabetic and have had no adverse side effects at all from mounjaro except diminished appetite lost 8olbs since August,en,0,0,0,0,43,"<a href=""http://twitter.com/download/android"" rel=""nofollow"">Twitter for Android</a>",https://x.com/MikeCos01655195/status/1659272304830939136,False,True,2026-04-08T21:30:05.783515+00:00
1658462359940403202,mounjaro_weight,mounjaro,weight,2023-05-16T13:20:14+00:00,TraciTDickey,Traci Tabish Dickey,"@drsajumathew I have lost 40 lbs in Mounjaro since January. My pcp is following me closely with routine labs, I see a nutritionist and I feel great. I eat Twix still 1 of the two and enjoy ice cream and my favorite meals. This med has taught me portion control. I do not binge like I used to.",en,2,0,5,0,469,"<a href=""http://twitter.com/download/iphone"" rel=""nofollow"">Twitter for iPhone</a>",https://x.com/TraciTDickey/status/1658462359940403202,False,True,2026-04-08T21:30:05.783515+00:00
1657968810576740352,mounjaro_weight,mounjaro,weight,2023-05-15T04:39:02+00:00,softminus,Miss Distance,"@ESYudkowsky @smigrodzki @IronLordByron concur re tirzepatide, it hits GIP as well as GLP-1, and there's evidence pointing towards this increasing energy expenditure and not just suppressing appetite (LY3298176 = tirzepatide): https://t.co/J9HCTjdJPT and this seems to hold in humans as well: https://t.co/fsqCKOp3ON https://t.co/Vodyd90sGd",en,1,0,2,0,199,"<a href=""https://mobile.twitter.com"" rel=""nofollow"">Twitter Web App</a>",https://x.com/softminus/status/1657968810576740352,False,True,2026-04-08T21:30:05.783515+00:00
1657402846277513222,mounjaro_weight,mounjaro,weight,2023-05-13T15:10:06+00:00,Tellit007,Tellit Likeitis,"@RealisticView33 @DrNadolsky Glp-1/GIP drugs are very effective in reducing appetite and/or speeding up fullness level. I have no side effects on Tirzepatide, which makes lifestyle and diet changes far easier and actually stick for the first time in my life. What part of that does not ""work""?",en,0,0,5,0,96,"<a href=""http://twitter.com/download/android"" rel=""nofollow"">Twitter for Android</a>",https://x.com/Tellit007/status/1657402846277513222,False,False,2026-04-08T21:30:05.783515+00:00
1657338806243057667,mounjaro_weight,mounjaro,weight,2023-05-13T10:55:37+00:00,Tellit007,Tellit Likeitis,@BHBEnjoyer @exfatloss @daedalus0101 @watchingFed @BenBikmanPhD That's not tracking with my statements. I wasn't talking about junk food. I lost weight using medium carb healthy diet and tirzepatide. All my health metrics are in the green zone. What's not to like?,en,1,0,1,0,48,"<a href=""http://twitter.com/download/android"" rel=""nofollow"">Twitter for Android</a>",https://x.com/Tellit007/status/1657338806243057667,False,True,2026-04-08T21:30:05.783515+00:00
1657097226592608283,mounjaro_weight,mounjaro,weight,2023-05-12T18:55:40+00:00,robertheadley,Robert Headley robertheadley.bsky.social,"I have lost 50-60 lbs taking Mounjaro and I am thankful, but I definitely didn't do anything other than take my medicine regularly and also not directly try to counteract the effects of the drug.",en,0,0,0,0,90,"<a href=""https://mobile.twitter.com"" rel=""nofollow"">Twitter Web App</a>",https://x.com/robertheadley/status/1657097226592608283,False,False,2026-04-08T21:30:05.783515+00:00
1657006613604061189,mounjaro_weight,mounjaro,weight,2023-05-12T12:55:37+00:00,TF_Aficionado,TF Aficionado of Texas,@ZubyMusic I have been taking Mounjaro.  At the doc getting a refill right now actually.   The doc told me I had trouble loosing weight from insulin resistance so this has helped greatly.  This combined with healthy eating and exercise I have lost 70 pounds so far and have 30 to go.,en,1,0,4,0,1678,"<a href=""http://twitter.com/download/iphone"" rel=""nofollow"">Twitter for iPhone</a>",https://x.com/TF_Aficionado/status/1657006613604061189,False,True,2026-04-08T21:30:05.783515+00:00
1656595816834904064,mounjaro_weight,mounjaro,weight,2023-05-11T09:43:15+00:00,BIllson1,Bill K,@MounjaroHCP since I’ve been in Mounjaro I have lost a total of 57.33 pounds in about 5 months !!!,en,0,0,1,0,70,"<a href=""http://twitter.com/download/iphone"" rel=""nofollow"">Twitter for iPhone</a>",https://x.com/BIllson1/status/1656595816834904064,False,False,2026-04-08T21:30:05.783515+00:00
1656489811245699076,mounjaro_weight,mounjaro,weight,2023-05-11T02:42:01+00:00,Beautifulife0_0,Beautiful life,"Mounjaro (tirzepatide) is a prescription injectable medication that is used to help adults with overweight or obesity lose weight. 

It is a once-weekly injection that works by helping to reduce appetite and increase feelings of fullness.

 https://t.co/t7djJ8hQan",en,0,0,0,0,25,"<a href=""http://twitter.com/download/iphone"" rel=""nofollow"">Twitter for iPhone</a>",https://x.com/Beautifulife0_0/status/1656489811245699076,False,False,2026-04-08T21:30:05.783515+00:00
1656420963276210177,mounjaro_weight,mounjaro,weight,2023-05-10T22:08:27+00:00,crystoofancy,Girl with the Dolphin Tattoo,"@TwinOfTiger I want the mounjaro so bad!! I’m ready to get my smartlipo and look like a proper thick bitch, but I still need to lose 30 lbs 😩😩",en,0,0,0,0,131,"<a href=""http://twitter.com/download/iphone"" rel=""nofollow"">Twitter for iPhone</a>",https://x.com/crystoofancy/status/1656420963276210177,False,True,2026-04-08T21:30:06.664831+00:00
1656022259453108226,mounjaro_weight,mounjaro,weight,2023-05-09T19:44:08+00:00,Tellit007,Tellit Likeitis,@BHBEnjoyer @daedalus0101 @watchingFed @BenBikmanPhD I lost 45lbs without starving and eating carbs. The horror! Tirzepatide for the win.,en,2,0,1,0,95,"<a href=""http://twitter.com/download/android"" rel=""nofollow"">Twitter for Android</a>",https://x.com/Tellit007/status/1656022259453108226,False,True,2026-04-08T21:30:06.664831+00:00
1656008138565328911,mounjaro_weight,mounjaro,weight,2023-05-09T18:48:02+00:00,ResearcherBy,LW. PhD |,"@GallaherCaren @TakeWeightOffMD On MounJaro since July except for 2 months post gall bladder removal---liver enzymes H post surgery. Resumed MJ, have lost 30+ lbs total; scores returned to normal.  Authors find NO evidence showing 👉 Tirzepatide linked to liver damage. || Me: MJ = Good. 
https://t.co/7QYGUnJCBa",en,0,1,2,0,123,"<a href=""https://mobile.twitter.com"" rel=""nofollow"">Twitter Web App</a>",https://x.com/ResearcherBy/status/1656008138565328911,False,True,2026-04-08T21:30:06.664831+00:00
1655932920761131008,mounjaro_weight,mounjaro,weight,2023-05-09T13:49:08+00:00,jenetta_terry,Jenetta Terry,"@elonmusk Have you tried the mounjaro yet I know you tried ozempic, so thats why I ask you.I lost 80 pounds in 4 1/2 months",en,0,0,0,0,84,"<a href=""https://mobile.twitter.com"" rel=""nofollow"">Twitter Web App</a>",https://x.com/jenetta_terry/status/1655932920761131008,False,True,2026-04-08T21:30:06.664831+00:00
1655091025025589249,mounjaro_weight,mounjaro,weight,2023-05-07T06:03:45+00:00,Arabicnewst,Arabic News,Eli Lilly says obesity drug tirzepatide resulted in weight loss of up to 34 pounds https://t.co/nflaQp3mYO,en,0,0,0,0,17,"<a href=""http://publicize.wp.com/"" rel=""nofollow"">Jetpack.com</a>",https://x.com/Arabicnewst/status/1655091025025589249,False,False,2026-04-08T21:30:06.664831+00:00
1655091018906103810,mounjaro_weight,mounjaro,weight,2023-05-07T06:03:43+00:00,khakisarnews,Aftab baloch,Eli Lilly says obesity drug tirzepatide resulted in weight loss of up to 34 pounds https://t.co/QrAosETELW,en,0,0,0,0,23,"<a href=""http://publicize.wp.com/"" rel=""nofollow"">Jetpack.com</a>",https://x.com/khakisarnews/status/1655091018906103810,False,False,2026-04-08T21:30:06.664831+00:00
1655090997565456384,mounjaro_weight,mounjaro,weight,2023-05-07T06:03:38+00:00,sanzeelv,Nasrullah Shah,Eli Lilly says obesity drug tirzepatide resulted in weight loss of up to 34 pounds https://t.co/xYETqtBc2m,en,0,0,0,0,13,"<a href=""http://publicize.wp.com/"" rel=""nofollow"">Jetpack.com</a>",https://x.com/sanzeelv/status/1655090997565456384,False,False,2026-04-08T21:30:06.664831+00:00
1654886716409360385,mounjaro_weight,mounjaro,weight,2023-05-06T16:31:54+00:00,shereiqns,leeloo dallas.,Maybe the mounjaro is working bc my appetite has been lacking since my dosage was increased,en,1,0,0,0,399,"<a href=""http://twitter.com/download/iphone"" rel=""nofollow"">Twitter for iPhone</a>",https://x.com/shereiqns/status/1654886716409360385,False,False,2026-04-08T21:30:06.664831+00:00
1654842594399059975,mounjaro_weight,mounjaro,weight,2023-05-06T13:36:34+00:00,mccarty17,Andrew McCarty,@traderchicago7 A friend from college is taking them - Mounjaro I believe? The guy has lost 130 pounds in 7 months. He’s said the same thing about over eating. Quite expensive though,en,1,0,1,0,681,"<a href=""http://twitter.com/download/iphone"" rel=""nofollow"">Twitter for iPhone</a>",https://x.com/mccarty17/status/1654842594399059975,False,True,2026-04-08T21:30:06.665828+00:00
1654560505674059779,mounjaro_weight,mounjaro,weight,2023-05-05T18:55:39+00:00,tudor_jacob,Jacob Tudor,"HumanProgress: ""In the latest tirzepatide trial, more than 86% of patients using the highest dose of the drug lost at least 5% of their body weight. More than half on that dose lost at least 15%, the company said.""
https://t.co/ricUoBlIyP Good things happening.#fb",en,0,0,0,0,28,"<a href=""https://ifttt.com"" rel=""nofollow"">IFTTT</a>",https://x.com/tudor_jacob/status/1654560505674059779,False,False,2026-04-08T21:30:06.665828+00:00
1654550276156665856,mounjaro_weight,mounjaro,weight,2023-05-05T18:15:00+00:00,HumanProgress,Human Progress,"""In the latest tirzepatide trial, more than 86% of patients using the highest dose of the drug lost at least 5% of their body weight. More than half on that dose lost at least 15%, the company said.""
https://t.co/5t3KfS15oA",en,1,3,6,1,4657,"<a href=""https://buffer.com"" rel=""nofollow"">Buffer App</a>",https://x.com/HumanProgress/status/1654550276156665856,False,False,2026-04-08T21:30:06.665828+00:00
1654518746138935299,mounjaro_weight,mounjaro,weight,2023-05-05T16:09:43+00:00,Tellit007,Tellit Likeitis,"@Nutradvance Very true. I have lost 45lbs and am now 100% metabolically healthy using tirzepatide. I eat a medium carb, Mediterranean style diet. Carbs are not the problem when not overconsumed. Same for fats.",en,0,0,1,0,53,"<a href=""http://twitter.com/download/android"" rel=""nofollow"">Twitter for Android</a>",https://x.com/Tellit007/status/1654518746138935299,False,True,2026-04-08T21:30:06.665828+00:00
1654267147865010177,mounjaro_weight,mounjaro,weight,2023-05-04T23:29:57+00:00,mama_atnight,D 🖤,Welp. I've lost 9lbs in two days because Mounjaro is making me so sick.,en,0,0,0,0,271,"<a href=""http://twitter.com/download/android"" rel=""nofollow"">Twitter for Android</a>",https://x.com/mama_atnight/status/1654267147865010177,False,False,2026-04-08T21:30:06.665828+00:00
1654135454713749505,mounjaro_weight,mounjaro,weight,2023-05-04T14:46:39+00:00,FakeTylerMorgan,Tyler Morgan,@Robeno @PatUnleashed @JeffyJFR My wife was put on Mounjaro for being pre-diabetic and having insulin resistant PCOS. I think she’s down almost 40 pounds in 5 months.,en,0,0,1,0,52,"<a href=""http://twitter.com/download/iphone"" rel=""nofollow"">Twitter for iPhone</a>",https://x.com/FakeTylerMorgan/status/1654135454713749505,False,True,2026-04-08T21:30:06.665828+00:00
1654116028626894849,mounjaro_weight,mounjaro,weight,2023-05-04T13:29:27+00:00,FakeTylerMorgan,Tyler Morgan,"@Robeno @PatUnleashed @JeffyJFR They brought up Mounjaro and ozempic on the show. I’ve been following your progress on Facebook, and for Pat’s recent diabetes diagnosis, maybe he should talk to you. That’s all. Nothing disparaging.",en,1,0,0,0,58,"<a href=""http://twitter.com/download/iphone"" rel=""nofollow"">Twitter for iPhone</a>",https://x.com/FakeTylerMorgan/status/1654116028626894849,False,True,2026-04-08T21:30:06.665828+00:00
1653979296950800385,mounjaro_weight,mounjaro,weight,2023-05-04T04:26:08+00:00,Winterrose,britton winterrose,"Dec 2022: 228
Today: 204

Controlling my type 2 diabetes w/
Metformin ER + Mounjaro (weekly)

Cut my appetite in half.

No cardio exercise yet. 
Working on my ankle (exercise physiologist) and asthma (pulmonologist) to get ready to run now that my body has less weight. https://t.co/qlk9aQzaDd",en,3,0,12,0,1242,"<a href=""http://twitter.com/download/iphone"" rel=""nofollow"">Twitter for iPhone</a>",https://x.com/Winterrose/status/1653979296950800385,False,False,2026-04-08T21:30:06.665828+00:00
1653966964069367809,mounjaro_weight,mounjaro,weight,2023-05-04T03:37:08+00:00,mark37174,Mark,@GerberKawasaki @IdeaFactory6969 @KimKardashian I take Mounjaro for my type 2 diabetes and have lost a ton of weight. The nausea and throwing up is not worth it for weight loss!,en,0,0,1,0,87,"<a href=""http://twitter.com/#!/download/ipad"" rel=""nofollow"">Twitter for iPad</a>",https://x.com/mark37174/status/1653966964069367809,False,True,2026-04-08T21:30:07.549523+00:00
1653740099274780675,mounjaro_weight,mounjaro,weight,2023-05-03T12:35:39+00:00,kandicejasmine,K.B.,"@feminineraging @margrittes @littleowlella @tiannelisex I’m on Mounjaro, which is a similar medicine. My doctor prescribed me that because I was diagnosed with PCOS, pre-diabetic &amp; I was extremely close to being 200 pounds as I am 4’11”. There’s a whole community going through the same thing and they are having a hard time getting it.",en,0,0,2,0,97,"<a href=""http://twitter.com/download/iphone"" rel=""nofollow"">Twitter for iPhone</a>",https://x.com/kandicejasmine/status/1653740099274780675,False,True,2026-04-08T21:30:07.549523+00:00
1653602411448094721,mounjaro_weight,mounjaro,weight,2023-05-03T03:28:31+00:00,Christi81021836,LadyFairCigarettes,@BrightlyAgain One of my customers came in my store the other day and told me he took that Mounjaro shot to lose weight he said he got so sick and was actually hospitalized for a week I’m like well yeah that shit isn’t for people that just want to shed a few pounds 🤦🏻‍♀️,en,0,0,1,0,134,"<a href=""http://twitter.com/download/iphone"" rel=""nofollow"">Twitter for iPhone</a>",https://x.com/Christi81021836/status/1653602411448094721,False,True,2026-04-08T21:30:07.549523+00:00
1653598642522173440,mounjaro_weight,mounjaro,weight,2023-05-03T03:13:33+00:00,lopezunwired,Paul Lopez,Eli Lilly says obesity drug tirzepatide resulted in weight loss of up to 34 pounds #Healthcare https://t.co/p3fsYwKMv9,en,0,0,0,0,27,"<a href=""https://dlvrit.com/"" rel=""nofollow"">dlvr.it</a>",https://x.com/lopezunwired/status/1653598642522173440,False,False,2026-04-08T21:30:07.549523+00:00
1653459345143746562,mounjaro_weight,mounjaro,weight,2023-05-02T18:00:02+00:00,Nightline,Nightline,"Kaitlyn Wade says she’s lost 80lbs since starting to take Mounjaro. While the medication is currently used to treat Type 2 diabetes, its manufacturer released data that they say demonstrates the drug is safe and effective for weight loss, and is seeking FDA approval.

@MonaKAbdi https://t.co/cQz5YVqQOf",en,2,1,3,0,1325,"<a href=""https://studio.twitter.com"" rel=""nofollow"">Twitter Media Studio</a>",https://x.com/Nightline/status/1653459345143746562,False,False,2026-04-08T21:30:07.549523+00:00
1653212261505179648,mounjaro_weight,mounjaro,weight,2023-05-02T01:38:12+00:00,Boomer19565910,Boomer,@NadinaCP @TakeWeightOffMD Bullllllshit. #mounjaro is absolutely the magic weight loss drug. It suppresses your appetite. No eating= No way your body can gain weight.,en,0,0,2,0,74,"<a href=""http://twitter.com/download/iphone"" rel=""nofollow"">Twitter for iPhone</a>",https://x.com/Boomer19565910/status/1653212261505179648,False,True,2026-04-08T21:30:07.550520+00:00
1653207061440626688,mounjaro_weight,mounjaro,weight,2023-05-02T01:17:33+00:00,fitforfreelance,Reggie Wilson,Weight loss injection drug Tirzepatide (Mounjaro) had a big press release last week about their SURMOUNT-2 trial. Subjects lost as much as 34 pounds in 72 weeks. Get the update on YT https://t.co/6HfboDfdTH #elililly #weightloss #medicalnews #tirzepatide #mounjaro #medicine,en,0,0,0,0,100,"<a href=""https://mobile.twitter.com"" rel=""nofollow"">Twitter Web App</a>",https://x.com/fitforfreelance/status/1653207061440626688,False,False,2026-04-08T21:30:07.550520+00:00
1653136672429580302,mounjaro_weight,mounjaro,weight,2023-05-01T20:37:51+00:00,angryelderjay,Angry Elder Millennial,I’ve officially broken 50 lbs lost since November 2022 and I’m 53% to my goal weight. #weightloss #Mounjaro #GLP1 #weightlossjourney https://t.co/yLcs0WWMIY,en,5,0,18,1,1829,"<a href=""http://twitter.com/download/iphone"" rel=""nofollow"">Twitter for iPhone</a>",https://x.com/angryelderjay/status/1653136672429580302,False,False,2026-04-08T21:30:07.550520+00:00
1653114174384267283,mounjaro_weight,mounjaro,weight,2023-05-01T19:08:27+00:00,bo_bolin,Bo,"Type 2 diabetes out of nowhere on 8 March. Crazy, right? All relevant levels off the charts. Doc told me to try this thing called Mounjaro (not knowing it was the “in thing”) FFW to today, down 30 lbs in less than 2 months. Crazier, right? #type2 #Mounjaro #53yrsold https://t.co/5AvkhJ7nMG",en,0,0,0,0,33,"<a href=""http://twitter.com/download/iphone"" rel=""nofollow"">Twitter for iPhone</a>",https://x.com/bo_bolin/status/1653114174384267283,False,False,2026-04-08T21:30:07.550520+00:00
1652956971417452544,mounjaro_weight,mounjaro,weight,2023-05-01T08:43:47+00:00,goldshaw2,Goldshaw,"The medication, which reduces appetite and boosts energy expenditure, is given by injection once a week.
According to analysts, peak sales of tirzepatide could approach $50B, making it the most successful medication ever. #weightloss #FDA #diabetes",en,0,0,0,0,52,"<a href=""https://mobile.twitter.com"" rel=""nofollow"">Twitter Web App</a>",https://x.com/goldshaw2/status/1652956971417452544,False,True,2026-04-08T21:30:07.550520+00:00
1652849246922756096,mounjaro_weight,mounjaro,weight,2023-05-01T01:35:43+00:00,EsterPhd,whats up Doc?,"@drdrew @ChrisCuomo It was due to steroids (asthma meds) that promoted my weight gain, 80 pounds over 25 years.  Mounjaro was prescribed by my physician after changing my asthma medication and I’ve lost 20 pounds in two months.  This is not cheating, this is healthy way to lose.",en,1,0,1,0,222,"<a href=""http://twitter.com/download/iphone"" rel=""nofollow"">Twitter for iPhone</a>",https://x.com/EsterPhd/status/1652849246922756096,False,True,2026-04-08T21:30:07.550520+00:00
1652827827031490562,mounjaro_weight,mounjaro,weight,2023-05-01T00:10:36+00:00,Rcknrollbabe14,Brianna ❤️❤️,"TW: weight, food

I started my Mounjaro today and can already tell a difference in my appetite.",en,1,0,1,0,209,"<a href=""http://twitter.com/download/iphone"" rel=""nofollow"">Twitter for iPhone</a>",https://x.com/Rcknrollbabe14/status/1652827827031490562,False,False,2026-04-08T21:30:07.550520+00:00
1652779080578891776,mounjaro_weight,mounjaro,weight,2023-04-30T20:56:54+00:00,inkedtater,⛈ 🤿 🥔 shon.🏕️🧑🏻‍💻⛈,"Since September, when I started on Mounjaro I have gone from 340 lbs and a size 44 waist to 245, and a size 36 waist.",en,8,0,48,0,5388,"<a href=""http://twitter.com/download/iphone"" rel=""nofollow"">Twitter for iPhone</a>",https://x.com/inkedtater/status/1652779080578891776,False,False,2026-04-08T21:30:07.550520+00:00
1652652623906914304,mounjaro_weight,mounjaro,weight,2023-04-30T12:34:24+00:00,GassionGreta,Greta,"The biggest side effect of $LLY's new fab weight-loss drug Mounjaro is on your wallet. $1000 a month and most insurers don't cover it. If you lose 60 pounds in a year, you pay $200 per pound. There's no free lunch and now it's not even free to skip lunch. 
https://t.co/xoEVv36LdR",en,0,0,0,0,111,"<a href=""https://mobile.twitter.com"" rel=""nofollow"">Twitter Web App</a>",https://x.com/GassionGreta/status/1652652623906914304,False,False,2026-04-08T21:30:07.550520+00:00
1652605100722978819,mounjaro_weight,mounjaro,weight,2023-04-30T09:25:34+00:00,SennaSimama,Weight Loss Success,Eli Lilly says obesity drug tirzepatide resulted in weight loss of up to 34 pounds - CNBC https://t.co/egI1WfmJce,en,0,0,0,0,30,"<a href=""https://ifttt.com"" rel=""nofollow"">IFTTT</a>",https://x.com/SennaSimama/status/1652605100722978819,False,False,2026-04-08T21:30:08.510872+00:00
1652417512259108868,mounjaro_weight,mounjaro,weight,2023-04-29T21:00:10+00:00,kxly4news,4 News Now,"Tirzepatide helped people with type 2 diabetes who were overweight or obese lose up to 16% of their body weight, or more than 34 pounds, over nearly 17 months. https://t.co/AlUWJCttRt",en,0,0,1,0,826,"<a href=""http://www.socialnewsdesk.com"" rel=""nofollow"">SocialNewsDesk</a>",https://x.com/kxly4news/status/1652417512259108868,False,False,2026-04-08T21:30:08.511867+00:00
1652383551017418761,mounjaro_weight,mounjaro,weight,2023-04-29T18:45:13+00:00,SteveG49958033,Steve G,"@rob4684 They Forced Covid Vaccination Down Everyone's Throat, This One Needs to be Jabbed in the Ass with Massive Dose Tirzepatide, marketed as Mounjaro for diabetes, showed even higher levels of weight loss: Participants had lost about 21% of their body weight, which was unprecedented!",en,0,0,0,0,80,"<a href=""https://mobile.twitter.com"" rel=""nofollow"">Twitter Web App</a>",https://x.com/SteveG49958033/status/1652383551017418761,False,True,2026-04-08T21:30:08.511867+00:00
1652357123144130561,mounjaro_weight,mounjaro,weight,2023-04-29T17:00:12+00:00,TimesFreePress,Times Free Press,"Tirzepatide and other medications spur weight loss by targeting the metabolic conditions that lead to extra pounds. Here's what to know about these new prescription drugs that promise weight loss. 

https://t.co/crpr2llGG7",en,0,0,0,0,723,"<a href=""http://www.socialnewsdesk.com"" rel=""nofollow"">SocialNewsDesk</a>",https://x.com/TimesFreePress/status/1652357123144130561,False,False,2026-04-08T21:30:08.511867+00:00
1652340312269025281,mounjaro_weight,mounjaro,weight,2023-04-29T15:53:24+00:00,JustJewels93,Just Julie,@lchfRD @maximumcharacte @virtahealth Here’s a pic of my weight loss beginning May 2018 with keto. Zero “cheats” in that time. I added Mounjaro August 2022. I’ve lost 55lbs since then. https://t.co/64CScjEE9g,en,1,0,1,0,214,"<a href=""http://twitter.com/download/iphone"" rel=""nofollow"">Twitter for iPhone</a>",https://x.com/JustJewels93/status/1652340312269025281,False,True,2026-04-08T21:30:08.511867+00:00
1652336925729247232,mounjaro_weight,mounjaro,weight,2023-04-29T15:39:56+00:00,JustJewels93,Just Julie,This is a graph of my weight loss since May 2018 when I began keto. I continued with the diet (no “cheats”) and began gaining before I started Mounjaro. Can you guess when I added it? I’ve lost 55 lbs since August 2022. https://t.co/dVMknNP7CI,en,2,0,6,0,1326,"<a href=""http://twitter.com/download/iphone"" rel=""nofollow"">Twitter for iPhone</a>",https://x.com/JustJewels93/status/1652336925729247232,False,False,2026-04-08T21:30:08.511867+00:00
1652253625907834880,mounjaro_weight,mounjaro,weight,2023-04-29T10:08:56+00:00,VandeMataramUK,Kumar. USMLE Step 2,"Key takeaways:
Adults receiving tirzepatide 10 mg or 15 mg lost more than 13% of their body weight at 72 weeks.
A little more than half of adults in the tirzepatide 15 mg group achieved a 15% or greater weight loss.",en,0,0,0,0,28,"<a href=""https://mobile.twitter.com"" rel=""nofollow"">Twitter Web App</a>",https://x.com/VandeMataramUK/status/1652253625907834880,False,False,2026-04-08T21:30:08.511867+00:00
1652192488885719045,mounjaro_weight,mounjaro,weight,2023-04-29T06:06:00+00:00,naokilaw,岡田直己｜Naoki OKADA,"Eli Lilly said a late-stage trial of its Type 2 #diabetes drug #Mounjaro found that patients lost a significant amount of their body weights, prompting it to seek approval from the @US_FDA. It could become the biggest weight-loss drug in history.
https://t.co/ypmfCDxdaO",en,0,0,0,0,407,"<a href=""https://mobile.twitter.com"" rel=""nofollow"">Twitter Web App</a>",https://x.com/naokilaw/status/1652192488885719045,False,False,2026-04-08T21:30:08.511867+00:00
1652114975723491328,mounjaro_weight,mounjaro,weight,2023-04-29T00:57:59+00:00,tanniscook,Tannis,"People who suffer from obesity have always dreamed about a magic pill that could help them. Something that would suppress their appetite. A miracle. Now that there seems to be such a medication, Mounjaro, it costs $1500 a month.😕",en,1,0,0,0,102,"<a href=""http://twitter.com/download/iphone"" rel=""nofollow"">Twitter for iPhone</a>",https://x.com/tanniscook/status/1652114975723491328,False,False,2026-04-08T21:30:08.511867+00:00
1652104436481921026,mounjaro_weight,mounjaro,weight,2023-04-29T00:16:06+00:00,LindaMcbroom17,L L M B,"People with diabetes lost an average of 15% of body weight taking tirzepatide, Eli Lilly says https://t.co/02l775waYm",en,0,0,0,0,24,"<a href=""http://twitter.com/download/iphone"" rel=""nofollow"">Twitter for iPhone</a>",https://x.com/LindaMcbroom17/status/1652104436481921026,False,False,2026-04-08T21:30:08.511867+00:00
1652091822687100934,mounjaro_weight,mounjaro,weight,2023-04-28T23:25:59+00:00,R_Armstrong73,Robert Armstrong,6 months and 75 pounds of #weightloss #Mounjaro #liift4 #diet and a lot of #exercise https://t.co/F0G6iRb05T,en,1,0,11,0,1324,"<a href=""http://twitter.com/download/iphone"" rel=""nofollow"">Twitter for iPhone</a>",https://x.com/R_Armstrong73/status/1652091822687100934,False,False,2026-04-08T21:30:08.511867+00:00
1652077698259230726,mounjaro_weight,mounjaro,weight,2023-04-28T22:29:52+00:00,austxbarry,Turd Ferguson,"@bullybelleTN I started Mounjaro in late December after finding out I had T2D.  Lost 20 lbs in 8 weeks, improved my diet (less carbs), but no exercise changes.  At 3 month checkup my A1C was down to 5.9 from 8.3.",en,0,0,0,0,156,"<a href=""http://twitter.com/#!/download/ipad"" rel=""nofollow"">Twitter for iPad</a>",https://x.com/austxbarry/status/1652077698259230726,False,False,2026-04-08T21:30:08.511867+00:00
1652012392262320137,mounjaro_weight,mounjaro,weight,2023-04-28T18:10:21+00:00,JDBalartMSNBC,José Díaz-Balart Reports,"""This is not a quick fix for a celebrity looking to lose ten pounds,"" @kavitapmd says of new diabetes drug tirzepatide, aka Mounjaro. 

""These drugs are a life changer and truly a life saver for my diabetic patients.""

@jdbalart 
@MSNBC https://t.co/mcdV7PdVyf",en,0,0,1,0,381,"<a href=""http://wildmoka.com"" rel=""nofollow"">Wildmoka</a>",https://x.com/JDBalartMSNBC/status/1652012392262320137,False,False,2026-04-08T21:30:08.512864+00:00
1651977120132759554,mounjaro_weight,mounjaro,weight,2023-04-28T15:50:12+00:00,KGETnews,KGET 17 News,"A new drug called tirzepatide, is poised to become the most potent obesity drug on the market, promising users losses of more than 30 to 50 pounds over time.
https://t.co/fKHpsAcHOS",en,0,1,1,0,1027,"<a href=""http://www.socialflow.com"" rel=""nofollow"">SocialFlow</a>",https://x.com/KGETnews/status/1651977120132759554,False,False,2026-04-08T21:30:08.512864+00:00
1651927072212656128,mounjaro_weight,mounjaro,weight,2023-04-28T12:31:19+00:00,HalfAssFitness,Amalek - Half Ass Fitness,"Magic weight loss pills are not that effective. In 17 months under the latest tirzepatide trial, 86% of patients on the highest dose of the drug lost at least 5% of their body weight. 

https://t.co/7we0AlsWkO

Exercise and Diet is still needed!!!",en,0,0,0,0,46,"<a href=""http://twitter.com/download/android"" rel=""nofollow"">Twitter for Android</a>",https://x.com/HalfAssFitness/status/1651927072212656128,False,False,2026-04-08T21:30:08.512864+00:00
1651825359757758466,mounjaro_weight,mounjaro,weight,2023-04-28T05:47:09+00:00,angryelderjay,Angry Elder Millennial,Getting older? It’s perfectly fine to have friends who become inspirational heroes. One of mine? @SummerDietitian. I’m down almost 50 lbs thanks to her posts. #Mounjaro #weightloss https://t.co/zPdOKK7tqJ,en,1,0,4,0,356,"<a href=""http://twitter.com/download/iphone"" rel=""nofollow"">Twitter for iPhone</a>",https://x.com/angryelderjay/status/1651825359757758466,False,False,2026-04-08T21:30:08.512864+00:00
1651805940109197315,mounjaro_weight,mounjaro,weight,2023-04-28T04:29:59+00:00,Editwit,Eduard Antoniu,Eli Lilly says obesity drug tirzepatide resulted in weight loss of up to 34 pounds https://t.co/GSQVgyyxPD,en,0,0,0,0,17,"<a href=""https://mobile.twitter.com"" rel=""nofollow"">Twitter Web App</a>",https://x.com/Editwit/status/1651805940109197315,False,False,2026-04-08T21:30:08.512864+00:00
1651796390433943553,mounjaro_weight,mounjaro,weight,2023-04-28T03:52:03+00:00,snipercatcher,Jane Hautanen,"People with diabetes lost an average of 15% of body weight taking tirzepatide, Eli Lilly says https://t.co/mT4a9S1jRo via @nbcnews",en,0,1,0,0,94,"<a href=""https://mobile.twitter.com"" rel=""nofollow"">Twitter Web App</a>",https://x.com/snipercatcher/status/1651796390433943553,False,False,2026-04-08T21:30:08.512864+00:00
1651719086571765761,mounjaro_weight,mounjaro,weight,2023-04-27T22:44:52+00:00,haleafine,✮ ✪ keesh 🫎 🐿,"Health/Weight loss

Mounjaro shouldn't be hard to get and my cousin apparently lost 60lbs already from it like gimme it too. But insurance is like nah. Sigh.",en,0,0,0,0,77,"<a href=""https://mobile.twitter.com"" rel=""nofollow"">Twitter Web App</a>",https://x.com/haleafine/status/1651719086571765761,False,False,2026-04-08T21:30:09.412593+00:00
1651681596313858049,mounjaro_weight,mounjaro,weight,2023-04-27T20:15:53+00:00,wardfan22,Ron Ross,@DaleJr I take the weight loss shot also. I’ve lost 50 lbs on mounjaro,en,0,0,0,0,43,"<a href=""http://twitter.com/download/iphone"" rel=""nofollow"">Twitter for iPhone</a>",https://x.com/wardfan22/status/1651681596313858049,False,False,2026-04-08T21:30:09.412593+00:00
1651681429661577243,mounjaro_weight,mounjaro,weight,2023-04-27T20:15:14+00:00,Reuters_Health,Reuters Health,"A large trial showed that a high dose of Eli Lilly and Co's Mounjaro helped people with type 2 diabetes who were also obese or overweight to lose nearly 16% of their body weight, or over 34 pounds (15kg) on average, the company said on Thursday. https://t.co/1dlbNqMyWU",en,0,2,2,0,1168,"<a href=""https://trueanthem.com/"" rel=""nofollow"">True Anthem</a>",https://x.com/Reuters_Health/status/1651681429661577243,False,False,2026-04-08T21:30:09.413590+00:00
1651668787819859968,mounjaro_weight,mounjaro,weight,2023-04-27T19:25:00+00:00,Alpha_Bronze,AlphaBronze,"Eli Lilly says obesity drug tirzepatide resulted in weight loss of up to 34 pounds! Patients in the placebo group who did not receive the injection lost 7 pounds on average! $LLY #pharma #obesity 
https://t.co/bAuzTNv5Ea",en,0,0,2,0,109,"<a href=""https://mobile.twitter.com"" rel=""nofollow"">Twitter Web App</a>",https://x.com/Alpha_Bronze/status/1651668787819859968,False,False,2026-04-08T21:30:09.413590+00:00
1651668094077501440,mounjaro_weight,mounjaro,weight,2023-04-27T19:22:14+00:00,Swearingen20,Mike Swearingen,"I’ve struggled with being overweight my entire life. That has also led to depression with being overweight. On July 1st I started my weight loss journey weighing 226 pounds. Thanks to Mounjaro injections, today I am below the 160 pound mark for the first time in yearsssssss https://t.co/nzWGWo2RWy",en,1,0,6,0,621,"<a href=""http://twitter.com/download/iphone"" rel=""nofollow"">Twitter for iPhone</a>",https://x.com/Swearingen20/status/1651668094077501440,False,False,2026-04-08T21:30:09.413590+00:00
1651651644390514703,mounjaro_weight,mounjaro,weight,2023-04-27T18:16:52+00:00,Tulsamensclinic,Tulsa Men's Clinic,"In just TWO MONTHS of this patient taking Tirzepatide, she’s lost 17 lbs total, and now only 5 lbs away from her goal! Tirzepatide is the next generation for weight control. See results quickly by scheduling an office visit today! 📲918-995-4397 https://t.co/xz0MlpBEAk",en,0,0,0,0,66,"<a href=""https://mobile.twitter.com"" rel=""nofollow"">Twitter Web App</a>",https://x.com/Tulsamensclinic/status/1651651644390514703,False,False,2026-04-08T21:30:09.413590+00:00
1651651166651002881,mounjaro_weight,mounjaro,weight,2023-04-27T18:14:58+00:00,OK_MensClinic,OKMensClinic,"In just TWO MONTHS of this patient taking Tirzepatide, she’s lost 17 lbs total, and now only 5 lbs away from her goal! Tirzepatide is the next generation for weight control. See results quickly by scheduling an office visit today! 📲405-296-6812 https://t.co/p1drFZsbaG",en,0,0,0,0,59,"<a href=""https://mobile.twitter.com"" rel=""nofollow"">Twitter Web App</a>",https://x.com/OK_MensClinic/status/1651651166651002881,False,False,2026-04-08T21:30:09.413590+00:00
1651650379791335424,mounjaro_weight,mounjaro,weight,2023-04-27T18:11:51+00:00,Newsmeta01,Adarsh Jha,"Eli Lilly says obesity drug tirzepatide resulted in weight loss of up to 34 pounds
https://t.co/ISzABktEi0",en,0,0,0,0,6,"<a href=""https://mobile.twitter.com"" rel=""nofollow"">Twitter Web App</a>",https://x.com/Newsmeta01/status/1651650379791335424,False,False,2026-04-08T21:30:09.413590+00:00
1651632311694237712,mounjaro_weight,mounjaro,weight,2023-04-27T17:00:03+00:00,KPLC7News,KPLC,"Rather than relying solely on diet, exercise and willpower to reduce weight, tirzepatide and other new drugs target the digestive and chemical pathways that underlie obesity, suppressing appetite and blunting cravings for food. https://t.co/5OHWyfLn7Y",en,0,0,0,0,408,"<a href=""http://www.socialnewsdesk.com"" rel=""nofollow"">SocialNewsDesk</a>",https://x.com/KPLC7News/status/1651632311694237712,False,False,2026-04-08T21:30:09.413590+00:00
1651622207502548993,mounjaro_weight,mounjaro,weight,2023-04-27T16:19:54+00:00,CSOFTHealth,CSOFT Health Sciences,"A large-scale Eli Lilly trial found Mounjaro, previously FDA-approved for #diabetes, helped obese diabetic participants reduce their body weight by an unprecedented 16% (34 lbs. on average), setting the stage for reapproval as a weight loss treatment: https://t.co/PEnHVCoHyE https://t.co/AsoYUGQg3u",en,0,1,0,0,97,"<a href=""https://www.hootsuite.com"" rel=""nofollow"">Hootsuite Inc.</a>",https://x.com/CSOFTHealth/status/1651622207502548993,False,False,2026-04-08T21:30:09.413590+00:00
1651620995013267458,mounjaro_weight,mounjaro,weight,2023-04-27T16:15:05+00:00,10TV,10TV,"Tirzepatide helped people with type 2 diabetes who were overweight or had obesity lose up to 16% of their body weight, or more than 34 pounds, over nearly 17 months. https://t.co/JVbT8VATTR #10TV",en,1,0,7,0,5364,"<a href=""http://www.socialnewsdesk.com"" rel=""nofollow"">SocialNewsDesk</a>",https://x.com/10TV/status/1651620995013267458,False,False,2026-04-08T21:30:09.413590+00:00
1651619563736555521,mounjaro_weight,mounjaro,weight,2023-04-27T16:09:24+00:00,SmallTudorJonez,Austin,🌟🏋️ Eli Lilly's #obesity drug tirzepatide helped patients lose up to 34 pounds! The #FDA application for broader use is coming soon. 💊💪 $LLY #healthcare,en,0,0,0,0,57,"<a href=""https://mobile.twitter.com"" rel=""nofollow"">Twitter Web App</a>",https://x.com/SmallTudorJonez/status/1651619563736555521,False,False,2026-04-08T21:30:09.413590+00:00
1651617335675875328,mounjaro_weight,mounjaro,weight,2023-04-27T16:00:33+00:00,Reuters_Health,Reuters Health,"A large trial showed that a high dose of Eli Lilly and Co's Mounjaro helped people with type 2 diabetes who were also obese or overweight to lose nearly 16% of their body weight, or over 34 pounds (15kg) on average, the company said on Thursday. https://t.co/c69fTVZ5Zo",en,0,0,3,0,913,"<a href=""https://trueanthem.com/"" rel=""nofollow"">True Anthem</a>",https://x.com/Reuters_Health/status/1651617335675875328,False,False,2026-04-08T21:30:09.413590+00:00
1651616561096978435,mounjaro_weight,mounjaro,weight,2023-04-27T15:57:28+00:00,Loretta63354723,Truly Blessed,"Pharma Giant Eli Lilly Has Released Data Showing Unprecedented Weight Loss For Participants Taking Tirzepatide, A New Weight Loss Drug.

In The Lastest Study Participants Who Took The Drug Lost Up To 15.7% Of Their Body Weight.
Still In Clinical Trials/Not Approved Yet By FDA https://t.co/MESEhJwB5n",en,0,0,0,0,17,"<a href=""http://twitter.com/download/android"" rel=""nofollow"">Twitter for Android</a>",https://x.com/Loretta63354723/status/1651616561096978435,False,False,2026-04-08T21:30:09.413590+00:00
1651614282558365703,mounjaro_weight,mounjaro,weight,2023-04-27T15:48:25+00:00,pwestling,Porter Westling,@mold_time Being on the potato diet still felt like _being on a diet_ even if it was way easier for parts. I've lost 34 pounds on tirzepatide (only ever lost 20 on potato) and I just feel like how I imagine normal eaters feel all the time. I'm not food addicted anymore.,en,0,0,1,0,65,"<a href=""https://mobile.twitter.com"" rel=""nofollow"">Twitter Web App</a>",https://x.com/pwestling/status/1651614282558365703,False,True,2026-04-08T21:30:09.413590+00:00
1651613642155237378,mounjaro_weight,mounjaro,weight,2023-04-27T15:45:52+00:00,pwestling,Porter Westling,"@mold_time I lost a bunch of weight on the potato diet, felt the change in hunger, and am now on tirzepatide.

It's totally different, but very hard to describe how.",en,1,0,2,0,168,"<a href=""https://mobile.twitter.com"" rel=""nofollow"">Twitter Web App</a>",https://x.com/pwestling/status/1651613642155237378,False,True,2026-04-08T21:30:09.413590+00:00
1651601269214126080,mounjaro_weight,mounjaro,weight,2023-04-27T14:56:42+00:00,daydreamingmian,MAC-A-DAY-DAY,Eli Lilly says obesity drug tirzepatide resulted in weight loss of up to 34 pounds https://t.co/WF3rshrEVm,en,0,0,0,0,12,"<a href=""https://mobile.twitter.com"" rel=""nofollow"">Twitter Web App</a>",https://x.com/daydreamingmian/status/1651601269214126080,False,False,2026-04-08T21:30:10.283934+00:00
1651597628478746630,mounjaro_weight,mounjaro,weight,2023-04-27T14:42:14+00:00,jwakengineer,john wakefield,"Type 2 diabetes weight loss: mounjaro usually much better than ozempic etc; but side effects a serious consideration! Eg. mounjaro 100++ pounds loss in 17 months. Some take chems to loose weight, others chems to gain weight (like me)...2 macro sides to every story...",en,0,0,0,0,182,"<a href=""http://twitter.com/download/android"" rel=""nofollow"">Twitter for Android</a>",https://x.com/jwakengineer/status/1651597628478746630,False,False,2026-04-08T21:30:10.283934+00:00
1651592684165890053,mounjaro_weight,mounjaro,weight,2023-04-27T14:22:35+00:00,NewSsWard,NewsWard,Eli Lilly says obesity drug tirzepatide resulted in weight loss of up to 34 pounds https://t.co/zwB7DZJTda,en,0,0,0,0,9,"<a href=""http://publicize.wp.com/"" rel=""nofollow"">Jetpack.com</a>",https://x.com/NewSsWard/status/1651592684165890053,False,False,2026-04-08T21:30:10.283934+00:00
1651588182905856000,mounjaro_weight,mounjaro,weight,2023-04-27T14:04:42+00:00,TopStockAlerts1,Top Stock Alerts,"$LLY Eli Lilly says obesity drug tirzepatide resulted in weight loss of up to 34 pounds

https://t.co/DyYO9IMgsd",en,0,0,1,0,1625,"<a href=""https://stocktwits.com"" rel=""nofollow"">StockTwits Web</a>",https://x.com/TopStockAlerts1/status/1651588182905856000,False,False,2026-04-08T21:30:10.283934+00:00
1651586356475310082,mounjaro_weight,mounjaro,weight,2023-04-27T13:57:27+00:00,CNBC,CNBC,Eli Lilly says obesity drug tirzepatide resulted in weight loss of up to 34 pounds  https://t.co/uyEoIQs7jl,en,1,6,18,0,17087,"<a href=""http://erased26948772_Fd8rxk5Oao.com"" rel=""nofollow"">erased26948772_Fd8rxk5Oao</a>",https://x.com/CNBC/status/1651586356475310082,False,False,2026-04-08T21:30:10.283934+00:00
1651585654810107906,mounjaro_weight,mounjaro,weight,2023-04-27T13:54:39+00:00,B2Cpromo1,B2Cpromo,Eli Lilly says obesity drug tirzepatide resulted in weight loss of up to 34 pounds https://t.co/2kCCNiRMDI,en,0,0,0,0,7,"<a href=""https://ifttt.com"" rel=""nofollow"">IFTTT</a>",https://x.com/B2Cpromo1/status/1651585654810107906,False,False,2026-04-08T21:30:10.283934+00:00
1651583895844843520,mounjaro_weight,mounjaro,weight,2023-04-27T13:47:40+00:00,investnewsweek,Invest News Week,Eli Lilly says obesity drug tirzepatide resulted in weight loss of up to 34 pounds https://t.co/c4vsrhNqbV,en,0,0,0,0,11,"<a href=""https://ifttt.com"" rel=""nofollow"">IFTTT</a>",https://x.com/investnewsweek/status/1651583895844843520,False,False,2026-04-08T21:30:10.283934+00:00
1651581082209271808,mounjaro_weight,mounjaro,weight,2023-04-27T13:36:29+00:00,Fashion6001,World News,Eli Lilly says obesity drug tirzepatide resulted in weight loss of up to 34 pounds https://t.co/SwKdKKQegz,en,0,0,0,0,11,"<a href=""http://publicize.wp.com/"" rel=""nofollow"">Jetpack.com</a>",https://x.com/Fashion6001/status/1651581082209271808,False,False,2026-04-08T21:30:10.283934+00:00
1651580815078305798,mounjaro_weight,mounjaro,weight,2023-04-27T13:35:25+00:00,peterdimov,Peter Dimov,"@CP24 Tirzepatide, an Eli Lilly and Co. drug approved to treat type 2 diabetes under the brand name Mounjaro, helped people with the disease who were overweight or had obesity lose up to 16% of their body weight, or more than 34 pounds, over nearly 17 months",en,0,0,2,0,1923,"<a href=""http://twitter.com/download/iphone"" rel=""nofollow"">Twitter for iPhone</a>",https://x.com/peterdimov/status/1651580815078305798,False,True,2026-04-08T21:30:10.283934+00:00
1651578244125331457,mounjaro_weight,mounjaro,weight,2023-04-27T13:25:12+00:00,360mediaX,360MediaX,Eli Lilly says obesity drug tirzepatide resulted in weight loss of up to 34 pounds https://t.co/4oo9UtHyKT,en,0,0,0,0,8,"<a href=""https://dlvrit.com/"" rel=""nofollow"">dlvr.it</a>",https://x.com/360mediaX/status/1651578244125331457,False,False,2026-04-08T21:30:10.284932+00:00
1651577497857785856,mounjaro_weight,mounjaro,weight,2023-04-27T13:22:14+00:00,HaiKhuuTrading,HaiKhuu,"Eli Lilly says obesity drug tirzepatide resulted in weight loss of up to 34 pounds
$LLY

https://t.co/mUG0MlwrqV",en,0,0,0,0,53,"<a href=""http://erased26877700_bqvng02EGM.com"" rel=""nofollow"">erased26877700_bqvng02EGM</a>",https://x.com/HaiKhuuTrading/status/1651577497857785856,False,False,2026-04-08T21:30:10.284932+00:00
1651576951541477376,mounjaro_weight,mounjaro,weight,2023-04-27T13:20:04+00:00,stockninja_news,Breaking Stock News,"Eli Lilly says obesity drug tirzepatide resulted in weight loss of up to 34 pounds. LLY details: https://t.co/UyNIdkr3k1

https://t.co/b1Pmcs3UtV

#latest #breakingnews #notification",en,0,0,0,0,12,"<a href=""https://help.twitter.com/en/using-twitter/how-to-tweet#source-labels"" rel=""nofollow"">stockninjaionewsTweeter</a>",https://x.com/stockninja_news/status/1651576951541477376,False,False,2026-04-08T21:30:10.284932+00:00
1651565708721938433,mounjaro_weight,mounjaro,weight,2023-04-27T12:35:24+00:00,HokePhD,Dr. Thomas Hoke -Phd.,"Tirzepatide, an Eli Lilly and Co. drug approved to treat type 2 diabetes under the brand name Mounjaro, helped people with the disease who were overweight or had obesity lose up to 16% of their body weight, or more than 34 pounds, over nearly 17 months, the co. said on Thursday.",en,0,0,0,0,128,"<a href=""http://twitter.com/download/android"" rel=""nofollow"">Twitter for Android</a>",https://x.com/HokePhD/status/1651565708721938433,False,False,2026-04-08T21:30:10.284932+00:00
1651564893168979971,mounjaro_weight,mounjaro,weight,2023-04-27T12:32:09+00:00,YanceyNArkansas,Yancey Prosser 🌊,@CNNThisMorning @PoppyHarlowCNN would have been nice to interview someone who has taken it. No longer prediabetic -40 lbs minus 1 bp med #Mounjaro #success,en,0,0,0,0,99,"<a href=""http://twitter.com/download/iphone"" rel=""nofollow"">Twitter for iPhone</a>",https://x.com/YanceyNArkansas/status/1651564893168979971,False,False,2026-04-08T21:30:10.284932+00:00
1651560750651957248,mounjaro_weight,mounjaro,weight,2023-04-27T12:15:42+00:00,BerneMuthien,Bernedette Muthien,"Tirzepatide, an Eli Lilly and Co. drug approved to treat type 2 diabetes under the brand name Mounjaro, helped people with the disease who were overweight or had obesity lose up to 16% of their body weight, or more than 34 pounds, over nearly 17 months

https://t.co/h2aLWIiYBV https://t.co/BPUd6XD4Cv",en,0,1,0,0,64,"<a href=""http://twitter.com/download/android"" rel=""nofollow"">Twitter for Android</a>",https://x.com/BerneMuthien/status/1651560750651957248,False,False,2026-04-08T21:30:10.284932+00:00
1651558191275057152,mounjaro_weight,mounjaro,weight,2023-04-27T12:05:31+00:00,Frashca1,anthony,@GMA HI Mike I lost 45 pounds on mounjaro and my diabetes is in remission great medication,en,0,0,0,0,14,"<a href=""http://twitter.com/download/android"" rel=""nofollow"">Twitter for Android</a>",https://x.com/Frashca1/status/1651558191275057152,False,False,2026-04-08T21:30:10.284932+00:00
1651553076312961028,mounjaro_weight,mounjaro,weight,2023-04-27T11:45:12+00:00,Reuters_Health,Reuters Health,"A large trial showed that a high dose of Eli Lilly and Co's Mounjaro helped people with type 2 diabetes who were also obese or overweight to lose nearly 16% of their body weight, or over 34 pounds (15kg) on average, the company said on Thursday. https://t.co/Rbj0zasxbT",en,0,0,0,0,992,"<a href=""https://trueanthem.com/"" rel=""nofollow"">True Anthem</a>",https://x.com/Reuters_Health/status/1651553076312961028,False,False,2026-04-08T21:30:10.284932+00:00
1651551599054004225,mounjaro_weight,mounjaro,weight,2023-04-27T11:39:20+00:00,CMichaelGibson,C. Michael Gibson MD,Lilly's tirzepatide achieved up to 15.7% weight loss (34.4 pounds) in adults with obesity or overweight and type 2 diabetes in SURMOUNT-2 https://t.co/PRUTyrbWD1,en,1,4,21,0,3978,"<a href=""http://twitter.com/download/iphone"" rel=""nofollow"">Twitter for iPhone</a>",https://x.com/CMichaelGibson/status/1651551599054004225,False,False,2026-04-08T21:30:10.284932+00:00
1651538768577417218,mounjaro_weight,mounjaro,weight,2023-04-27T10:48:21+00:00,AlphaSenseInc,AlphaSense,"$LLY Earnings:

- Revenue in Q1 2023 decreased 11% driven by a $1.47 billion decline in revenue from COVID-19 antibodies
- Q1 2023 EPS decreased 29% to $1.49 on a reported basis and decreased 38% to $1.62 on a non-GAAP basis, both inclusive of $0.10 of acquired IPR&D
- 22023 reported EPS guidance raised $0.28 to be in the range of $8.18 to $8.38 and non-GAAP EPS guidance raised $0.30 to be in the range of $8.65 to $8.85

""Core business growth drove solid first-quarter financial results and a strong start for Lilly in 2023, which includes pipeline progress led by positive SURMOUNT-2 data for tirzepatide in obesity,"" said David A. Ricks, Lilly's chair and CEO. ""We also announced important price reductions to make insulin more affordable and accessible for people with diabetes, as well as a significant investment in manufacturing facilities. It is an exciting year for Lilly and we look forward to delivering more medicines for unmet health needs to more people around the world.""

https://t.co/CJRuG5pNMk",en,0,2,2,1,918,"<a href=""https://mobile.twitter.com"" rel=""nofollow"">Twitter Web App</a>",https://x.com/AlphaSenseInc/status/1651538768577417218,False,False,2026-04-08T21:30:10.284932+00:00
1651538660653772800,mounjaro_weight,mounjaro,weight,2023-04-27T10:47:55+00:00,leapingio,Leaping Market News,$LLY'S TIRZEPATIDE ACHIEVES UP TO 15.7% WEIGHT LOSS IN ADULTS WITH OBESITY AND TYPE 2 DIABETES IN LATE-STAGE TRIAL. PARTICIPANTS LOST UP TO 34.4 POUNDS. COMPANY EXPECTS TO COMPLETE SUBMISSION FOR DRUG IN COMING WEEKS AND REGULATORY ACTION BY LATE 2023.,en,0,0,0,0,64,"<a href=""https://ifttt.com"" rel=""nofollow"">IFTTT</a>",https://x.com/leapingio/status/1651538660653772800,False,False,2026-04-08T21:30:11.331462+00:00
1651533893445582850,mounjaro_weight,mounjaro,weight,2023-04-27T10:28:58+00:00,WISHNews8,WISH-TV News,Indianapolis-based Lilly says that its drug tirzepatide -- better known as Mounjaro -- helped people with diabetes who were overweight or had obesity lose up to 16% of their body weight -- or more than 34 pounds -- over 17 months. https://t.co/TZRzwstmNn,en,0,3,10,1,3911,"<a href=""https://about.twitter.com/products/tweetdeck"" rel=""nofollow"">TweetDeck</a>",https://x.com/WISHNews8/status/1651533893445582850,False,False,2026-04-08T21:30:11.332459+00:00
1651530838536777728,mounjaro_weight,mounjaro,weight,2023-04-27T10:16:50+00:00,Ainvest_Wire,AInvest Wire,"Eli Lilly: Participants with obesity or overweight and type 2 diabetes taking tirzepatide lost up to 34.4 lb
$LLY
#Ainvest #Ainvest_Wire #liveanalysis #investor #Finance 
View more: https://t.co/RoG3eime4L https://t.co/ZRtNE5xw1i",en,0,0,0,0,107,"<a href=""https://developer.twitter.com/en/portal/projects/1518171945996587008/apps/24075036/auth-settings"" rel=""nofollow"">AinvestNews</a>",https://x.com/Ainvest_Wire/status/1651530838536777728,False,False,2026-04-08T21:30:11.332459+00:00
1651530629559865344,mounjaro_weight,mounjaro,weight,2023-04-27T10:16:00+00:00,MrSauravThakur,Saurav Thakur,⚠️  ELI LILLY - PARTICIPANTS WITH OBESITY OR OVERWEIGHT AND TYPE 2 DIABETES TAKING TIRZEPATIDE LOST UP TO 34.4 LB. (15.6 KG),en,0,0,0,0,67,"<a href=""http://erased25128125_18XYNm7Ep3.com"" rel=""nofollow"">erased25128125_18XYNm7Ep3</a>",https://x.com/MrSauravThakur/status/1651530629559865344,False,False,2026-04-08T21:30:11.332459+00:00
1651339979463835649,mounjaro_weight,mounjaro,weight,2023-04-26T21:38:26+00:00,therick,Rick Delashmit,@AntifaChristian Maintenance is a great angle for oral as well. Down 40 lbs on Mounjaro and the thought of injecting a maintenance dose for the rest of my life isn’t super appealing. Would def prefer a tablet just to maintain the weight loss.,en,0,0,4,0,160,"<a href=""http://twitter.com/download/iphone"" rel=""nofollow"">Twitter for iPhone</a>",https://x.com/therick/status/1651339979463835649,False,True,2026-04-08T21:30:11.332459+00:00
1651242358862757891,mounjaro_weight,mounjaro,weight,2023-04-26T15:10:31+00:00,jeratti,jeratti,"well, i’ve lost 32 pounds on the mounjaro. https://t.co/LjBNVdc45C",en,17,1,220,1,28235,"<a href=""http://twitter.com/download/iphone"" rel=""nofollow"">Twitter for iPhone</a>",https://x.com/jeratti/status/1651242358862757891,False,False,2026-04-08T21:30:11.332459+00:00
1651225736869543940,mounjaro_weight,mounjaro,weight,2023-04-26T14:04:28+00:00,IfIWasDaKing,If I Were King 🌹,"I came down with diabetes. Horrible and scary.  Doctor gave me Mounjaro.  My take: it's fatphobia in an injection.  It treats my appetite the way they treated Alex' violence in Clockwork Orange.  I get sick every time I get hungry, like Pavlov's dog.  https://t.co/1hY1tXtbOD",en,3,0,4,1,647,"<a href=""https://mobile.twitter.com"" rel=""nofollow"">Twitter Web App</a>",https://x.com/IfIWasDaKing/status/1651225736869543940,False,False,2026-04-08T21:30:11.332459+00:00
1651152212175867904,mounjaro_weight,mounjaro,weight,2023-04-26T09:12:18+00:00,PracDiabetes,Practical Diabetes,"New research has uncovered a promising new treatment for type 2 diabetes combining tigerinin-1r (a molecule secreted by frogs) with tirzepatide to trigger the release of insulin from the pancreas, suppressing appetite and improving glucose tolerance. @DiabetesUK #diabetes",en,0,0,0,0,81,"<a href=""https://mobile.twitter.com"" rel=""nofollow"">Twitter Web App</a>",https://x.com/PracDiabetes/status/1651152212175867904,False,False,2026-04-08T21:30:11.332459+00:00
1651126464337817600,mounjaro_weight,mounjaro,weight,2023-04-26T07:30:00+00:00,jordannewsdaily,Jordan News,"Mounjaro is approved by the FDA to treat only Type 2 diabetes. “Mounjaro is not a weight loss drug,” the official website for the medication reads, under larger, bold purple letters proclaiming that people taking it have lost up to 25 pounds.

#JordanNews
https://t.co/ZbgelDpoSA",en,0,1,2,0,95,"<a href=""https://about.twitter.com/products/tweetdeck"" rel=""nofollow"">TweetDeck</a>",https://x.com/jordannewsdaily/status/1651126464337817600,False,False,2026-04-08T21:30:11.332459+00:00
1650949096608346113,mounjaro_weight,mounjaro,weight,2023-04-25T19:45:12+00:00,TxEliteHealthOn,Elite Health Online,"Tirzepatide, aka Mounjaro, is a medication for weight loss. It works by targeting specific hormones in the body that regulate appetite and blood sugar levels.

Click here to talk to a medical provider to get Mounjaro (Tirzepatide) delivered to your door. https://t.co/Xx8jTFaxrZ https://t.co/l5MmyFgemE",en,0,0,0,0,92,"<a href=""https://app.sendible.com"" rel=""nofollow"">Sendible</a>",https://x.com/TxEliteHealthOn/status/1650949096608346113,False,False,2026-04-08T21:30:11.333455+00:00
1650943065455218688,mounjaro_weight,mounjaro,weight,2023-04-25T19:21:14+00:00,ASHPOfficial,ASHP,"How effective is #tirzepatide for weight loss? The #SURMOUNT1 study of participants with overweight or obesity (but not T2D) showed participants who received the 15mg dose lost up to 22.5% of their body weight at 72 weeks.
https://t.co/WZp6SWYAAh",en,1,0,4,1,542,"<a href=""https://mobile.twitter.com"" rel=""nofollow"">Twitter Web App</a>",https://x.com/ASHPOfficial/status/1650943065455218688,False,True,2026-04-08T21:30:11.333455+00:00
1650846553412718593,mounjaro_weight,mounjaro,weight,2023-04-25T12:57:44+00:00,negropeggy,@negropeggy.bsky.social,"Lost about 30 pounds since I was put on Synjardy (at the end of Jan) and Mounjaro (in March). 

I see why so many are trying to get their hands on Mounjaro, for sure.",en,0,0,1,0,189,"<a href=""http://twitter.com/download/iphone"" rel=""nofollow"">Twitter for iPhone</a>",https://x.com/negropeggy/status/1650846553412718593,False,False,2026-04-08T21:30:11.333455+00:00
1650839734778732544,mounjaro_weight,mounjaro,weight,2023-04-25T12:30:38+00:00,ValleAlfonso,Alfonso Valle,"📖Research Progress on the GIP/GLP-1 Receptor Coagonist #Tirzepatide, a Rising ⭐️ in Type 2 Diabetes

👉 hypoglycaemic and weight ⬇️ effects
👉potential for CV protection
👉Ongoing trials in the areas of NAFLD, renal, and neuroprotection

📥 https://t.co/4qekcoKR2U https://t.co/t3AVEFTQaS",en,0,10,24,0,2562,"<a href=""http://twitter.com/download/iphone"" rel=""nofollow"">Twitter for iPhone</a>",https://x.com/ValleAlfonso/status/1650839734778732544,False,False,2026-04-08T21:30:11.333455+00:00
1650625373552402434,mounjaro_weight,mounjaro,weight,2023-04-24T22:18:50+00:00,R_Armstrong73,Robert Armstrong,"Something different than the everyday weight loss video, it’s about a plan/strategy for sustainability I have used to lose 72 pounds in 176 days. #weightloss #plan #mounjaro .  Mounjaro Weight Loss: Reaching goals and sustainability with the STAR plan.
https://t.co/jgGzMKQ7v9",en,0,0,0,0,65,"<a href=""http://twitter.com/download/iphone"" rel=""nofollow"">Twitter for iPhone</a>",https://x.com/R_Armstrong73/status/1650625373552402434,False,False,2026-04-08T21:30:11.333455+00:00
1650390952052228100,mounjaro_weight,mounjaro,weight,2023-04-24T06:47:20+00:00,Cool_ishFoolish,Cool_fool,"@shaundeeb @dankness3 @mflambert @shaundeeb, just an FYI: many people have lost hair on Ozempic and Mounjaro. Also, once you stop it, you regain all the weight",en,0,0,0,0,127,"<a href=""http://twitter.com/download/iphone"" rel=""nofollow"">Twitter for iPhone</a>",https://x.com/Cool_ishFoolish/status/1650390952052228100,False,True,2026-04-08T21:30:11.333455+00:00
1650063412381073416,mounjaro_weight,mounjaro,weight,2023-04-23T09:05:48+00:00,R_Armstrong73,Robert Armstrong,"71.6 pounds lost in 173 days with #LIIFT4, Diet Changes and #Mounjaro on my #HealthAndFitness Journey.  #exercise and #HealthyEating have been keys to my success.  The videos touches on some of these aspects
https://t.co/DUfHRox8u4",en,0,0,0,0,183,"<a href=""https://mobile.twitter.com"" rel=""nofollow"">Twitter Web App</a>",https://x.com/R_Armstrong73/status/1650063412381073416,False,False,2026-04-08T21:30:11.333455+00:00
1649935481956646912,mounjaro_weight,mounjaro,weight,2023-04-23T00:37:27+00:00,famcenters,famcenters,"She knew it was time for a change, and that’s when she discovered Dr. Coulter’s Mounjaro Weight Loss Program at F.A.M Centers.

Little did she know that her decision would lead her to lose an incredible 46 lbs and gain a whole new lease on life. 🏃‍♀️",en,1,0,0,0,81,"<a href=""https://mobile.twitter.com"" rel=""nofollow"">Twitter Web App</a>",https://x.com/famcenters/status/1649935481956646912,False,True,2026-04-08T21:30:11.333455+00:00
1649935478169247744,mounjaro_weight,mounjaro,weight,2023-04-23T00:37:26+00:00,famcenters,famcenters,"Sheri’s Journey of Losing 46 lbs with Dr. Coulter’s Mounjaro Weight Loss Program at F.A.M Centers

Sheri was tired of struggling with her weight and feeling like she was fighting a losing battle. https://t.co/yvORSAosrZ",en,1,0,0,0,301,"<a href=""https://mobile.twitter.com"" rel=""nofollow"">Twitter Web App</a>",https://x.com/famcenters/status/1649935478169247744,False,False,2026-04-08T21:30:11.333455+00:00
1649099068042514433,mounjaro_weight,mounjaro,weight,2023-04-20T17:13:51+00:00,BlueCrystal1979,Blue Crystal Mirror,"Six weeks today since starting #Mounjaro.  I have lost total of 17 pounds.  No more side effects either. Yay! I'm on 5 mg this month. Very happy with progress thus far. #Mounjaro
#MounjaroWeightLoss",en,1,0,5,0,1136,"<a href=""http://twitter.com/download/android"" rel=""nofollow"">Twitter for Android</a>",https://x.com/BlueCrystal1979/status/1649099068042514433,False,False,2026-04-08T21:30:12.262657+00:00
1648872139997552646,mounjaro_weight,mounjaro,weight,2023-04-20T02:12:07+00:00,coach_akridge,Walking Playbook ,@QueenofBeez88 @mounjaro @Kachava How much have you lost?,en,0,0,0,0,120,"<a href=""http://twitter.com/download/android"" rel=""nofollow"">Twitter for Android</a>",https://x.com/coach_akridge/status/1648872139997552646,False,False,2026-04-08T21:30:12.262657+00:00
1648589194875240448,mounjaro_weight,mounjaro,weight,2023-04-19T07:27:48+00:00,fearles59324823,Jendetta,"Down 45 pounds since November, thank you to my Dr., my indication and #Mounjaro https://t.co/kA3Q11XLb4",en,3,2,22,0,2101,"<a href=""http://twitter.com/download/android"" rel=""nofollow"">Twitter for Android</a>",https://x.com/fearles59324823/status/1648589194875240448,False,False,2026-04-08T21:30:12.263653+00:00
1647462073167667202,mounjaro_weight,mounjaro,weight,2023-04-16T04:49:01+00:00,conservativ3Jen,ConservativeJen,@WORGODICP I’m on Mounjaro! I’ve lost 75lbs. Protein drinks. Salads. Nothing fried. Lots of water. GAS-X! I can’t emphasize that enough. Good luck!,en,0,0,0,0,394,"<a href=""http://twitter.com/download/iphone"" rel=""nofollow"">Twitter for iPhone</a>",https://x.com/conservativ3Jen/status/1647462073167667202,False,True,2026-04-08T21:30:12.263653+00:00
1647458301137809409,mounjaro_weight,mounjaro,weight,2023-04-16T04:34:01+00:00,_sinity,Sinity,"So far only 2 doses (of Tirzepatide, which is a better alternative, purchased as a research chemical). But it works. I'm eating maybe 300 kcal / day on average. I lost approximately 3.5kg in 12d, but ofc most of it is water weight.

I've done water fasting for up to ~2w before; the difference is, you're thinking about the concept of eating a lot when fasting. Physical hunger seems like a smaller issue, really, and somehow distinct from this. But also basically no hunger on these drugs.

I recommend this text written by @sguyenet : https://t.co/4qIwA6Wqif",en,0,0,0,0,214,"<a href=""https://mobile.twitter.com"" rel=""nofollow"">Twitter Web App</a>",https://x.com/_sinity/status/1647458301137809409,False,True,2026-04-08T21:30:12.263653+00:00
1647335312064913408,mounjaro_weight,mounjaro,weight,2023-04-15T20:25:19+00:00,catjohnsonmd,Catherine Johnson MD,@nicknorwitz Here’s a patient who has lost over 100# in 13 months (Tirzepatide therapy started at about month 7 after losing 20% TBW with IF/low carb and first line medication/supplement therapies). Note loss in total body water &gt;loss of “skeletal muscle mass”) https://t.co/lWJF0SumFi,en,0,0,0,0,122,"<a href=""http://twitter.com/download/iphone"" rel=""nofollow"">Twitter for iPhone</a>",https://x.com/catjohnsonmd/status/1647335312064913408,False,True,2026-04-08T21:30:12.263653+00:00
1647332145411633154,mounjaro_weight,mounjaro,weight,2023-04-15T20:12:44+00:00,structureltp,Lucas Tafur,"@ZKForTre Please do if you can. I’m honestly surprised to see that such a high percentage of lean mass loss is expected. I’d have expected similar rates (or lower) to bariatric surgery. 

From a quick look, tirzepatide appears to be better but I guess it depends on amount of weight lost.",en,1,0,0,0,82,"<a href=""http://twitter.com/download/iphone"" rel=""nofollow"">Twitter for iPhone</a>",https://x.com/structureltp/status/1647332145411633154,False,True,2026-04-08T21:30:12.263653+00:00
1647225070849335298,mounjaro_weight,mounjaro,weight,2023-04-15T13:07:15+00:00,melina_lacy,Melina✨Reminiscing days gone by ✨,"@ElieJarrougeMD I know a few people taking the diabetic drug, Mounjaro &amp; don’t have diabetes. A Dr, nurse &amp; fam member. All have lost a lot of weight but to me sort of akin to Covid vaxx, what are side effects? I don’t trust it. Looking at carnivore.",en,0,0,1,0,182,"<a href=""http://twitter.com/download/iphone"" rel=""nofollow"">Twitter for iPhone</a>",https://x.com/melina_lacy/status/1647225070849335298,False,True,2026-04-08T21:30:12.263653+00:00
1647050842485190659,mounjaro_weight,mounjaro,weight,2023-04-15T01:34:56+00:00,philatravelgirl,Suzanne ✈️,"@MichaelAlbertMD @PeterAttiaMD visit any of the GLP1 or mounjaro facebook groups to read/see thousands of success stories across ages, sizes and conditions. those folks don’t care what “type of fat” is lost as their lives are changed by the weight loss",en,2,0,7,0,4439,"<a href=""http://twitter.com/download/iphone"" rel=""nofollow"">Twitter for iPhone</a>",https://x.com/philatravelgirl/status/1647050842485190659,False,True,2026-04-08T21:30:12.263653+00:00
1646860597609345024,mounjaro_weight,mounjaro,weight,2023-04-14T12:58:58+00:00,natwalt9,Natalie Walters 🟧,"7 mos ago I started my #Mounjaro journey. I’m down 48 pounds, did my first maintenance shot today and looking forward to a better lifestyle. I have always exercised and watched my foods. The use of this for my #obesity has changed my life ❤️",en,2,0,8,0,722,"<a href=""http://twitter.com/download/iphone"" rel=""nofollow"">Twitter for iPhone</a>",https://x.com/natwalt9/status/1646860597609345024,False,False,2026-04-08T21:30:12.263653+00:00
1646630842125492225,mounjaro_weight,mounjaro,weight,2023-04-13T21:46:00+00:00,reprinted3D,re:printed 3D,@Barnacules I was on that for a while when I first became diabetic. It works. It'll help you lose weight. I've transitioned to Mounjaro which has been nigh miraculous for me; I've lost abt 25 lbs and my AIC is great. Ask your doctor about that one. It's once weekly rather than every day.,en,3,0,6,0,1537,"<a href=""https://mobile.twitter.com"" rel=""nofollow"">Twitter Web App</a>",https://x.com/reprinted3D/status/1646630842125492225,False,True,2026-04-08T21:30:12.263653+00:00
1646625227428823040,mounjaro_weight,mounjaro,weight,2023-04-13T21:23:41+00:00,DrPlantel,"Nisha Patel, MD MS, Dipl of ABOM, CCMS",@MichaelAlbertMD Such an amazing feeling to hear our patients tell us they no longer constantly struggle with our food environment. I had a pt on the lower doses of mounjaro who hadn’t lost weight yet tell me that they were so relieved by the calming of all of the food noise &amp; improvement in BG,en,0,0,3,0,302,"<a href=""http://twitter.com/download/iphone"" rel=""nofollow"">Twitter for iPhone</a>",https://x.com/DrPlantel/status/1646625227428823040,False,True,2026-04-08T21:30:12.263653+00:00
1645556885427458048,mounjaro_weight,mounjaro,weight,2023-04-10T22:38:29+00:00,RichVeith,Rich,@crypto_bobby Just took the newest one Mounjaro. Can go into detail on mechonism of action and side effects for anyone interested.  Lost 30 lbs in 3 months and am now done.  Easiest weight ever lost in my life by 1000000x,en,0,0,2,0,152,"<a href=""http://twitter.com/download/iphone"" rel=""nofollow"">Twitter for iPhone</a>",https://x.com/RichVeith/status/1645556885427458048,False,True,2026-04-08T21:30:12.263653+00:00
1645214359801458688,mounjaro_weight,mounjaro,weight,2023-04-09T23:57:24+00:00,makhallie_shea,makhallie_shea,I may still struggle to see it but I’m officially down 83 pounds 🥳 #pcos #weightlossjourney #Mounjaro #makingachange,en,0,0,4,0,331,"<a href=""http://twitter.com/download/iphone"" rel=""nofollow"">Twitter for iPhone</a>",https://x.com/makhallie_shea/status/1645214359801458688,False,False,2026-04-08T21:30:12.263653+00:00
1645127143217672198,mounjaro_weight,mounjaro,weight,2023-04-09T18:10:50+00:00,Kimberl22370692,Kimberly emery (Guitar Chick),To anyone thinking about using mounjaro or ozempic to lose weight don't do it.  I have used both of them and Lost 20 lb in 5 weeks and have been sick every single day from this stuff. Haven't hardly eaten at all and now I have almost an eating disorder because I cannot eat.,en,1,0,3,0,236,"<a href=""http://twitter.com/download/android"" rel=""nofollow"">Twitter for Android</a>",https://x.com/Kimberl22370692/status/1645127143217672198,False,False,2026-04-08T21:30:12.264649+00:00
1644772000609517570,mounjaro_weight,mounjaro,weight,2023-04-08T18:39:37+00:00,BlueCrystal1979,Blue Crystal Mirror,"I began the 5 mg on Thursday morning &amp; by yesterday I could tell my appetite had decreased again. I did stall for approx a wk-1/2 with no loss, I think was due to eating too few cals. After increasing cals a bit I lost again. Lesson learned #Mounjaro",en,0,0,0,0,237,"<a href=""http://twitter.com/download/android"" rel=""nofollow"">Twitter for Android</a>",https://x.com/BlueCrystal1979/status/1644772000609517570,False,False,2026-04-08T21:30:12.264649+00:00
1644763913207136259,mounjaro_weight,mounjaro,weight,2023-04-08T18:07:29+00:00,JgaltTweets,JgaltTweets,'The drug Mounjaro helped a typical person with obesity who weighed 230 pounds lose up to 50 pounds during a test period of nearly 17 months.',en,0,0,3,0,345,"<a href=""https://mobile.twitter.com"" rel=""nofollow"">Twitter Web App</a>",https://x.com/JgaltTweets/status/1644763913207136259,False,False,2026-04-08T21:30:12.264649+00:00
1644762913469521920,mounjaro_weight,mounjaro,weight,2023-04-08T18:03:31+00:00,WSJ,The Wall Street Journal,A new weight-loss drug that’s expected to get FDA approval in the coming months could blow Ozempic out of the water  https://t.co/cjkQIuE5dH,en,11,17,62,5,136912,"<a href=""http://www.socialflow.com"" rel=""nofollow"">SocialFlow</a>",https://x.com/WSJ/status/1644762913469521920,False,False,2026-04-08T21:30:12.264649+00:00
1644576474660327424,mounjaro_weight,mounjaro,weight,2023-04-08T05:42:40+00:00,TheAnonOne4,TheAnonOne.LYX 🆙️,"@xannysndtrannys I started Tirzepatide last month, lost 14lbs. Never lost this fast doing ANYTHING before.",en,0,0,0,0,144,"<a href=""https://mobile.twitter.com"" rel=""nofollow"">Twitter Web App</a>",https://x.com/TheAnonOne4/status/1644576474660327424,False,True,2026-04-08T21:30:12.264649+00:00
1644353588058005510,mounjaro_weight,mounjaro,weight,2023-04-07T14:57:00+00:00,TalentAcquisit,My Intrepid Life♈️♉️♒️,"A wonder drug against obesity - MoneyWeek - “This is a wonder drug, I’ve lost all of my Covid weight taking Mounjaro!” —jvo https://t.co/ARMRgqjvEU",en,0,1,0,0,132,"<a href=""http://twitter.com/download/iphone"" rel=""nofollow"">Twitter for iPhone</a>",https://x.com/TalentAcquisit/status/1644353588058005510,False,False,2026-04-08T21:30:13.280651+00:00
1644331558730440707,mounjaro_weight,mounjaro,weight,2023-04-07T13:29:28+00:00,Ali_Aminian_MD,Ali Aminian,"A patient lost near 80 lbs with #Mounjaro in 8 months. 

With current weight of 265 lbs (BMI 45) and still having severe #obesity, patient will undergo #BariatricSurgery (gastric bypass) in the next few days to help her losing more weight. https://t.co/mBZGqUCja5",en,10,7,60,0,18624,"<a href=""http://twitter.com/download/iphone"" rel=""nofollow"">Twitter for iPhone</a>",https://x.com/Ali_Aminian_MD/status/1644331558730440707,False,False,2026-04-08T21:30:13.280651+00:00
1644054266250756096,mounjaro_weight,mounjaro,weight,2023-04-06T19:07:36+00:00,InfinitusCap,Infinitus Capital,"The  ---&gt;  'King Kong' of weight-loss drugs is coming

$LLY Eli Lilly's  ---&gt;  #Mounjaro could outpace #Ozempic as the most powerful treatment on the market

Obese people who weighed 230 lbs
lost up to 50 lbs during nearly 17 months test period

CASH REGISTER
KA-CHING!  NON STOP! https://t.co/pFARRGn2yD",en,2,0,2,0,837,"<a href=""https://mobile.twitter.com"" rel=""nofollow"">Twitter Web App</a>",https://x.com/InfinitusCap/status/1644054266250756096,False,False,2026-04-08T21:30:13.280651+00:00
1643977017027870721,mounjaro_weight,mounjaro,weight,2023-04-06T14:00:39+00:00,GeneticLiteracy,Genetic Literacy Project,The drug Mounjaro helped a typical person with obesity who weighed 230 pounds lose up to 50 pounds during a test period of nearly 17 months. No anti-obesity drug has ever safely made such a difference. @WSJ https://t.co/eyNOjjeVaQ,en,0,0,0,0,384,"<a href=""https://buffer.com"" rel=""nofollow"">Buffer App</a>",https://x.com/GeneticLiteracy/status/1643977017027870721,False,False,2026-04-08T21:30:13.280651+00:00
1643951236859699200,mounjaro_weight,mounjaro,weight,2023-04-06T12:18:12+00:00,anish_koka,"Anish Koka, MD","A 27 y/o getting bariatric surgery in 2023 who was never even given the option of GLP-1 drugs?

Reminder that tirzepatide took patients with an average weight of 230 pounds, and compared to a placebo, reduced weight by an average of 35 - 50 pounds at 72 weeks.. https://t.co/lmjL64zlZo",en,6,4,34,1,8198,"<a href=""https://mobile.twitter.com"" rel=""nofollow"">Twitter Web App</a>",https://x.com/anish_koka/status/1643951236859699200,False,False,2026-04-08T21:30:13.280651+00:00
1643659746971648000,mounjaro_weight,mounjaro,weight,2023-04-05T16:59:56+00:00,LeroyBomber,Leroy Bronx Bomber,@BrendanQ_1999 You da man Brendan — I’ve lost 20 lbs recently and its hard !  Keep up the good work !  As a doctor I have helped 100s of patients lose weight and the current Ozempic and Mounjaro injectables are life changers with respect to weight loss !  Keep moving forward brother !  Go Yanks,en,0,0,0,0,74,"<a href=""http://twitter.com/download/iphone"" rel=""nofollow"">Twitter for iPhone</a>",https://x.com/LeroyBomber/status/1643659746971648000,False,False,2026-04-08T21:30:13.280651+00:00
1643481623449735168,mounjaro_weight,mounjaro,weight,2023-04-05T05:12:08+00:00,StarShineSpeaks,Cassandra Bellantoni,@bitchybybravo Exactly and it’s not a miracle drug because I was on it for a while and I maybe lost 4 pounds over six months. Now Mounjaro actually works!,en,1,0,0,0,4238,"<a href=""http://twitter.com/download/iphone"" rel=""nofollow"">Twitter for iPhone</a>",https://x.com/StarShineSpeaks/status/1643481623449735168,False,True,2026-04-08T21:30:13.281646+00:00
1643443312228007936,mounjaro_weight,mounjaro,weight,2023-04-05T02:39:53+00:00,BlueCrystal1979,Blue Crystal Mirror,"Down 4 more lbs. That's 10 lbs total since starting 03/09/23. 10 lbs a month is awesome, imo. On Thursday with 5th injection, I move up from 2.5 mg to 5mg. I noticed this past week my appetite returned some. So I'm hoping increased dose takes care of that #Mounjaro #weightloss",en,0,0,1,0,335,"<a href=""http://twitter.com/download/android"" rel=""nofollow"">Twitter for Android</a>",https://x.com/BlueCrystal1979/status/1643443312228007936,False,False,2026-04-08T21:30:13.281646+00:00
1643363275487293443,mounjaro_weight,mounjaro,weight,2023-04-04T21:21:51+00:00,OK_MensClinic,OKMensClinic,"Check out these before and after shots of a patient on Tirzepatide! She has lost 8 pounds in just ONE MONTH, and is well on her way to her goal of getting rid of her baby weight! No national shortages apply here!

See results in just ONE MONTH! 405-296-6812
#viralweightloss https://t.co/1maX0OZz92",en,0,0,0,0,192,"<a href=""https://mobile.twitter.com"" rel=""nofollow"">Twitter Web App</a>",https://x.com/OK_MensClinic/status/1643363275487293443,False,False,2026-04-08T21:30:13.281646+00:00
1643359063671971842,mounjaro_weight,mounjaro,weight,2023-04-04T21:05:07+00:00,Tulsamensclinic,Tulsa Men's Clinic,"Check out these before and after shots of a patient on Tirzepatide! She has lost 8 pounds in just ONE MONTH, and is well on her way to her goal of getting rid of her baby weight! 

See results in just ONE MONTH by scheduling an office visit today! 📲 918-995-4397

#weightloss https://t.co/eaVAZnzxvo",en,0,0,0,0,281,"<a href=""https://mobile.twitter.com"" rel=""nofollow"">Twitter Web App</a>",https://x.com/Tulsamensclinic/status/1643359063671971842,False,False,2026-04-08T21:30:13.281646+00:00
1643340582075486210,mounjaro_weight,mounjaro,weight,2023-04-04T19:51:41+00:00,negropeggy,@negropeggy.bsky.social,“Eli Lilly’s Mounjaro could outpace Ozempic as the most powerful treatment on the market. The drug Mounjaro helped a typical person with obesity who weighed 230 pounds lose up to 50 pounds during a test period of nearly 17 months.”,en,2,0,0,0,345,"<a href=""http://twitter.com/download/iphone"" rel=""nofollow"">Twitter for iPhone</a>",https://x.com/negropeggy/status/1643340582075486210,False,False,2026-04-08T21:30:13.281646+00:00
1643295198875639846,mounjaro_weight,mounjaro,weight,2023-04-04T16:51:21+00:00,lalalauren9173,"Lauren, RN",Haven’t done a Mounjaro update in a while but I have officially lost 45 lbs!,en,0,0,0,0,42,"<a href=""http://twitter.com/download/iphone"" rel=""nofollow"">Twitter for iPhone</a>",https://x.com/lalalauren9173/status/1643295198875639846,False,False,2026-04-08T21:30:13.281646+00:00
1643282377144426497,mounjaro_weight,mounjaro,weight,2023-04-04T16:00:24+00:00,Brendan_SSCN,Brendan,"@Tjdriii @AlecStapp Mounjaro has ""decreased appetite"" listed as a side effect—I thought that was the whole idea?",en,0,0,0,0,187,"<a href=""https://mobile.twitter.com"" rel=""nofollow"">Twitter Web App</a>",https://x.com/Brendan_SSCN/status/1643282377144426497,False,True,2026-04-08T21:30:13.281646+00:00
1643261314368774146,mounjaro_weight,mounjaro,weight,2023-04-04T14:36:42+00:00,Codaleks,SomethingSmells,"@Varneyco I’ve been on mounjaro since August 2022, when I was diagnosed with type 2 diabetes, I’ve lost nearly 90 pounds",en,0,0,0,0,47,"<a href=""http://twitter.com/download/iphone"" rel=""nofollow"">Twitter for iPhone</a>",https://x.com/Codaleks/status/1643261314368774146,False,False,2026-04-08T21:30:13.281646+00:00
1643202885356847104,mounjaro_weight,mounjaro,weight,2023-04-04T10:44:31+00:00,thelowcarb_rd,Mike - Low Carb Dietitian,"Tirzepatide is a GIP + GLP-1 receptor agonist. Both play a role on appetite and glucose metabolism.

Guess what also has favourable effects on those things? 

Eating less carbs + eating more protein. 

But if you say that you're crazy. 

Yet rolling out lifelong drugs is ok 🙄",en,1,0,2,0,616,"<a href=""http://twitter.com/download/android"" rel=""nofollow"">Twitter for Android</a>",https://x.com/thelowcarb_rd/status/1643202885356847104,False,False,2026-04-08T21:30:13.282644+00:00
1643181549913874433,mounjaro_weight,mounjaro,weight,2023-04-04T09:19:44+00:00,KingManninen,Anssi H. Manninen | Mass Balance Man,A new weight-loss drug that’s expected to get FDA approval in the coming months could blow Ozempic out of the water  https://t.co/FAFn39D0Ky via @WSJ,en,0,0,1,1,811,"<a href=""https://mobile.twitter.com"" rel=""nofollow"">Twitter Web App</a>",https://x.com/KingManninen/status/1643181549913874433,False,False,2026-04-08T21:30:13.282644+00:00
1643012922707148808,mounjaro_weight,mounjaro,weight,2023-04-03T22:09:41+00:00,BushwoodCap,Carl Spackler,The drug Moun­jaro helped a typ­i­cal per­son with obe­sity who weighed 230 pounds lose up to 50 pounds dur­ing a test pe­riod of nearly 17 months.,en,0,0,0,0,38,"<a href=""http://twitter.com/download/iphone"" rel=""nofollow"">Twitter for iPhone</a>",https://x.com/BushwoodCap/status/1643012922707148808,False,True,2026-04-08T21:30:13.282644+00:00
1642962010240614400,mounjaro_weight,mounjaro,weight,2023-04-03T18:47:22+00:00,austxbarry,Turd Ferguson,@wheretfru777 @pianotinkler Went on Mounjaro in December.  A1C had been 8.3 and is now 5.9.  Also lost 20 lbs in the first 10 weeks.  No major side effects - just not hungry most of the time and can’t eat as much.  Hopefully I can off it in another 3 months if things continue like this.,en,1,0,1,0,241,"<a href=""http://twitter.com/download/iphone"" rel=""nofollow"">Twitter for iPhone</a>",https://x.com/austxbarry/status/1642962010240614400,False,True,2026-04-08T21:30:14.368395+00:00
1642946129384841219,mounjaro_weight,mounjaro,weight,2023-04-03T17:44:16+00:00,HumanProgress,Human Progress,"""The drug  Mounjaro helped a typical person with obesity who weighed 230 pounds lose up to 50 pounds during a test period of nearly 17 months.

No anti-obesity drug has ever safely made such a difference.""
https://t.co/yoyoQScS1x",en,6,7,28,1,20339,"<a href=""https://mobile.twitter.com"" rel=""nofollow"">Twitter Web App</a>",https://x.com/HumanProgress/status/1642946129384841219,False,False,2026-04-08T21:30:14.368395+00:00
1642938492467527695,mounjaro_weight,mounjaro,weight,2023-04-03T17:13:55+00:00,catcheronthesly,Ved Nayak,"+
'The drug Mounjaro helped a typical person with obesity who weighed 230 pounds lose up to 50 pounds during a test period of nearly 17 months.

No anti-obesity drug has ever safely made such a difference.' https://t.co/zQEiZy5DEY",en,0,0,0,0,122,"<a href=""https://mobile.twitter.com"" rel=""nofollow"">Twitter Web App</a>",https://x.com/catcheronthesly/status/1642938492467527695,False,True,2026-04-08T21:30:14.368395+00:00
1642917206802550784,mounjaro_weight,mounjaro,weight,2023-04-03T15:49:20+00:00,kevinwlordbarry,Kevin Lord Barry | B2B Ads Enjoyer,"Between Ozempic, Mounjaro and the other new weight  loss drugs that decrease appetite with few side effects, I predict that the US obesity rate will:

1) Start declining by 2024 (so 2024 data will show less obesity than 2023)

2) Be cut in half in 10 years. 

I'd bet $100 on this at even odds if anyone wants the bet.",en,4,1,9,1,2479,"<a href=""https://mobile.twitter.com"" rel=""nofollow"">Twitter Web App</a>",https://x.com/kevinwlordbarry/status/1642917206802550784,False,False,2026-04-08T21:30:14.368395+00:00
1642914594719952897,mounjaro_weight,mounjaro,weight,2023-04-03T15:38:57+00:00,l_e_whyte,Liz Essley Whyte,"The next big thing in obesity drugs:

The drug Mounjaro helped a typical person with obesity who weighed 230 pounds lose up to 50 pounds during a test period of nearly 17 months. https://t.co/Z8jxqJPgGT via @Loftus",en,2,3,6,1,3145,"<a href=""https://mobile.twitter.com"" rel=""nofollow"">Twitter Web App</a>",https://x.com/l_e_whyte/status/1642914594719952897,False,False,2026-04-08T21:30:14.369391+00:00
1642905220110774272,mounjaro_weight,mounjaro,weight,2023-04-03T15:01:42+00:00,AlecStapp,Alec Stapp,"""The drug Mounjaro helped a typical person with obesity who weighed 230 pounds lose up to 50 pounds during a test period of nearly 17 months.

No anti-obesity drug has ever safely made such a difference.""
https://t.co/X9QGlrUe1v",en,3,17,182,4,20820,"<a href=""https://mobile.twitter.com"" rel=""nofollow"">Twitter Web App</a>",https://x.com/AlecStapp/status/1642905220110774272,False,True,2026-04-08T21:30:14.369391+00:00
1642760926662148096,mounjaro_weight,mounjaro,weight,2023-04-03T05:28:20+00:00,LWeytham,Lesley Weytham,"@Trinhnomics I have lost 50lbs on Mounjaro and the health problems it has fixed far outweighs the possible negatives. While I get your concern, nothing is a 1 size fits all scenario. At 47, I feel 30 again instead of 60. This has the potential of helping ppl live more meaningful lives.",en,0,0,0,0,14,"<a href=""http://twitter.com/download/iphone"" rel=""nofollow"">Twitter for iPhone</a>",https://x.com/LWeytham/status/1642760926662148096,False,True,2026-04-08T21:30:14.369391+00:00
1642654312118513664,mounjaro_weight,mounjaro,weight,2023-04-02T22:24:41+00:00,akrice89,brown eyed girl 🇺🇦🇲🇽,Mounjaro got me 8 pounds down in 2 weeks mannnnn,en,0,0,1,0,109,"<a href=""http://twitter.com/download/iphone"" rel=""nofollow"">Twitter for iPhone</a>",https://x.com/akrice89/status/1642654312118513664,False,False,2026-04-08T21:30:14.369391+00:00
1642237461484158976,mounjaro_weight,mounjaro,weight,2023-04-01T18:48:16+00:00,DrPaulyDeSantis,"Dr. Paul De Santis, PharmD","@NatashaBhuyan Focus should be on lean muscle mass, not pounds/kilos… obesity should be treated with GLP1/GIP dual agonist for net health gain of normalizing BP, improving lipids, and fat loss. Mounjaro to be approved likely by year end 2023",en,0,0,1,0,158,"<a href=""http://twitter.com/download/iphone"" rel=""nofollow"">Twitter for iPhone</a>",https://x.com/DrPaulyDeSantis/status/1642237461484158976,False,True,2026-04-08T21:30:14.369391+00:00
1642216718864117761,mounjaro_weight,mounjaro,weight,2023-04-01T17:25:51+00:00,MichaelGrantBks,Michael Grant - GONE TV trailer in bio,"I started using Mounjaro to lose weight. As of today I've dropped 30 pounds with very little effort. It changes my attitude toward food. It's like being an alcoholic and suddenly you can take just one drink and stop. The needle's not fun, but the effect has been impressive.",en,3,0,22,0,3330,"<a href=""https://mobile.twitter.com"" rel=""nofollow"">Twitter Web App</a>",https://x.com/MichaelGrantBks/status/1642216718864117761,False,False,2026-04-08T21:30:14.369391+00:00
1641477887562854420,mounjaro_weight,mounjaro,weight,2023-03-30T16:30:00+00:00,AlArabiya_Eng,Al Arabiya English,"Move aside #Ozempic. Another #weightloss medication called #Mounjaro – also designed to treat diabetes – is the latest in a new wave of drugs being used to shed the pounds.

https://t.co/VjGM0tsyA3",en,0,0,0,0,2036,"<a href=""https://www.sprinklr.com"" rel=""nofollow"">Sprinklr</a>",https://x.com/AlArabiya_Eng/status/1641477887562854420,False,False,2026-04-08T21:30:14.369391+00:00
1641472557315506177,mounjaro_weight,mounjaro,weight,2023-03-30T16:08:49+00:00,smoke_nd_pearlz,💕 Doll Face✨,"@annlhaurelie Mounjaro. It works by slowing gastric emptying. Basically you stay full longer, takes away your appetite too lol",en,1,0,0,0,200,"<a href=""http://twitter.com/download/iphone"" rel=""nofollow"">Twitter for iPhone</a>",https://x.com/smoke_nd_pearlz/status/1641472557315506177,False,True,2026-04-08T21:30:14.369391+00:00
1641284558267228160,mounjaro_weight,mounjaro,weight,2023-03-30T03:41:46+00:00,palindrome8888,😀,"Can someone explain how the $VKTX mechanism can have such an astounding mean loss of up to 18 pounds of weight loss in 1 month? I understand the mechanism of appetite suppression, but how can it be that much more than Mounjaro? Is it water weight? https://t.co/B4UcWjbI0m",en,1,0,1,1,982,"<a href=""http://twitter.com/download/iphone"" rel=""nofollow"">Twitter for iPhone</a>",https://x.com/palindrome8888/status/1641284558267228160,False,False,2026-04-08T21:30:14.369391+00:00
1641133991540424714,mounjaro_weight,mounjaro,weight,2023-03-29T17:43:29+00:00,jbnbrla,Howudurrinhunneh,How my switch from #Mounjaro to #Ozempic is going in week 2 https://t.co/zZfCC0XYj6,en,0,0,0,0,443,"<a href=""http://twitter.com/download/android"" rel=""nofollow"">Twitter for Android</a>",https://x.com/jbnbrla/status/1641133991540424714,False,False,2026-04-08T21:30:14.369391+00:00
1640890464969654274,mounjaro_weight,mounjaro,weight,2023-03-29T01:35:47+00:00,citrini,Citrini,@MinvstrD @SkeleCap @quantian1 I have two endocrinologists who I’ve been doing channel checks w/ on the GLP-1s and both of them started to prescribe mounjaro but went back to ozempic because they found ozempic caused more of the weight lost to be fat than muscle. Hugely anecdotal but interesting.,en,1,0,8,0,435,"<a href=""http://twitter.com/download/iphone"" rel=""nofollow"">Twitter for iPhone</a>",https://x.com/citrini/status/1640890464969654274,False,True,2026-04-08T21:30:15.207665+00:00
1640817280652046336,mounjaro_weight,mounjaro,weight,2023-03-28T20:44:59+00:00,R_Armstrong73,Robert Armstrong,"64.6 lost with #Mounjaro on my #health and #fitness journey.  My journey on YouTube at Mounjaro, weight loss, health and fitness journey
https://t.co/N8ho9AWump https://t.co/yOYntdxTPC",en,0,0,0,0,182,"<a href=""http://twitter.com/download/iphone"" rel=""nofollow"">Twitter for iPhone</a>",https://x.com/R_Armstrong73/status/1640817280652046336,False,False,2026-04-08T21:30:15.208668+00:00
1640782598430400516,mounjaro_weight,mounjaro,weight,2023-03-28T18:27:10+00:00,Sally63866393,Absolutely Fabulous in the ATL,"@MounjaroHCP PROGRESS
- 35lbs in 6 months  
Chol down 100 pts (225-125)
HR back in Sinus Rhythm -no Afib
Fasting Glucose low side of normal (115 to 85)
BMI (28.2 -22.3)
BP and statin meds discontinued

This drug is saving my life. #GLP #mounjaro",en,0,0,0,0,140,"<a href=""https://mobile.twitter.com"" rel=""nofollow"">Twitter Web App</a>",https://x.com/Sally63866393/status/1640782598430400516,False,False,2026-04-08T21:30:15.208668+00:00
1640725503395938304,mounjaro_weight,mounjaro,weight,2023-03-28T14:40:17+00:00,sheffield305,flipmode25~🙂,"@JoshuaArieh @dankness3 @shaundeeb @shaundeeb instead of exposing him, help him. looks like you lost some weight yourself... Deeb, from father to father look into mounjaro. its for diabetics but used more as an appetite surppressant. lmk if u need script info. dyr",en,1,0,1,0,342,"<a href=""https://mobile.twitter.com"" rel=""nofollow"">Twitter Web App</a>",https://x.com/sheffield305/status/1640725503395938304,False,True,2026-04-08T21:30:15.208668+00:00
1640473956766613506,mounjaro_weight,mounjaro,weight,2023-03-27T22:00:44+00:00,beautyrefined9,Amber,"Looking to lose weight? I work with the weight-loss injectable, Tirzepatide, which is the first dual GIP/GLP-1 receptor that mimics a hormone that helps reduce food intake and appetite. #Tirzepatide https://t.co/e1Bn8j3ww0",en,0,0,0,0,65,"<a href=""https://dashboard.godaddy.com"" rel=""nofollow"">GoDaddy Social App</a>",https://x.com/beautyrefined9/status/1640473956766613506,False,False,2026-04-08T21:30:15.208668+00:00
1639147994598756352,mounjaro_weight,mounjaro,weight,2023-03-24T06:11:50+00:00,R_Armstrong73,Robert Armstrong,"How I lost 50 Pounds in 15 weeks #weightloss #fitness #mounjaro #healthandfitness
https://t.co/2nEb7zV8Dx",en,0,0,0,0,159,"<a href=""http://twitter.com/download/iphone"" rel=""nofollow"">Twitter for iPhone</a>",https://x.com/R_Armstrong73/status/1639147994598756352,False,False,2026-04-08T21:30:15.209173+00:00
1638939451391877129,mounjaro_weight,mounjaro,weight,2023-03-23T16:23:09+00:00,KPlorable,Un-nudgeable,@jackmurphylive Very interested in what you find. Mounjaro has been a game changer for me after a lifetime of dieting and exercise. Down 50+ pounds and back at the gym. Broke an arm and a wrist in June which really slowed me down. Continuing to eat clean with lots of protein.,en,1,0,1,0,179,"<a href=""http://twitter.com/download/iphone"" rel=""nofollow"">Twitter for iPhone</a>",https://x.com/KPlorable/status/1638939451391877129,False,True,2026-04-08T21:30:15.209173+00:00
1638818175939739649,mounjaro_weight,mounjaro,weight,2023-03-23T08:21:15+00:00,healthblogging1,health blogging,"Mounjaro is a medication that is designed to help people lose weight by regulating their appetite and reducing food cravings. https://t.co/VszUsOZcww via @pinterest 
#mounjaro #bbc #cnn #health #weightloss #weightlossjourney",en,0,0,1,0,31,"<a href=""https://mobile.twitter.com"" rel=""nofollow"">Twitter Web App</a>",https://x.com/healthblogging1/status/1638818175939739649,False,False,2026-04-08T21:30:15.209173+00:00
1638314827591417857,mounjaro_weight,mounjaro,weight,2023-03-21T23:01:07+00:00,BlueCrystal1979,Blue Crystal Mirror,"Down 1 lb. That's 6 lbs so far since I started #Mounjaro on 03.09.23. It may be just water weight, but I'll take it🤷‍♀️ trying to eat  more mindfully. Cooked dinner: Pork Tenderloin (4 oz); 1 C. Creamed Spinach; 2/3 C. Roasted Vegetables; 372 Calorie.  #MounjaroWeightLoss https://t.co/Xx39TI0K3t",en,1,0,1,0,392,"<a href=""http://twitter.com/download/android"" rel=""nofollow"">Twitter for Android</a>",https://x.com/BlueCrystal1979/status/1638314827591417857,False,False,2026-04-08T21:30:15.209173+00:00
1637572225694851072,mounjaro_weight,mounjaro,weight,2023-03-19T21:50:17+00:00,cobbo3,Charles Onyango-Obbo,"Novel obesity drug Tirzepatide ushers in a new era of weight loss — because this one works. Analysts predict that it cd break records with up to $48Bn in annual sales. Patients in a recent clinical study lost over 20% of their body weight (23.6 kg) 1/3
https://t.co/7K9P6HJ28V",en,3,12,17,2,8455,"<a href=""https://mobile.twitter.com"" rel=""nofollow"">Twitter Web App</a>",https://x.com/cobbo3/status/1637572225694851072,False,False,2026-04-08T21:30:15.209173+00:00
1637181196726566915,mounjaro_weight,mounjaro,weight,2023-03-18T19:56:29+00:00,R_Armstrong73,Robert Armstrong,"#Faith &amp; #Fitness - Cross #Training  for #Health, Fitness and following #Jesus on my #weightlossjourney with #Mounjaro. 63 lbs of #weightloss in 138 days.  Finding the #FitnessMotivation.   https://t.co/bNvU0dDIRR",en,0,0,0,0,167,"<a href=""http://twitter.com/download/iphone"" rel=""nofollow"">Twitter for iPhone</a>",https://x.com/R_Armstrong73/status/1637181196726566915,False,False,2026-04-08T21:30:15.209678+00:00
1636959470205952002,mounjaro_weight,mounjaro,weight,2023-03-18T05:15:25+00:00,hlaurenbaker,Lauren,I am officially under 200 lbs. thank you #mounjaro,en,0,0,2,0,257,"<a href=""http://twitter.com/download/iphone"" rel=""nofollow"">Twitter for iPhone</a>",https://x.com/hlaurenbaker/status/1636959470205952002,False,False,2026-04-08T21:30:15.209678+00:00
1636818532972281870,mounjaro_weight,mounjaro,weight,2023-03-17T19:55:23+00:00,tudor_jacob,Jacob Tudor,"HumanProgress: ""According to a recent clinical study, patients who received a high dose of the drug tirzepatide lost up to 21% of their body weight (an average of 52 pounds, or 23.6 kg), more than any other weight loss medication.""
https://t.co/JLrRzw3opU Good things happening.…",en,0,1,2,0,133,"<a href=""https://ifttt.com"" rel=""nofollow"">IFTTT</a>",https://x.com/tudor_jacob/status/1636818532972281870,False,False,2026-04-08T21:30:15.209678+00:00
1636812143419899908,mounjaro_weight,mounjaro,weight,2023-03-17T19:30:00+00:00,HumanProgress,Human Progress,"""According to a recent clinical study, patients who received a high dose of the drug tirzepatide lost up to 21% of their body weight (an average of 52 pounds, or 23.6 kg), more than any other weight loss medication.""
https://t.co/4fMhrIbxpg",en,0,5,12,0,5048,"<a href=""https://buffer.com"" rel=""nofollow"">Buffer App</a>",https://x.com/HumanProgress/status/1636812143419899908,False,False,2026-04-08T21:30:15.209678+00:00
1636800251419066368,mounjaro_weight,mounjaro,weight,2023-03-17T18:42:44+00:00,matthew_e_maes,matthew maes,"How did I lose over 100 pounds…

Beyond the obvious answer of I ate less calories then  I burned and I picked effective tools (alternate day fasting, Mounjaro, and consistent exercise)…

I made peace with me… https://t.co/97RpougyKB",en,1,0,1,0,364,"<a href=""http://twitter.com/download/iphone"" rel=""nofollow"">Twitter for iPhone</a>",https://x.com/matthew_e_maes/status/1636800251419066368,False,False,2026-04-08T21:30:15.209678+00:00
1636427594261250059,mounjaro_weight,mounjaro,weight,2023-03-16T18:01:56+00:00,mysskcalluvr,blondie ପ(๑•̀ᴗ-♡ॢ),I’M FINALLY IN THE MOUNJARO PHASE WHERE I DON’T HAVE AN APPETITE YASSS !! i’ve been bing’ing since i was a kid so this is a huge step forward 🥺,en,0,0,0,0,18,"<a href=""http://twitter.com/download/iphone"" rel=""nofollow"">Twitter for iPhone</a>",https://x.com/mysskcalluvr/status/1636427594261250059,False,False,2026-04-08T21:30:15.209678+00:00
1636412274440126479,mounjaro_weight,mounjaro,weight,2023-03-16T17:01:03+00:00,BlueCrystal1979,Blue Crystal Mirror,"Began #Moujaro 1 week ago today. Down 5 lbs. Increased energy, low appetite.  After trying everything from Keto, low calorie diets,  thermogenics,  SlimFast, 30-day cleanse, Weight Watchers &amp; practically starving myself, nothing seemed to work. #Mounjaro is giving me hope.",en,4,1,11,0,1253,"<a href=""http://twitter.com/download/android"" rel=""nofollow"">Twitter for Android</a>",https://x.com/BlueCrystal1979/status/1636412274440126479,False,False,2026-04-08T21:30:15.209678+00:00
1636166223523110914,mounjaro_weight,mounjaro,weight,2023-03-16T00:43:20+00:00,Easytaughtu,hEated,I moved my scale somewhere and now I can’t find it. I’m out of Mounjaro. I’m gonna blink and gain 20 lbs 😭,en,0,0,1,0,234,"<a href=""http://twitter.com/download/iphone"" rel=""nofollow"">Twitter for iPhone</a>",https://x.com/Easytaughtu/status/1636166223523110914,False,False,2026-04-08T21:30:16.140922+00:00
1635796643789389827,mounjaro_weight,mounjaro,weight,2023-03-15T00:14:46+00:00,robertheadley,Robert Headley robertheadley.bsky.social,"Since taking Mounjaro for like four months, I have lost 40 lbs, I have a Blood pressure of 128/86 and My A1C is 6.3, down from a high of 8.1.",en,1,0,3,0,169,"<a href=""https://mobile.twitter.com"" rel=""nofollow"">Twitter Web App</a>",https://x.com/robertheadley/status/1635796643789389827,False,False,2026-04-08T21:30:16.141919+00:00
1635694061725134863,mounjaro_weight,mounjaro,weight,2023-03-14T17:27:08+00:00,LrupertMD,Dr. Loucresie,"Me to my obesity doctor (this is who prescribes the mounjaro, not my surgeon) :
I'm still really hungry all the time but I've been controlling it by just keeping snacks out the house. I haven't gained weight though i don't think I've lost any since the last time i saw you. Maybe https://t.co/NQhvyvgkda",en,1,0,0,0,389,"<a href=""http://twitter.com/download/android"" rel=""nofollow"">Twitter for Android</a>",https://x.com/LrupertMD/status/1635694061725134863,False,False,2026-04-08T21:30:16.141919+00:00
1634796161818312705,mounjaro_weight,mounjaro,weight,2023-03-12T05:59:12+00:00,akkiii0830,名前,"Tirzepatide Reduces Appetite, Energy Intake, and Fat Mass in People With Type 2 Diabetes 
https://t.co/7lyB3YJ40e https://t.co/PUjF2eea1E",en,0,0,0,0,104,"<a href=""http://twitter.com/download/iphone"" rel=""nofollow"">Twitter for iPhone</a>",https://x.com/akkiii0830/status/1634796161818312705,False,False,2026-04-08T21:30:16.141919+00:00
1634743534484967425,mounjaro_weight,mounjaro,weight,2023-03-12T02:30:05+00:00,angryelderjay,Angry Elder Millennial,"Weight loss progress and accountability update. Still have more to lose, but I’m getting there. #Mounjaro #weightloss #weightlossjourney https://t.co/fRe4XyQtYT",en,4,0,21,0,2679,"<a href=""http://twitter.com/download/iphone"" rel=""nofollow"">Twitter for iPhone</a>",https://x.com/angryelderjay/status/1634743534484967425,False,False,2026-04-08T21:30:16.141919+00:00
1634700113766502402,mounjaro_weight,mounjaro,weight,2023-03-11T23:37:33+00:00,Thesaltymedictx,Snarky McSnark,"@elonmusk *made..  I was taking 2 max dose meds synjardy and actos, plus 100 units of Tresiba every day and my sugars were all over the map.. got to 10mg Mounjaro and only take Synjardy, which doc says another 20 lbs and that will be gone as well.. feel much better",en,0,0,1,0,150,"<a href=""http://twitter.com/download/android"" rel=""nofollow"">Twitter for Android</a>",https://x.com/Thesaltymedictx/status/1634700113766502402,False,True,2026-04-08T21:30:16.141919+00:00
1634129267922464769,mounjaro_weight,mounjaro,weight,2023-03-10T09:49:12+00:00,AshLey71153177,Ash Ley,@clownworld With all that $$ you’d think she’d invest in her health. Her blood work numbers would surely indicate an issue. There’s so many options for helping her lose weight and lose the abnormally high appetite. Try mounjaro.,en,0,0,1,0,75,"<a href=""http://twitter.com/download/iphone"" rel=""nofollow"">Twitter for iPhone</a>",https://x.com/AshLey71153177/status/1634129267922464769,False,True,2026-04-08T21:30:16.141919+00:00
1633970492137783298,mounjaro_weight,mounjaro,weight,2023-03-09T23:18:17+00:00,Tellit007,Tellit Likeitis,"@TheeDogeCatcher @hubermanlab I have no NDA. My tirzepatide study is going FANTASTIC. 0 side effects, 41 lbs sustained weightloss. Love it.",en,0,0,1,0,82,"<a href=""http://twitter.com/download/android"" rel=""nofollow"">Twitter for Android</a>",https://x.com/Tellit007/status/1633970492137783298,False,True,2026-04-08T21:30:16.142915+00:00
1633949968129228801,mounjaro_weight,mounjaro,weight,2023-03-09T21:56:44+00:00,CaptainVaxx,Mike Eastman,"@thatsnotmine125 @ProfKarolSikora I am referring to the type 2 diabetes medication (that's all the rave now) used for curbing appetite.

That specific use needs to be maintained.  Once stopped, weight gain comes right back.

Some of drugs are Ozempic and Mounjaro as examples.",en,1,0,0,0,151,"<a href=""https://mobile.twitter.com"" rel=""nofollow"">Twitter Web App</a>",https://x.com/CaptainVaxx/status/1633949968129228801,False,True,2026-04-08T21:30:16.142915+00:00
1633922247164305417,mounjaro_weight,mounjaro,weight,2023-03-09T20:06:35+00:00,MZBIGJIFFY85,NeshaP85,Ugh this pharmacy is giving me a hard time!! My doctor up my dose to 10mg because 5mg wasn't working as far as suppressing my appetite.  Now they with the ish 🤬🙄😡#Mounjaro,en,2,0,2,0,708,"<a href=""http://twitter.com/download/android"" rel=""nofollow"">Twitter for Android</a>",https://x.com/MZBIGJIFFY85/status/1633922247164305417,False,False,2026-04-08T21:30:16.142915+00:00
1633880018651578380,mounjaro_weight,mounjaro,weight,2023-03-09T17:18:47+00:00,tim_meh87,Jewish Tim Flack 𝕏,@bronwynwilliams If you're talking about Mounjaro its a weekly injection. I guess if you lost the weight you could keep it of easier?,en,2,0,0,0,170,"<a href=""http://twitter.com/download/android"" rel=""nofollow"">Twitter for Android</a>",https://x.com/tim_meh87/status/1633880018651578380,False,True,2026-04-08T21:30:16.142915+00:00
1633813030856171521,mounjaro_weight,mounjaro,weight,2023-03-09T12:52:35+00:00,Tellit007,Tellit Likeitis,"@kitchenconserv @BevTchangMD I lost 41 lbs since August on tirzepatide. Instead of arm flailing you should check real-world tirzepatide Redits etc . Instead of recalling, these folks deserve Nobel peace price. For you, I recommend the chill pill.",en,0,0,1,0,61,"<a href=""http://twitter.com/download/android"" rel=""nofollow"">Twitter for Android</a>",https://x.com/Tellit007/status/1633813030856171521,False,True,2026-04-08T21:30:16.142915+00:00
1633771294213783558,mounjaro_weight,mounjaro,weight,2023-03-09T10:06:45+00:00,BigBee21013,OuttaNEPA,"@hubermanlab I would love an episode about this, and also, if you can cover Mounjaro. My fiancé in the last 2 years has gone in between all of them while losing over 100 pounds and lowering her AIC enough to get off insulin but more detailed information would be much APPRECIATED!",en,0,0,1,0,388,"<a href=""http://twitter.com/download/iphone"" rel=""nofollow"">Twitter for iPhone</a>",https://x.com/BigBee21013/status/1633771294213783558,False,True,2026-04-08T21:30:16.142915+00:00
1633269778608431106,mounjaro_weight,mounjaro,weight,2023-03-08T00:53:54+00:00,BrincoBrinco,Kris,"@razor0133wife @GallaherCaren @shycollie If you’re doing that along w/ the Mounjaro you’re hitting all the right points. People that just take the meds without behavior modification are in for a world of hurt. Appetite suppression isn’t enough unless they do a gastric sleeve or an equivalent.
I’m happy for you! ❤️",en,1,0,1,0,108,"<a href=""http://twitter.com/download/iphone"" rel=""nofollow"">Twitter for iPhone</a>",https://x.com/BrincoBrinco/status/1633269778608431106,False,True,2026-04-08T21:30:16.142915+00:00
1632774792469200898,mounjaro_weight,mounjaro,weight,2023-03-06T16:07:00+00:00,andyhpalmer,Andy Palmer,@wolfejosh Anecdotal - I lost 18% bodyweight in 2 months on Mounjaro - prescribed for Diabetes - replaced my insulin with meals - so good in every dimension - no side effects after 9 months,en,0,0,3,0,333,"<a href=""http://twitter.com/download/android"" rel=""nofollow"">Twitter for Android</a>",https://x.com/andyhpalmer/status/1632774792469200898,False,True,2026-04-08T21:30:17.137900+00:00
1632754847047876613,mounjaro_weight,mounjaro,weight,2023-03-06T14:47:45+00:00,mommajenzhere,Jennifer Witherspoon,@KXAN_News I take Mounjaro..I am on 15mg and have lost 103lbs. The side effects seemed rough at first and then I switched my injection site and poof..they were gone. The glp-1 medications are great. I have lost a lot of fat all over going from 221-120lbs. I was size 22 and now I am a 2,en,2,0,19,0,3914,"<a href=""http://twitter.com/download/iphone"" rel=""nofollow"">Twitter for iPhone</a>",https://x.com/mommajenzhere/status/1632754847047876613,False,True,2026-04-08T21:30:17.138896+00:00
1632304407009214464,mounjaro_weight,mounjaro,weight,2023-03-05T08:57:52+00:00,Tiffster321,Tiffster,"@SteveBennettMhP @SamFeltham @jamescracknell @AnnetteBosworth @malcolmken @DrAseemMalhotra @lowcarbGP @jen_unwin I can only speak to Mounjaro. Type 2. Lost significant weight. Hunger and cravings virtually gone. A1C normal again. No plan for forever use. Yes, long term effects unknown. No side effects so far and really helps control food addiction for the overweight. I like my odds so far.",en,1,0,9,0,1064,"<a href=""http://twitter.com/#!/download/ipad"" rel=""nofollow"">Twitter for iPad</a>",https://x.com/Tiffster321/status/1632304407009214464,False,True,2026-04-08T21:30:17.138896+00:00
1631687346503417856,mounjaro_weight,mounjaro,weight,2023-03-03T16:05:53+00:00,kevbino2,Kev 🪸,Love seeing all of the stupid ozempic discourse by people who have never learned a single thing about pharmacy as I’m just chilling 40 pounds down on mounjaro lol https://t.co/fxcd0CLRLt,en,0,0,1,0,622,"<a href=""http://twitter.com/download/iphone"" rel=""nofollow"">Twitter for iPhone</a>",https://x.com/kevbino2/status/1631687346503417856,False,False,2026-04-08T21:30:17.138896+00:00
1631675155989643265,mounjaro_weight,mounjaro,weight,2023-03-03T15:17:26+00:00,JamesEKrause,Biotech Jim,"$LLY $VKTX $TERN Tirzepatide Reduces Appetite,
Energy Intake, and Fat Mass in People With Type 2 Diabetes
https://t.co/NmK91FSTrE https://t.co/MvrAgFK5Bi",en,4,4,19,3,31428,"<a href=""https://mobile.twitter.com"" rel=""nofollow"">Twitter Web App</a>",https://x.com/JamesEKrause/status/1631675155989643265,False,False,2026-04-08T21:30:17.138896+00:00
1631668517429755909,mounjaro_weight,mounjaro,weight,2023-03-03T14:51:04+00:00,DrNadolsky,Dr. Spencer Nadolsky,"@DaveSekowski The step 1 appendix data show around 38% in a small subgroup of the study. Somehow the placebo group lost more lean mass than fat mass though. 

Tirzepatide data show more like low to mid 20%. I wouldn't worry. 

We discuss it here

https://t.co/QytXSiTemi",en,2,0,4,1,1005,"<a href=""https://mobile.twitter.com"" rel=""nofollow"">Twitter Web App</a>",https://x.com/DrNadolsky/status/1631668517429755909,False,True,2026-04-08T21:30:17.138896+00:00
1631492027148902401,mounjaro_weight,mounjaro,weight,2023-03-03T03:09:45+00:00,AmyJUnderwood1,DogeUnderwood,@AlecStapp I know this personally and Mounjaro is quicker than Ozempic went from 180 lbs to 130 size 12 to a size 4 problem with that is  loose skin but Mounjaro for 2 months was life changing for sure I will take loose skin over having a BMI of 30 plus and the health risks of being obese,en,1,0,5,0,1270,"<a href=""http://twitter.com/download/android"" rel=""nofollow"">Twitter for Android</a>",https://x.com/AmyJUnderwood1/status/1631492027148902401,False,True,2026-04-08T21:30:17.138896+00:00
1631422964221743104,mounjaro_weight,mounjaro,weight,2023-03-02T22:35:19+00:00,ArmandDoma,Armand Domalewski,"@paulg @AlecStapp There are two key things to consider here:

1. Even after taking account the weight rebound, patients lost more weight on net than they did with other interventions 
2. Newer drugs, like tirzepatide, are significantly more effective

https://t.co/YdoJXvCI2q https://t.co/Tpd2Y4hAeG",en,2,1,41,0,8894,"<a href=""http://twitter.com/download/iphone"" rel=""nofollow"">Twitter for iPhone</a>",https://x.com/ArmandDoma/status/1631422964221743104,False,True,2026-04-08T21:30:17.138896+00:00
1631318962620469248,mounjaro_weight,mounjaro,weight,2023-03-02T15:42:03+00:00,davearterburn,"David Arterburn, MD, MPH","Tirzepatide Reduces Appetite, Energy Intake, and Fat Mass in People With Type 2 Diabetes https://t.co/ouRjXK7hlG",en,0,2,5,0,481,"<a href=""https://mobile.twitter.com"" rel=""nofollow"">Twitter Web App</a>",https://x.com/davearterburn/status/1631318962620469248,False,False,2026-04-08T21:30:17.138896+00:00
1631298127880679425,mounjaro_weight,mounjaro,weight,2023-03-02T14:19:16+00:00,Mangan150,P.D. Mangan Health & Freedom Maximalist 🇺🇸,"Mounjaro, a combination drug that's been described as Ozempic on steroids, became a ""social media sensation"".

People lost weight, but then the discount coupons disappeared, then they had to stop, regained it all.

Cost is $13,000 a year.

https://t.co/dmJqJCtFHb",en,1,5,31,0,11684,"<a href=""https://mobile.twitter.com"" rel=""nofollow"">Twitter Web App</a>",https://x.com/Mangan150/status/1631298127880679425,False,True,2026-04-08T21:30:17.139893+00:00
1631202805120917505,mounjaro_weight,mounjaro,weight,2023-03-02T08:00:29+00:00,MartyManley,Marty Manley (Bluesky @martymanley),"I stopped drinking accidentally. Started using Mounjaro for weight loss (worked great) and immediately lost all appetite for coffee and alcohol. I have forced myself to drink both on occasion since, but the thrill is gone. 

Wasn’t my goal, but I’m not fighting it.",en,0,0,1,0,463,"<a href=""http://twitter.com/#!/download/ipad"" rel=""nofollow"">Twitter for iPad</a>",https://x.com/MartyManley/status/1631202805120917505,False,False,2026-04-08T21:30:17.139893+00:00
1631009176716713984,mounjaro_weight,mounjaro,weight,2023-03-01T19:11:05+00:00,pmarca,Marc Andreessen 🇺🇸,"On Pausing Alcohol

""Always carry a flask of whiskey in case of snakebite, and furthermore always carry a small snake."" -- W. C. Fields

About six months ago, I stopped drinking alcohol. I feel much better, and I’m mad as hell about it.

I never really drank through my 20s and 30s, but grew to really enjoy whiskey through my 40s, coincident with “Mad Men”, and roughly a thousand academic studies that proved that alcohol is actually good for you. Win/win!

I had read that the sure sign of an alcoholic is someone who drinks at night, by himself, at home, so I decided to only drink at night, by myself, at home.

I was even scurrilously quoted as saying “the perfect day is 10 hours of caffeine followed by 4 hours of alcohol”, which I did indeed say, and which is still indeed true.

Unfortunately, in recent years, it’s become clear that most or all — probably all — of the scientific studies on the benefits of alcohol are fake, the scientists unwitting or witting victims of selection effects. As Michael Crichton says, “wet streets cause rain”, or rather wet streets don’t cause rain. It turns out that sick people often don’t drink, or subjects just lie to researchers about their consumption outright. There go the studies.

It is now pretty definitively clear that no amount of alcohol is good for you. Andrew Huberman recently summed this conclusion up on his podcast; the topic made me so enraged I never listened to the episode, but I did read the notes.

Andrew says “the best amount of alcohol to drink is no alcohol” — imagine someone who both hates and loves humanity that much.

Since I stopped drinking, I feel much better. I don’t need as much sleep, but my sleep is better. I’m more alert through the day. I’m cogent and focused at all times. I have more energy when I exercise, and it’s easier to control my diet.

It’s great, and I am super mad about it.

I feel like the color has drained out of my evenings[*]. Spending time with people is still fun, but now it’s hard to sit still and watch a movie or read a book and unwind at the end of a hard day. I’m more prone to just work until bedtime. Grump grump grump.

Frankly, I don’t know what Elon is doing farting around with cars and rockets and Twitter, why doesn’t he solve THIS problem[**].

And one of these days, I am going to get deeply, seriously, hammered.

But not today!

[*] A lot of people I know are substituting cannabis or hallucinogens for alcohol. I’m not, I won’t touch any of those things — a topic for another time.

[**] I’ve been trying all the alcohol free whiskeys, wine, and beer. So far, no luck on the whiskeys. For wine, Sovi is pretty good. For beer, there are quite a few good choices; I’ve become partial to Hopwtr, which is zero calorie hop-flavored sparkling water. I’m still not drinking either at breakfast, though I am tempted.",en,2110,1971,26208,588,13086745,"<a href=""https://mobile.twitter.com"" rel=""nofollow"">Twitter Web App</a>",https://x.com/pmarca/status/1631009176716713984,False,False,2026-04-08T21:30:17.139893+00:00
1631052372028841984,mounjaro_weight,mounjaro,weight,2023-03-01T22:02:43+00:00,CristobMorales,Cristobal Morales,"https://t.co/aGN1HRlRhL Tirzepatide Reduces Appetite, Energy Intake, and Fat Mass in People With Type 2 Diabetes @DiegoBellido2 @isidoro_cano @fjavesc @estebanjodar @DrTinahones https://t.co/7Qfu3W97OP",en,1,18,49,2,3567,"<a href=""http://twitter.com/download/iphone"" rel=""nofollow"">Twitter for iPhone</a>",https://x.com/CristobMorales/status/1631052372028841984,False,False,2026-04-08T21:30:17.139893+00:00
1631027703682850820,mounjaro_weight,mounjaro,weight,2023-03-01T20:24:42+00:00,duud40,Dragos Stefanescu,@BowTiedUM I’m on Tirzepatide and it feels just like magic. Lost 8kgs in 3 weeks.,en,0,0,1,0,1707,"<a href=""http://twitter.com/download/iphone"" rel=""nofollow"">Twitter for iPhone</a>",https://x.com/duud40/status/1631027703682850820,False,True,2026-04-08T21:30:17.139893+00:00
1630970720279724032,mounjaro_weight,mounjaro,weight,2023-03-01T16:38:16+00:00,TinaGrillo2,Tina Grillo,"@jamiattenberg So as a woman with morbid obesity and insulin resistance, I take mounjaro injections weekly. I don’t starve myself. I crave different things and don’t diet. At all. I’ve lost fifty pounds. I’m not in pain from living. 1)",en,1,0,10,0,6405,"<a href=""http://twitter.com/download/iphone"" rel=""nofollow"">Twitter for iPhone</a>",https://x.com/TinaGrillo2/status/1630970720279724032,False,True,2026-04-08T21:30:17.139893+00:00
1630970333413924866,mounjaro_weight,mounjaro,weight,2023-03-01T16:36:44+00:00,nakshort,naked short,"@AliceFromQueens I started taking Mounjaro recently. I’m not obese, but middle-aged and overweight. I’ve tended towards higher quality food and good fat content for years, avoiding processed carbs.  I’ve lost 10lbs in 2 weeks.",en,1,0,7,0,2181,"<a href=""http://twitter.com/download/iphone"" rel=""nofollow"">Twitter for iPhone</a>",https://x.com/nakshort/status/1630970333413924866,False,True,2026-04-08T21:30:17.139893+00:00
1630914399522246657,mounjaro_weight,mounjaro,weight,2023-03-01T12:54:28+00:00,squidsama,Squidiot,"I switched to Ozempic recently (for both diabetes and to counteract the side effects of another medication that jacks my appetite way up) but I was originally on Mounjaro, which cost me $25 a refill with a manufacturers coupon.

In January, the coupon changed to make it $500 -",en,2,0,1,0,338,"<a href=""http://twitter.com/download/android"" rel=""nofollow"">Twitter for Android</a>",https://x.com/squidsama/status/1630914399522246657,False,False,2026-04-08T21:30:17.139893+00:00
1630792544375250945,mounjaro_weight,mounjaro,weight,2023-03-01T04:50:15+00:00,_iTalia85_,N E S S,"@kristyalbano214 My Brother does the weekly shot of Mounjaro, just be careful, not sure if it's the same but he's lost weight, NO appetite at all...So have to make sure you eat so your not low...GNC has the best shakes Vanilla Bean only",en,1,0,2,0,202,"<a href=""http://twitter.com/download/iphone"" rel=""nofollow"">Twitter for iPhone</a>",https://x.com/_iTalia85_/status/1630792544375250945,False,True,2026-04-08T21:30:17.139893+00:00
1630665432066564096,mounjaro_weight,mounjaro,weight,2023-02-28T20:25:09+00:00,skinthique,essence,I'll use the ozempic they deliver to me tomorrow but after I'm done w that I'll ask my Dr to prescribe and ask for pa for mounjaro instead bc what I need is my appetite to be gone,en,2,0,1,0,208,"<a href=""http://twitter.com/download/iphone"" rel=""nofollow"">Twitter for iPhone</a>",https://x.com/skinthique/status/1630665432066564096,False,False,2026-04-08T21:30:17.139893+00:00
1630237415561469961,mounjaro_weight,mounjaro,weight,2023-02-27T16:04:22+00:00,CDGoble,Clark Goble,Life on Mounjaro: Week 1 https://t.co/ToP1cbAybD,en,0,0,0,0,71,"<a href=""http://publicize.wp.com/"" rel=""nofollow"">Jetpack.com</a>",https://x.com/CDGoble/status/1630237415561469961,False,False,2026-04-08T21:30:17.924730+00:00
1630219150097260544,mounjaro_weight,mounjaro,weight,2023-02-27T14:51:48+00:00,CDGoble,Clark Goble,"My Doctor put me on #Mounjaro to treat my #type2diabetes and in the first week I lost over 7 pounds. Did have some stomach distress over the week, but very happy with the appetite suppression. #mounjaroweek1",en,0,0,0,0,214,"<a href=""http://twitter.com/download/iphone"" rel=""nofollow"">Twitter for iPhone</a>",https://x.com/CDGoble/status/1630219150097260544,False,False,2026-04-08T21:30:17.924730+00:00
1630042041622183936,mounjaro_weight,mounjaro,weight,2023-02-27T03:08:02+00:00,smoke_nd_pearlz,💕 Doll Face✨,Like y’all the mounjaro has taken my appetite away and why i lost 13 pounds in one month LMAO 😭😭. I DONT BE HUNGRY BRUH,en,3,0,30,0,2721,"<a href=""http://twitter.com/download/iphone"" rel=""nofollow"">Twitter for iPhone</a>",https://x.com/smoke_nd_pearlz/status/1630042041622183936,False,True,2026-04-08T21:30:17.924730+00:00
1629960536656838657,mounjaro_weight,mounjaro,weight,2023-02-26T21:44:09+00:00,Momto2_Cats,MomToJust1Cat 🇺🇸 🐈‍⬛,@thisaintarbys I don't think she took Ozempic or Mounjaro.  Kyle is very petite (and never overweight).  But she is much more toned and working out will do that.  She wouldn't be that toned if she took Ozempic.  OTOH Puss has lost a lot of weight.,en,0,0,2,0,161,"<a href=""https://mobile.twitter.com"" rel=""nofollow"">Twitter Web App</a>",https://x.com/Momto2_Cats/status/1629960536656838657,False,True,2026-04-08T21:30:17.924730+00:00
1629949431305887745,mounjaro_weight,mounjaro,weight,2023-02-26T21:00:02+00:00,Nightline,Nightline,"Kaitlyn Wade has lost more than 60 pounds on Mounjaro, a drug typically used to treat diabetes, and has documented her weight loss journey to thousands of followers on TikTok. 

#IMPACTonHulu examines medications like Mounjaro that have recently gained popularity on social media. https://t.co/HKA3tabz3F",en,1,0,1,0,2132,"<a href=""https://studio.twitter.com"" rel=""nofollow"">Twitter Media Studio</a>",https://x.com/Nightline/status/1629949431305887745,False,False,2026-04-08T21:30:17.924730+00:00
1629273763480059906,mounjaro_weight,mounjaro,weight,2023-02-25T00:15:10+00:00,lblee58,Larry Lee,"Down 54 lbs since September, my blood glucose average is under 1000, and my A1C is 5.4. Just started the maximum dosage of Mounjaro (15mg) today. Eating healthy with plenty of protein. My snack include mixed fruit (no sugar added), grapes, avocados, cucumbers.",en,3,2,23,0,2140,"<a href=""http://twitter.com/#!/download/ipad"" rel=""nofollow"">Twitter for iPad</a>",https://x.com/lblee58/status/1629273763480059906,False,False,2026-04-08T21:30:17.924730+00:00
1629191931396866054,mounjaro_weight,mounjaro,weight,2023-02-24T18:50:00+00:00,Michael_Texas69,Michael Bennett,@Artemizia_123 @ErlingStu @DoodlesTrks @freethi52378078 @Cara_TXZEAL I lost 7 pounds my first week on Mounjaro. Take my second shot today! #Wonderdrug,en,1,0,2,0,99,"<a href=""https://mobile.twitter.com"" rel=""nofollow"">Twitter Web App</a>",https://x.com/Michael_Texas69/status/1629191931396866054,False,True,2026-04-08T21:30:17.924730+00:00
1629164780874346497,mounjaro_weight,mounjaro,weight,2023-02-24T17:02:06+00:00,InShapeMDSA,InShapeMDSanAngelo,"@elilillyandco ’s Tirzepatide imitates a hormone - called GIP - which along with reducing appetite, also improves how the body breaks down sugar and fat, aiding in weight loss and less sugar cravings throughout the day. 💉 https://t.co/8ztUIzus8b",en,0,1,1,0,191,"<a href=""http://socialappsnow.com"" rel=""nofollow"">Social Apps Now</a>",https://x.com/InShapeMDSA/status/1629164780874346497,False,False,2026-04-08T21:30:17.925726+00:00
1629164269160865792,mounjaro_weight,mounjaro,weight,2023-02-24T17:00:04+00:00,Michael_Texas69,Michael Bennett,"@DoctorTro Went full keto last week with Mounjaro, and lost 7 pounds https://t.co/DfmO2x9KfF",en,1,0,2,0,123,"<a href=""http://twitter.com/download/iphone"" rel=""nofollow"">Twitter for iPhone</a>",https://x.com/Michael_Texas69/status/1629164269160865792,False,True,2026-04-08T21:30:17.925726+00:00
1629144960334282762,mounjaro_weight,mounjaro,weight,2023-02-24T15:43:21+00:00,angryelderjay,Angry Elder Millennial,Progress Update: Officially down 40+ lbs since starting my weight loss journey. #weightloss #weightlosstransformation #weightlossjourney #mounjaro https://t.co/M3DmAmgAAt,en,3,0,18,0,1348,"<a href=""http://twitter.com/download/iphone"" rel=""nofollow"">Twitter for iPhone</a>",https://x.com/angryelderjay/status/1629144960334282762,False,False,2026-04-08T21:30:17.925726+00:00
1628241403217051648,mounjaro_weight,mounjaro,weight,2023-02-22T03:52:56+00:00,ResearcherBy,LW. PhD |,@DrPlantel Just got back on 2.5 MounJaro after 2 months off due to gall bladder removal/recovery. Had lost 30 lbs over 6 months &amp; have 20 to go. Happy that my doctor recognized the value of being on MJ to lose weight &amp; thus help cure my mild NAFLD &amp; that MY insurance still covered it.🎉,en,0,0,3,0,191,"<a href=""http://twitter.com/download/android"" rel=""nofollow"">Twitter for Android</a>",https://x.com/ResearcherBy/status/1628241403217051648,False,True,2026-04-08T21:30:17.925726+00:00
1628210259583176704,mounjaro_weight,mounjaro,weight,2023-02-22T01:49:11+00:00,imjinnie,A. “Jinnie” McManus,"@MaryHellScream I crossed the threshold for type-2 diabetes late last year. I started water aerobics, being slightly more mindful about what I ate and worked on getting restful sleep w/ a CPAP. 

I also take a very drastic med called Mounjaro and have lost 50lbs. But it’s not good for everyone.",en,0,0,1,0,105,"<a href=""http://twitter.com/download/iphone"" rel=""nofollow"">Twitter for iPhone</a>",https://x.com/imjinnie/status/1628210259583176704,False,True,2026-04-08T21:30:17.925726+00:00
1628049966676557826,mounjaro_weight,mounjaro,weight,2023-02-21T15:12:14+00:00,LrupertMD,Dr. Loucresie,"Week 8
Highest weight 224
Surgery weight : 219
Current weight 192.4
Goal weight 130-140

Lost 1 lb

Very disappointed in myself. Had got down to 190 and just been making really bad choices and gained it back....

 Anyway hope this week is better and the mounjaro kicks in soon. https://t.co/itY0TJHZw4",en,0,0,3,0,716,"<a href=""http://twitter.com/download/android"" rel=""nofollow"">Twitter for Android</a>",https://x.com/LrupertMD/status/1628049966676557826,False,False,2026-04-08T21:30:17.925726+00:00
1627477269311787008,mounjaro_weight,mounjaro,weight,2023-02-20T01:16:32+00:00,Tom_Hirschfeld,Tom Hirschfeld,@zackkanter Are you suggesting that the people 300lb people losing 80 lbs on mounjaro are losing 80 lbs of lean muscle?,en,0,0,0,0,195,"<a href=""https://mobile.twitter.com"" rel=""nofollow"">Twitter Web App</a>",https://x.com/Tom_Hirschfeld/status/1627477269311787008,False,True,2026-04-08T21:30:17.925726+00:00
1627310819791839232,mounjaro_weight,mounjaro,weight,2023-02-19T14:15:08+00:00,MsChief72,MsChief 🏈 🧡🤎,@jrnyluvr50 Metformin didn't do squat for me. Took it for years and only ever gave me stomach problems. I'm taking Mounjaro and A1C is in the normal range now and I've lost 50lbs.,en,1,0,2,0,184,"<a href=""http://twitter.com/download/android"" rel=""nofollow"">Twitter for Android</a>",https://x.com/MsChief72/status/1627310819791839232,False,True,2026-04-08T21:30:17.925726+00:00
1626712046573355008,mounjaro_weight,mounjaro,weight,2023-02-17T22:35:49+00:00,akjohnson8808,Angela K,"@karrie_sequeira @rekrueger Metformin, which just simply keeps your blood sugar from spiking. Mounjaro slows gastric emptying so you don't have hunger pains and suppresses your appetite. I am only in my 3rd week and can already feel different. You are NOT hungry. I also want to stop taking Metformin.",en,1,0,1,0,258,"<a href=""http://twitter.com/download/android"" rel=""nofollow"">Twitter for Android</a>",https://x.com/akjohnson8808/status/1626712046573355008,False,True,2026-04-08T21:30:17.925726+00:00
1626393733578080259,mounjaro_weight,mounjaro,weight,2023-02-17T01:30:57+00:00,bitterbirchbeer,Gruffmadness,"@MikearoniGrill @DadGamerNerd If you’re not afraid of shots, mounjaro works really well. I lost 60 lbs.",en,0,0,0,0,97,"<a href=""http://twitter.com/download/iphone"" rel=""nofollow"">Twitter for iPhone</a>",https://x.com/bitterbirchbeer/status/1626393733578080259,False,False,2026-04-08T21:30:17.925726+00:00
1626168208423100416,mounjaro_weight,mounjaro,weight,2023-02-16T10:34:48+00:00,JameseyBoy65,WOODCHIPPER,Ozempic and the one I’m taking is Mounjaro .... Lost 30 pounds of fat so far bro with No side effects,en,1,0,5,0,1311,"<a href=""http://twitter.com/download/iphone"" rel=""nofollow"">Twitter for iPhone</a>",https://x.com/JameseyBoy65/status/1626168208423100416,False,False,2026-04-08T21:30:17.925726+00:00
1626164985792716800,mounjaro_weight,mounjaro,weight,2023-02-16T10:21:59+00:00,AgingWhiteGay,CAMILLE PAGLIA STAN✨,What is the diabetes medication that people are injecting themselves with to lose weight?,en,12,1,5,1,3107,"<a href=""http://twitter.com/download/iphone"" rel=""nofollow"">Twitter for iPhone</a>",https://x.com/AgingWhiteGay/status/1626164985792716800,False,False,2026-04-08T21:30:17.926722+00:00
1626061303847718912,mounjaro_weight,mounjaro,weight,2023-02-16T03:30:00+00:00,agingdoc1,Agingdoc🩺Dr David Barzilai🔔MD PhD MS MBA DipABLM,"A New Drug Switched Off My Appetite. What’s Left?

""Mounjaro did what decades of struggle with managing weight couldn’t. Welcome to the post-hunger age...

#Scicomm by @WIRED 👇

🔗https://t.co/CeHeMw1d0M https://t.co/PITpmHAyY9",en,0,4,10,1,1593,"<a href=""https://mobile.twitter.com"" rel=""nofollow"">Twitter Web App</a>",https://x.com/agingdoc1/status/1626061303847718912,False,False,2026-04-08T21:30:18.840749+00:00
1625559078821892104,mounjaro_weight,mounjaro,weight,2023-02-14T18:14:20+00:00,cherylsmarshal1,Brit1958,@GBNEWS i am a diabetic i live in the U.S. i have lost 50 lbs taking mounjaro my bp is perfect so is my a1c i have no side effects,en,0,0,2,0,272,"<a href=""https://mobile.twitter.com"" rel=""nofollow"">Twitter Web App</a>",https://x.com/cherylsmarshal1/status/1625559078821892104,False,True,2026-04-08T21:30:18.840749+00:00
1625198978881945600,mounjaro_weight,mounjaro,weight,2023-02-13T18:23:25+00:00,Chrissy1937,Chrissy 🥰🙏🏽♥️👩‍👧‍👧🧥👩🏽‍💻,"5th week Mounjaro 5.0 mg
3rd week intermittent fasting 16:8
3rd week no sweets an no drinks with sugar
1st week 2 days off carbs 1 on carbs🔁 
#unbiggingmybody #fitworks #elite🙏🏽",en,0,0,0,0,201,"<a href=""http://twitter.com/download/iphone"" rel=""nofollow"">Twitter for iPhone</a>",https://x.com/Chrissy1937/status/1625198978881945600,False,False,2026-04-08T21:30:18.841745+00:00
1625172719468789760,mounjaro_weight,mounjaro,weight,2023-02-13T16:39:05+00:00,breizh2008,breizh2008 🚜,"A New Drug Switched Off My Appetite. What’s Left ?
https://t.co/n0EMVbgMxA Mounjaro did what decades of struggle with managing weight couldn’t. Welcome to the post-hunger age       &gt;@wired",en,0,0,0,0,117,"<a href=""https://mobile.twitter.com"" rel=""nofollow"">Twitter Web App</a>",https://x.com/breizh2008/status/1625172719468789760,False,False,2026-04-08T21:30:18.841745+00:00
1625118279483138048,mounjaro_weight,mounjaro,weight,2023-02-13T13:02:45+00:00,monicaduda1313,Monica Duda🫀🩺👩‍⚕️,@TheNPwithT1D It’s amazing !! I started Mounjaro.  I’ve lost 25lbs.  Zero appetite! I love it.,en,0,0,0,0,239,"<a href=""http://twitter.com/download/iphone"" rel=""nofollow"">Twitter for iPhone</a>",https://x.com/monicaduda1313/status/1625118279483138048,False,False,2026-04-08T21:30:18.841745+00:00
1625006853263593472,mounjaro_weight,mounjaro,weight,2023-02-13T05:39:59+00:00,AnneIsLosingIt,Anne-Elizabeth,"@DrNadolsky @MichaelAlbertMD @tmodarressi @BevTchangMD That’s insanity. When I started #Mounjaro, I had a 35.9 BMI. That was in August 2022. I’ve lost 52 lbs since then and my BMI is currently 28.5. Few more lbs and I’ll be at the 27 BMI cutoff. But my  insurance PA is through July. How can a pharmacist deny a scrip?",en,2,0,6,0,713,"<a href=""http://twitter.com/download/iphone"" rel=""nofollow"">Twitter for iPhone</a>",https://x.com/AnneIsLosingIt/status/1625006853263593472,False,True,2026-04-08T21:30:18.841745+00:00
1624856562144608256,mounjaro_weight,mounjaro,weight,2023-02-12T19:42:47+00:00,MNoelH,MNoelH,"@FatEmperor 

Nationwide shortage of drugs like Mounjaro, Ozempic, etc. Why aren't doctors prescribing no carb?

I've lost more weight (I was NEVER obese) faster, healthier, &amp; cheaper than ANY of my patients on these ""wonder"" injections by going BBBE (beef, bacon, butter, &amp;eggs).",en,0,0,0,0,162,"<a href=""http://twitter.com/download/android"" rel=""nofollow"">Twitter for Android</a>",https://x.com/MNoelH/status/1624856562144608256,False,False,2026-04-08T21:30:18.841745+00:00
1624856050586247170,mounjaro_weight,mounjaro,weight,2023-02-12T19:40:45+00:00,MNoelH,MNoelH,"@richardursomd Nationwide shortage of drugs like Mounjaro, Ozempic, etc. Why aren't doctors prescribing carb restriction?

I've lost more weight (I was NEVER obese) faster, healthier, &amp; cheaper than ANY of my patients on these ""wonder"" injections by going BBBE (beef, bacon, butter, &amp; eggs).",en,1,1,5,0,775,"<a href=""http://twitter.com/download/android"" rel=""nofollow"">Twitter for Android</a>",https://x.com/MNoelH/status/1624856050586247170,False,True,2026-04-08T21:30:18.841745+00:00
1624766238382776320,mounjaro_weight,mounjaro,weight,2023-02-12T13:43:52+00:00,insulincanada,Buy Canadian Insulin,"Similar to Ozempic, Mounjaro is making waves as an effective weight loss drug that can help those battling obesity shed unwanted pounds.

Full Article:
https://t.co/1jPhnDFBh0 https://t.co/99cnh1fprE",en,0,0,0,0,127,"<a href=""https://mobile.twitter.com"" rel=""nofollow"">Twitter Web App</a>",https://x.com/insulincanada/status/1624766238382776320,False,False,2026-04-08T21:30:18.841745+00:00
1624573371315789827,mounjaro_weight,mounjaro,weight,2023-02-12T00:57:29+00:00,lifeoftortiz,Tiffany 🖤🖤,"3 months. 17.6 lbs. 28 inches. 

#Mounjaro #weightlosstransformation #weightlossjourney https://t.co/tmT8RQrQWQ",en,6,0,9,0,1510,"<a href=""http://twitter.com/download/android"" rel=""nofollow"">Twitter for Android</a>",https://x.com/lifeoftortiz/status/1624573371315789827,False,False,2026-04-08T21:30:18.841745+00:00
1624425726014365696,mounjaro_weight,mounjaro,weight,2023-02-11T15:10:48+00:00,PhlawlessPharm,phlawless pharm✨,"@DrDave_99 @KeriCrewsonMD I lost 16 lbs in a month on Mounjaro, my doctor refused to prescribe it anymore bc off label🙄 but it’s legit",en,1,0,1,0,151,"<a href=""http://twitter.com/download/iphone"" rel=""nofollow"">Twitter for iPhone</a>",https://x.com/PhlawlessPharm/status/1624425726014365696,False,True,2026-04-08T21:30:18.841745+00:00
1624392370346201089,mounjaro_weight,mounjaro,weight,2023-02-11T12:58:15+00:00,EliCasillas3,Eli C,"Listen friends… is not Ozempic (diabetes med, average 10-15 lbs). The celebrities are on Mounjaro (weight loss med, average 30-40 lbs) #rhobh #rhom #rhonj #rhoa #rhoc",en,0,0,1,0,747,"<a href=""http://twitter.com/download/iphone"" rel=""nofollow"">Twitter for iPhone</a>",https://x.com/EliCasillas3/status/1624392370346201089,False,False,2026-04-08T21:30:18.841745+00:00
1623392806365454339,mounjaro_weight,mounjaro,weight,2023-02-08T18:46:20+00:00,smoke_nd_pearlz,💕 Doll Face✨,"This mounjaro be pissing me off cause why i only at 2 wings, 2 fried green tomatoes and 5 fries and I’m full. OMG 😭 no wonder this weight is falling off i can’t eat fr 😂 appetite is SUPPRESSED",en,9,0,57,0,9452,"<a href=""http://twitter.com/download/iphone"" rel=""nofollow"">Twitter for iPhone</a>",https://x.com/smoke_nd_pearlz/status/1623392806365454339,False,False,2026-04-08T21:30:18.841745+00:00
1623112414727208964,mounjaro_weight,mounjaro,weight,2023-02-08T00:12:10+00:00,VanderVVtm,VV,@BrightlyAgain Nobody is asking the most overrated housewife about her eating habits or workout routine. People are questioning how she lost all that weight in weeks. The more she post stuff like this the more guilty she looks. #ozempic #mounjaro #RHOBH,en,0,1,17,0,851,"<a href=""http://twitter.com/download/iphone"" rel=""nofollow"">Twitter for iPhone</a>",https://x.com/VanderVVtm/status/1623112414727208964,False,True,2026-04-08T21:30:18.841745+00:00
1623087694917120000,mounjaro_weight,mounjaro,weight,2023-02-07T22:33:56+00:00,Tellit007,Tellit Likeitis,"@Quartzgirl06 @juliaoftoronto Better than an article: outcome based data from glp-1 / gip studies. The folks on placebo lost 3.4% bodyweight over 72 weeks, and the folks on tirzepatide lost 22%. Unless you think the folks on placebo just had massively less willpower and different genes",en,1,0,1,0,103,"<a href=""http://twitter.com/download/android"" rel=""nofollow"">Twitter for Android</a>",https://x.com/Tellit007/status/1623087694917120000,False,True,2026-04-08T21:30:18.841745+00:00
1622662219484872705,mounjaro_weight,mounjaro,weight,2023-02-06T18:23:15+00:00,breizh2008,breizh2008 🚜,A New Drug Switched Off My Appetite. What’s Left ? https://t.co/n0EMVbgMxA Mounjaro did what decades of struggle with managing weight couldn’t. Welcome to the post-hunger age     &gt;@wired,en,0,0,0,0,104,"<a href=""https://mobile.twitter.com"" rel=""nofollow"">Twitter Web App</a>",https://x.com/breizh2008/status/1622662219484872705,False,False,2026-04-08T21:30:18.841745+00:00
1622584275924054016,mounjaro_weight,mounjaro,weight,2023-02-06T13:13:32+00:00,gunawardena_s,Yamani S Gunawardena,@DrNadolsky @ChrisCuomo It’s in TikTok on @ChrisCuomo ‘s feed. He should interview someone like you IMO. I lost about 40 Ib in 6 months on Mounjaro having struggled diet / exercise for years. These folks have no idea how hard it is for some of us.,en,0,0,2,0,199,"<a href=""http://twitter.com/download/iphone"" rel=""nofollow"">Twitter for iPhone</a>",https://x.com/gunawardena_s/status/1622584275924054016,False,True,2026-04-08T21:30:18.841745+00:00
1622436835199795200,mounjaro_weight,mounjaro,weight,2023-02-06T03:27:39+00:00,vjkahler,vjkahler,@DrNadolsky I hope the price comes down sooner rather than later so everyone who needs it can have it. I started Mounjaro 7 weeks ago and I’ve lost 10 lbs. I don’t think about food. I hardly eat. I don’t need insulin any more. Wow. Is this how thin people feel?,en,0,0,3,0,567,"<a href=""http://twitter.com/download/iphone"" rel=""nofollow"">Twitter for iPhone</a>",https://x.com/vjkahler/status/1622436835199795200,False,True,2026-04-08T21:30:19.728230+00:00
1622300927364571137,mounjaro_weight,mounjaro,weight,2023-02-05T18:27:36+00:00,JustJewels93,Just Julie,@KeriCrewsonMD Congratulations on the NSV! That’s exciting! I’m down 44 lbs using Mounjaro! This medication is saving my life!,en,0,0,1,0,211,"<a href=""http://twitter.com/download/iphone"" rel=""nofollow"">Twitter for iPhone</a>",https://x.com/JustJewels93/status/1622300927364571137,False,True,2026-04-08T21:30:19.728230+00:00
1622242136568770560,mounjaro_weight,mounjaro,weight,2023-02-05T14:33:59+00:00,sven_piek,Sven Peake,"@KeriCrewsonMD A few years ago, I was on Saxenda (liraglutide)—basically, a higher-dose Victoza. It reduced my appetite, but gave me bad GI symptoms &amp; threw me into a depression. I’d like to try Mounjaro but I’m concerned about similar s/e. I’ll discuss it with my PCP… (also, I'm prediabetic).",en,1,0,3,0,788,"<a href=""https://mobile.twitter.com"" rel=""nofollow"">Twitter Web App</a>",https://x.com/sven_piek/status/1622242136568770560,False,True,2026-04-08T21:30:19.728230+00:00
1622153985795784705,mounjaro_weight,mounjaro,weight,2023-02-05T08:43:43+00:00,myattractive3,myattractivethings,"how does mounjaro work for weight loss lets see, Mounjaro is a weight-loss supplement that is claimed to help you lose weight by suppressing your appetite, boosting your metabolism, and reducing your cravings for unhealthy foods.#Mounjaro #weightloss

https://t.co/g9UbdRuNpy https://t.co/X40mT0XzH8",en,0,0,0,0,187,"<a href=""https://www.blog2social.com"" rel=""nofollow"">Blog2Social APP</a>",https://x.com/myattractive3/status/1622153985795784705,False,False,2026-04-08T21:30:19.729227+00:00
1622006228963495936,mounjaro_weight,mounjaro,weight,2023-02-04T22:56:35+00:00,GeneticLiteracy,Genetic Literacy Project,"People who took Tirzepatide (a drug) lost up to 22% of their body weight and achieved far greater weight loss on average than the placebo group.
@Gizmodo
 https://t.co/rlYXC7ZWsb",en,0,0,0,0,360,"<a href=""http://erased6644614_QyctI2jsZ5.com"" rel=""nofollow"">erased6644614_QyctI2jsZ5</a>",https://x.com/GeneticLiteracy/status/1622006228963495936,False,False,2026-04-08T21:30:19.729227+00:00
1621810900750553088,mounjaro_weight,mounjaro,weight,2023-02-04T10:00:25+00:00,marketjim118,Jimmy Maher,12 LB WEIGHT LOSS MOUNJARO WEIGHT LOSS WEEK 1💥 Mounjaro Tirzepatide Weight Loss Journey ⚖ #weightloss #firstweek https://t.co/g0cJm33oxv,en,0,0,0,0,87,"<a href=""http://erased13029889_7Lim7zS6zn.com"" rel=""nofollow"">erased13029889_7Lim7zS6zn</a>",https://x.com/marketjim118/status/1621810900750553088,False,False,2026-04-08T21:30:19.729227+00:00
1621610297462071305,mounjaro_weight,mounjaro,weight,2023-02-03T20:43:17+00:00,CThskzfn,Peter Del Vaglio,"@katiecouric @ljaronne @WeillCornell Current participant in a clinical trial re: the efficacy of Mounjaro for weight loss in non-diabetics. My study began 9/21. Had to lose 10% of body weight, via lifestyle changes only, in 1st 12 wks. Began drug 12/21. Lost 80#s. Drug is a godsend. Can save USA from obesity scourge",en,0,0,0,0,71,"<a href=""http://twitter.com/download/android"" rel=""nofollow"">Twitter for Android</a>",https://x.com/CThskzfn/status/1621610297462071305,False,True,2026-04-08T21:30:19.729227+00:00
1621519800513237000,mounjaro_weight,mounjaro,weight,2023-02-03T14:43:41+00:00,immalgonquin,Interactive Media Management at Algonquin College,Mounjaro did what decades of struggle with managing weight couldn’t. Welcome to the post-hunger age.A New Drug Switched Off My Appetite. What’s Left? https://t.co/pnBjv7Yz9m,en,0,0,0,0,82,"<a href=""https://ifttt.com"" rel=""nofollow"">IFTTT</a>",https://x.com/immalgonquin/status/1621519800513237000,False,False,2026-04-08T21:30:19.729227+00:00
1621260096654147588,mounjaro_weight,mounjaro,weight,2023-02-02T21:31:43+00:00,HuffmanJonas,jhuff,"@WSJ @david_wainer Love Mounjaro, I've lost almost 50 pounds going on 5 months.",en,0,0,1,0,158,"<a href=""https://mobile.twitter.com"" rel=""nofollow"">Twitter Web App</a>",https://x.com/HuffmanJonas/status/1621260096654147588,False,True,2026-04-08T21:30:19.729227+00:00
1621203527975505920,mounjaro_weight,mounjaro,weight,2023-02-02T17:46:56+00:00,viperr,Viperr,"Been using Mounjaro, the Ozempic fork, lately and have lost a lot of bull market weight.

This thing does wonders, but is in high demand since it is also used for those with diabetes.

Regardless, gud product and I can see why daddy Elon uses/used it.",en,3,0,4,0,1597,"<a href=""https://mobile.twitter.com"" rel=""nofollow"">Twitter Web App</a>",https://x.com/viperr/status/1621203527975505920,False,False,2026-04-08T21:30:19.729227+00:00
1621032691251699713,mounjaro_weight,mounjaro,weight,2023-02-02T06:28:05+00:00,Reparationist_1,Evanstonrejectsracistreparations,"Anthony Anderson looking thin, likely at optimal weight. Hey y'all the actor has Type2 diabetes and has probably started using the once weekly injectables of Ozempic or Mounjaro...those meds suppress your appetite.  He needs to trim down the beard 😂😂😂",en,0,0,1,0,721,"<a href=""http://twitter.com/download/android"" rel=""nofollow"">Twitter for Android</a>",https://x.com/Reparationist_1/status/1621032691251699713,False,False,2026-04-08T21:30:19.729227+00:00
1621002886200332290,mounjaro_weight,mounjaro,weight,2023-02-02T04:29:39+00:00,essmessm,"""Codify CHOICE"" Mr Martin","@afrosabi Started mounjaro in December. Stopped in January.  New insurance, still fighting for authorization to get it. Was working some, reduced appetite, lowered BGL. 
Had to change Lantus to basaglar, pharmacy said can't get levimir. They are changing the delivery system. So shortages",en,1,0,2,0,332,"<a href=""http://twitter.com/download/android"" rel=""nofollow"">Twitter for Android</a>",https://x.com/essmessm/status/1621002886200332290,False,True,2026-04-08T21:30:19.729227+00:00
1620985862245982212,mounjaro_weight,mounjaro,weight,2023-02-02T03:22:00+00:00,angryelderjay,Angry Elder Millennial,Dinner was a chicken Caesar salad with a side of fresh mango. Officially down 35.1 lbs. #weightlossjourney #weightloss #weightlosstransformation #Mounjaro https://t.co/VZGCDus4Aw,en,0,0,4,0,430,"<a href=""http://twitter.com/download/iphone"" rel=""nofollow"">Twitter for iPhone</a>",https://x.com/angryelderjay/status/1620985862245982212,False,False,2026-04-08T21:30:19.729227+00:00
1620843356845912064,mounjaro_weight,mounjaro,weight,2023-02-01T17:55:44+00:00,Tellit007,Tellit Likeitis,"@jerryteixeira Tirzepatide finally broke that cycle for me. Zero snacking, eating 2 meals a day, done. Calorie deficit all day every day until goal weight. 7 more lbs to go before maintenance dose.",en,1,0,2,0,154,"<a href=""http://twitter.com/download/android"" rel=""nofollow"">Twitter for Android</a>",https://x.com/Tellit007/status/1620843356845912064,False,True,2026-04-08T21:30:19.729227+00:00
1620797929769553920,mounjaro_weight,mounjaro,weight,2023-02-01T14:55:14+00:00,drrudybestlife,Dr. Rudy Best Life,"A phase 3 clinical trial discovered that a high dose of Tirzepatide helped patients lose 22.5% of their body weight, or about 52 pounds, more effectively than any other medication currently on the market.

#mounjaro #mounjaroweightloss #mounjarojourney #mounjaromiami https://t.co/2EpV6hhMwM",en,0,0,4,0,639,"<a href=""https://mobile.twitter.com"" rel=""nofollow"">Twitter Web App</a>",https://x.com/drrudybestlife/status/1620797929769553920,False,False,2026-04-08T21:30:19.729227+00:00
1620492251112837120,mounjaro_weight,mounjaro,weight,2023-01-31T18:40:34+00:00,Tellit007,Tellit Likeitis,"@DrEenfeldt In fact, I lost over 40 lbs on tirzepatide while excluding nothing from my list of foods.",en,0,0,1,0,499,"<a href=""http://twitter.com/download/android"" rel=""nofollow"">Twitter for Android</a>",https://x.com/Tellit007/status/1620492251112837120,False,True,2026-04-08T21:30:19.729227+00:00
1620462796399058944,mounjaro_weight,mounjaro,weight,2023-01-31T16:43:32+00:00,SHOWCASEBALLER,Showcase and College Baseball,"@PowerArmPitcher The help people can get is really improving. They got to want the help. Mounjaro got 10 of our fathers down an average of 60 lbs. I got everyone to try it. We have 160,000 followers on Facebook and I tell the fathers to lose that weight.",en,0,0,0,0,490,"<a href=""http://twitter.com/download/iphone"" rel=""nofollow"">Twitter for iPhone</a>",https://x.com/SHOWCASEBALLER/status/1620462796399058944,False,True,2026-04-08T21:30:20.539444+00:00
1619799250472419328,mounjaro_weight,mounjaro,weight,2023-01-29T20:46:50+00:00,FatFunnyShep,Shep13,@LillyPad I lost 46 pounds using mounjaro thanks to your coupon. Your greed is going to curtail that progress now since I can’t use the coupon anymore. It’s a shame that IR isn’t covered.,en,0,0,0,0,184,"<a href=""http://twitter.com/download/iphone"" rel=""nofollow"">Twitter for iPhone</a>",https://x.com/FatFunnyShep/status/1619799250472419328,False,False,2026-04-08T21:30:20.539444+00:00
1619794471566327809,mounjaro_weight,mounjaro,weight,2023-01-29T20:27:51+00:00,Tellit007,Tellit Likeitis,"@stathitriadis @MichaelAlbertMD I hear you, I have struggled all my life with the lose / gain cycle on all kinds of diets, including keto. I lost 40lbs on Mounjaro since August and its staying off. For Ldl-c I'm taking baby rosuvastatin with ezetimibe. All numbers perfect now. Eating low(er) carb Mediterranean.",en,0,0,0,0,115,"<a href=""http://twitter.com/download/android"" rel=""nofollow"">Twitter for Android</a>",https://x.com/Tellit007/status/1619794471566327809,False,True,2026-04-08T21:30:20.539444+00:00
1619600524072095746,mounjaro_weight,mounjaro,weight,2023-01-29T07:37:10+00:00,LisaBro32278346,LBrown,@DrBreezyBrie Andy is most likely on Mounjaro like every single celebrity.  He has probably lost weight in his face...Not rocket science.,en,0,0,0,0,153,"<a href=""https://mobile.twitter.com"" rel=""nofollow"">Twitter Web App</a>",https://x.com/LisaBro32278346/status/1619600524072095746,False,False,2026-04-08T21:30:20.539444+00:00
1619390013531381760,mounjaro_weight,mounjaro,weight,2023-01-28T17:40:40+00:00,Caelaen0228,"Chris ""The Philly Jesus"" Foley",Rosie O'Donnell said diabetes medication tirzepatide helped her lose 10 pounds and stop thinking about food. Thats kind of amusing because Rosie did the same for tens of thousands of people by ruining peoples appetites,en,0,0,0,0,64,"<a href=""https://mobile.twitter.com"" rel=""nofollow"">Twitter Web App</a>",https://x.com/Caelaen0228/status/1619390013531381760,False,False,2026-04-08T21:30:20.539444+00:00
1619071771763933184,mounjaro_weight,mounjaro,weight,2023-01-27T20:36:05+00:00,RyanRadia,Ryan Radia,"@opinonhaver Average weight loss of 22.5 percent—231 pounds initially, 179 pounds after 72 weeks of tirzepatide treatment—is pretty incredible. Derek Thompson had a good podcast episode recently about the implications of these drugs. https://t.co/DFUqP6djeM https://t.co/J4x1Tis9VY",en,2,1,33,1,3128,"<a href=""http://twitter.com/download/android"" rel=""nofollow"">Twitter for Android</a>",https://x.com/RyanRadia/status/1619071771763933184,False,True,2026-04-08T21:30:20.539444+00:00
1618389572861460481,mounjaro_weight,mounjaro,weight,2023-01-25T23:25:17+00:00,Sasha20187,Sasha2018,"Rosie O'Donnell said diabetes medication tirzepatide helped her lose 10 pounds https://t.co/XaDzULaecT via @Yahoo Ten much that’s mostly water weight. Best is change regimen, stop everything that has processed sugar and process foods you will lose weight in a healthy way 2lbs/wk",en,0,0,0,0,27,"<a href=""https://mobile.twitter.com"" rel=""nofollow"">Twitter Web App</a>",https://x.com/Sasha20187/status/1618389572861460481,False,False,2026-04-08T21:30:20.540441+00:00
1617760428683321344,mounjaro_weight,mounjaro,weight,2023-01-24T05:45:17+00:00,stacyracy11,stacy11,@ElliottWaveSage You may want to chart LLY!   They lost ground from their Alzheimers drug not getting approval.   The drug I'm waiting on is Mounjaro!   It's a weight loss drug that is supposed to be FDA approved mid year!   They are using it off label and having great success!,en,0,0,2,0,158,"<a href=""http://twitter.com/download/android"" rel=""nofollow"">Twitter for Android</a>",https://x.com/stacyracy11/status/1617760428683321344,False,False,2026-04-08T21:30:20.540441+00:00
1617651740236713988,mounjaro_weight,mounjaro,weight,2023-01-23T22:33:24+00:00,CarolCrepps,carol weaver-crepps,Rosie O'Donnell said diabetes medication tirzepatide helped her lose 10 pounds and stop thinking about food https://t.co/DHQibwRQfM,en,0,0,0,0,31,"<a href=""https://mobile.twitter.com"" rel=""nofollow"">Twitter Web App</a>",https://x.com/CarolCrepps/status/1617651740236713988,False,False,2026-04-08T21:30:20.540441+00:00
1617647166037581825,mounjaro_weight,mounjaro,weight,2023-01-23T22:15:13+00:00,InsiderLife,Insider Life,Rosie O'Donnell said diabetes medication tirzepatide helped her lose 10 pounds and stop thinking about food https://t.co/0kTgenG59X,en,0,0,0,0,258,"<a href=""http://www.businessinsider.com"" rel=""nofollow"">Business Insider Login</a>",https://x.com/InsiderLife/status/1617647166037581825,False,False,2026-04-08T21:30:20.540441+00:00
1617364471772753920,mounjaro_weight,mounjaro,weight,2023-01-23T03:31:53+00:00,Tellit007,Tellit Likeitis,"@FoodLiesOrg In the studies, all folks changed their diet and exercised. Folks on placebo lost 3.4%, tirzepatide 22%. It wasn't the  changed diet that made the difference.",en,4,0,0,0,248,"<a href=""http://twitter.com/download/android"" rel=""nofollow"">Twitter for Android</a>",https://x.com/Tellit007/status/1617364471772753920,False,True,2026-04-08T21:30:20.540441+00:00
1617336295675822083,mounjaro_weight,mounjaro,weight,2023-01-23T01:39:56+00:00,taeisbabey,ana ⁷ 💜,"List of how mounjaro has affected me mind , body, and soul 🫡:
1. I shit like all day. Like I’m sorry guys but it’s actually ridiculous. And it’s just watery. I sneeze and I’m scared. 
2. I have like a  85% chance I will throw up every morning. 
3. -1000 appetite. Food is not it",en,1,0,1,0,563,"<a href=""http://twitter.com/download/iphone"" rel=""nofollow"">Twitter for iPhone</a>",https://x.com/taeisbabey/status/1617336295675822083,False,False,2026-04-08T21:30:20.540441+00:00
1617325664759173122,mounjaro_weight,mounjaro,weight,2023-01-23T00:57:41+00:00,BeachBu26422562,Beach Bum,@MichaelAlbertMD My wife and I are classified as obese and were doing great with mounjaro. Orthopedic surgeon told us we were both going to need knee or hip replacement surgery if we didn’t lose weight. We both lost over twenty pounds in two months on mounjaro.,en,2,0,3,0,818,"<a href=""http://twitter.com/download/iphone"" rel=""nofollow"">Twitter for iPhone</a>",https://x.com/BeachBu26422562/status/1617325664759173122,False,True,2026-04-08T21:30:20.540441+00:00
1617149809458122753,mounjaro_weight,mounjaro,weight,2023-01-22T13:18:54+00:00,Tellit007,Tellit Likeitis,"@AegeritalMike1 @DrNadolsky Yes, that's what both the placebo folks and the folks on tirzepatide did. Placebo lost 3.4%, tirzepatide 22%. ""Just ear less, move more"" lost.",en,0,0,2,0,111,"<a href=""http://twitter.com/download/android"" rel=""nofollow"">Twitter for Android</a>",https://x.com/Tellit007/status/1617149809458122753,False,True,2026-04-08T21:30:20.540441+00:00
1617059758917423106,mounjaro_weight,mounjaro,weight,2023-01-22T07:21:04+00:00,UtesAvsfan,X - Dani 🏳️‍🌈🌈 🌹🍉,@inkedtater @mcsuggafree You're not wrong. I lost 40 lbs after my diabetes diagnosis and starting mounjaro,en,0,0,0,0,162,"<a href=""http://twitter.com/download/android"" rel=""nofollow"">Twitter for Android</a>",https://x.com/UtesAvsfan/status/1617059758917423106,False,True,2026-04-08T21:30:21.240313+00:00
1617041563208781827,mounjaro_weight,mounjaro,weight,2023-01-22T06:08:46+00:00,CoffeeHappyDay,BeCalm&CoffeeOn,"@radfugee @mattyglesias What drug gives you 60-90% of excess wt lost?

I know mounjaro is working amazingly well, but not that well.

Also for wls pts, the medications are even more effective, which is a great tool.

Hwevr You are at the mercy of a dr to continually prescribe. Wls cannot be taken away.",en,0,0,0,0,143,"<a href=""https://mobile.twitter.com"" rel=""nofollow"">Twitter Web App</a>",https://x.com/CoffeeHappyDay/status/1617041563208781827,False,True,2026-04-08T21:30:21.240313+00:00
1616926064751833088,mounjaro_weight,mounjaro,weight,2023-01-21T22:29:49+00:00,libertydawn75,Heavydirtysoul |-/,"@meeshamess I would understand if Ozempic, Mounjaro are the only drugs available for T2D. I was on Metformin for years. I know for someone who is morbidly obese, they are T2D, heart disease, and higher cancer risks. If you need to lose 30 pounds, that’s one thing, but 60 or more. 🤷‍♀️",en,0,0,0,0,277,"<a href=""http://twitter.com/download/iphone"" rel=""nofollow"">Twitter for iPhone</a>",https://x.com/libertydawn75/status/1616926064751833088,False,True,2026-04-08T21:30:21.240313+00:00
1616872401047896066,mounjaro_weight,mounjaro,weight,2023-01-21T18:56:35+00:00,prometheusgreen,Val Giddings,Tirzepatide: Drug  in trials that can help you shed 50 pounds or more is as effective as bariatric surgery https://t.co/9WKpyZTpPF via @GeneticLiteracy,en,0,0,0,0,183,"<a href=""https://mobile.twitter.com"" rel=""nofollow"">Twitter Web App</a>",https://x.com/prometheusgreen/status/1616872401047896066,False,False,2026-04-08T21:30:21.240313+00:00
1616872301999390722,mounjaro_weight,mounjaro,weight,2023-01-21T18:56:11+00:00,GeneticLiteracy,Genetic Literacy Project,"People who took Tirzepatide (a drug) lost up to 22% of their body weight and achieved far greater weight loss on average than the placebo group.
@Gizmodo
 https://t.co/UpKoGdpnvH",en,0,0,0,0,345,"<a href=""http://erased6644614_QyctI2jsZ5.com"" rel=""nofollow"">erased6644614_QyctI2jsZ5</a>",https://x.com/GeneticLiteracy/status/1616872301999390722,False,False,2026-04-08T21:30:21.240313+00:00
1616861519559684096,mounjaro_weight,mounjaro,weight,2023-01-21T18:13:20+00:00,dutchyankee2,Rob Dirne,"@TheNutrivore The argument is that glp-1 studies where folks were randomized and both put on a caloric deficit of 500 kcal plus exercise, the ones on tirzepatide lost 22% body weight vs 3.4% on placebo. The meds allowed lifestyle changes to work and stick for a lot more folks.",en,0,0,0,0,78,"<a href=""http://twitter.com/download/android"" rel=""nofollow"">Twitter for Android</a>",https://x.com/dutchyankee2/status/1616861519559684096,False,True,2026-04-08T21:30:21.240313+00:00
1616405749567033347,mounjaro_weight,mounjaro,weight,2023-01-20T12:02:16+00:00,Tellit007,Tellit Likeitis,"@scottisaacsmd My insurance has been covering Mounjaro since 2022 with $40 copay and PA. Ozempic is $0 without PA need. I have heard similar from other folks. Low N ofcourse, but coverage is starting to happen. ""Cheap"" tirzepatide from Canada will follow. All is not lost, other than many lbs 😉",en,0,0,2,0,361,"<a href=""http://twitter.com/download/android"" rel=""nofollow"">Twitter for Android</a>",https://x.com/Tellit007/status/1616405749567033347,False,True,2026-04-08T21:30:21.240313+00:00
1616270921123364865,mounjaro_weight,mounjaro,weight,2023-01-20T03:06:31+00:00,darbycon93,Darby,"@lourdesgnavarro Been on a similar drug, Mounjaro for 6 months and down 52 lbs.
Totally changes the way I think about food. No cravings, no impulses, no bingeing. No desire for sweets.",en,0,0,7,0,567,"<a href=""http://twitter.com/download/iphone"" rel=""nofollow"">Twitter for iPhone</a>",https://x.com/darbycon93/status/1616270921123364865,False,True,2026-04-08T21:30:21.240313+00:00
1616133310589042691,mounjaro_weight,mounjaro,weight,2023-01-19T17:59:42+00:00,thotboyslim,Beatrice Juster,"Y’all gotta research the drug Tirzepatide for fat loss. It’s for diabetics but is being used for rapid weight loss. Couple friends of friends have used it and lost  ~20 lbs in just a couple weeks 

@madconroy9 @MacrodosingPod @ArianFoster @Billyhottakes",en,0,0,0,0,85,"<a href=""http://twitter.com/download/iphone"" rel=""nofollow"">Twitter for iPhone</a>",https://x.com/thotboyslim/status/1616133310589042691,False,False,2026-04-08T21:30:21.256262+00:00
1615779229546999809,mounjaro_weight,mounjaro,weight,2023-01-18T18:32:42+00:00,Tellit007,Tellit Likeitis,"@DanClintonRN @scottisaacsmd Now do tirzepatide, which has a lot less nausea reported. He did not claim appetite suppression is the reason it proves obesity disease. You are straw manning a lot and misrepresenting what these drugs do. Why?",en,0,0,1,0,51,"<a href=""http://twitter.com/download/android"" rel=""nofollow"">Twitter for Android</a>",https://x.com/Tellit007/status/1615779229546999809,False,True,2026-04-08T21:30:21.257268+00:00
1615715177239924736,mounjaro_weight,mounjaro,weight,2023-01-18T14:18:11+00:00,Tellit007,Tellit Likeitis,"@DanClintonRN @scottisaacsmd What nausea? I have been on tirzepatide since August, lost 40lbs with ZERO nausea. Some folks have it bad, but that's not main driver of weightloss.",en,1,0,2,0,156,"<a href=""http://twitter.com/download/android"" rel=""nofollow"">Twitter for Android</a>",https://x.com/Tellit007/status/1615715177239924736,False,True,2026-04-08T21:30:21.257268+00:00
1615519890114232321,mounjaro_weight,mounjaro,weight,2023-01-18T01:22:11+00:00,Tellit007,Tellit Likeitis,"@ketontrack On tirzepatide, weight is lost irrespective of stress. Unless placebo folks were more stressed? I mean, I would be if I knew I was on placebo 🤣",en,1,0,1,0,45,"<a href=""http://twitter.com/download/android"" rel=""nofollow"">Twitter for Android</a>",https://x.com/Tellit007/status/1615519890114232321,False,True,2026-04-08T21:30:21.257268+00:00
1614424772221325313,mounjaro_weight,mounjaro,weight,2023-01-15T00:50:34+00:00,PaddyAndolini,Pasquale Andolini,"@realjosephb Get your Dr to write you an rx for Mounjaro (new diabetes med). One painless shot in your leg a week and you will lose 80 lbs in 6 months. With a little exercise you will lose 100+. If you're 6'2"" 350, I'm sure you have diabetes or are pre-diabetic.",en,0,0,0,0,152,"<a href=""https://mobile.twitter.com"" rel=""nofollow"">Twitter Web App</a>",https://x.com/PaddyAndolini/status/1614424772221325313,False,True,2026-04-08T21:30:21.257268+00:00
1614333308799778824,mounjaro_weight,mounjaro,weight,2023-01-14T18:47:08+00:00,juneytunes_june,June Garcia,@ALittleWry @MounjaroHCP I’m on BCBS too. Won’t cover it. Can’t find a pharmacy that will take the coupon. I’ve lost 31 pounds when nothing else helped. I need more Mounjaro to keep up the weight loss. My BMI is still too high,en,1,0,0,0,166,"<a href=""http://twitter.com/download/iphone"" rel=""nofollow"">Twitter for iPhone</a>",https://x.com/juneytunes_june/status/1614333308799778824,False,True,2026-04-08T21:30:21.257268+00:00
1614253012876230656,mounjaro_weight,mounjaro,weight,2023-01-14T13:28:04+00:00,Tellit007,Tellit Likeitis,"@juliewalsh808 @DrEenfeldt @steross245 Your n=1 is nullified by mine, I eat more protein than prior to starting Mounjaro. I lost 35lbs of fat and retained most muscle. In fact, I kicked my sons butt arm wrestling him after he invited me to do so after he boasted about beating all his colleagues. Protein is non issue.",en,1,0,4,0,217,"<a href=""http://twitter.com/download/android"" rel=""nofollow"">Twitter for Android</a>",https://x.com/Tellit007/status/1614253012876230656,False,True,2026-04-08T21:30:21.257268+00:00
1614156455070040064,mounjaro_weight,mounjaro,weight,2023-01-14T07:04:23+00:00,munseym,Michael Munsey,"@WafflesPharm I have lost 50 pounds on Mounjaro. I take vitamins and protein shakes, and eat health foods, just in smaller portions. Typically oatmeal and an egg for breakfast, banana and a protein shake for lunch, chicken dinner.",en,0,0,1,0,272,"<a href=""http://twitter.com/download/android"" rel=""nofollow"">Twitter for Android</a>",https://x.com/munseym/status/1614156455070040064,False,True,2026-04-08T21:30:21.257268+00:00
1614042465694109705,mounjaro_weight,mounjaro,weight,2023-01-13T23:31:25+00:00,Tellit007,Tellit Likeitis,"@DrEenfeldt Interesting speculation / storytelling. Have any outcome based data backing up that claim? N=1, I actually eat more protein on tirzepatide than before (lost 40lbs). Just beat my son when he invited me to an arm wrestling, after he was boasting he beat all his colleagues at work.",en,0,0,1,0,136,"<a href=""http://twitter.com/download/android"" rel=""nofollow"">Twitter for Android</a>",https://x.com/Tellit007/status/1614042465694109705,False,True,2026-04-08T21:30:21.257268+00:00
1614008902328229888,mounjaro_weight,mounjaro,weight,2023-01-13T21:18:03+00:00,BuddyMRT,Buddy,@LillyPad BTW on Mounjaro my A1C has dropped significantly and I've lost a fair amount of weight. I hate to say this but your lack of response to helping me find a solution is going to force me to start taking Ozempic. I don't want to but you are forcing me to.,en,0,0,0,0,129,"<a href=""https://mobile.twitter.com"" rel=""nofollow"">Twitter Web App</a>",https://x.com/BuddyMRT/status/1614008902328229888,False,False,2026-04-08T21:30:21.902592+00:00
1613987271199363074,mounjaro_weight,mounjaro,weight,2023-01-13T19:52:06+00:00,lblee58,Larry Lee,"I’ve lost 40lbs since mid September, the significant loss has occurred since increasing the Mounjaro to 7.5mg - 10mg - now 12.5mg plus increased protein intake and diet of 1400 - 2000 calories/day. Hoping next month my doctor will increase the dosage to the maximum 15mg.",en,1,0,16,0,2963,"<a href=""http://twitter.com/#!/download/ipad"" rel=""nofollow"">Twitter for iPad</a>",https://x.com/lblee58/status/1613987271199363074,False,False,2026-04-08T21:30:21.902592+00:00
1613946107293499393,mounjaro_weight,mounjaro,weight,2023-01-13T17:08:32+00:00,Tellit007,Tellit Likeitis,"@dylanarmbruste3 @Dr__Guess @ethanjweiss @calleymeans That test has been done. Those on placebo vs tirzepatide who engaged in similar diet and lifestyle changes only lost 3.4% body weight vs 22% on tirze with lifestyle and diet changes, making ""lifestyle only"" far less effective.",en,1,0,1,0,93,"<a href=""http://twitter.com/download/android"" rel=""nofollow"">Twitter for Android</a>",https://x.com/Tellit007/status/1613946107293499393,False,True,2026-04-08T21:30:21.902592+00:00
1613795125075021824,mounjaro_weight,mounjaro,weight,2023-01-13T07:08:35+00:00,OverMommy,Glitter all over mommy,"Mounjaro allows me to be off insulin. I can’t take other meds because of other health problems.

If you need to lose a lot of weight, then it’s a good option. But don’t think it’s side effect free. And don’t take it to lose 10 pounds. Leave it for people who really need it.",en,0,0,0,0,177,"<a href=""http://twitter.com/download/iphone"" rel=""nofollow"">Twitter for iPhone</a>",https://x.com/OverMommy/status/1613795125075021824,False,True,2026-04-08T21:30:21.903590+00:00
1613795123237916674,mounjaro_weight,mounjaro,weight,2023-01-13T07:08:34+00:00,OverMommy,Glitter all over mommy,"Just a reality check about #Mounjaro. The day after I take it I have severe muscle pain &amp; fatigue. It puts me out for a day.

There are side effects. Don’t take it to lose a few lbs.

I put up w/ it because others had me dry heaving for days w/ severe stomach pain &amp; BS under 50 .",en,1,0,0,0,385,"<a href=""http://twitter.com/download/iphone"" rel=""nofollow"">Twitter for iPhone</a>",https://x.com/OverMommy/status/1613795123237916674,False,False,2026-04-08T21:30:21.903590+00:00
1613749158971572224,mounjaro_weight,mounjaro,weight,2023-01-13T04:05:56+00:00,joelphudson,joelphudson,"@DBelardoMD I failed to control my diabetes, I took it seriously every day. It took all my efforts to stay 222 lbs @ 6-1 That still wasn't enough to keep my A1C under 10, I started Mounjaro 4 months ago. I'm down 30 lbs and my A1C below 6. I wasn't  hungry &amp; thirsty all day after first shot.",en,1,0,16,0,4154,"<a href=""http://twitter.com/download/android"" rel=""nofollow"">Twitter for Android</a>",https://x.com/joelphudson/status/1613749158971572224,False,True,2026-04-08T21:30:21.903590+00:00
1613629229584814089,mounjaro_weight,mounjaro,weight,2023-01-12T20:09:22+00:00,MargeSlimson,Grandma,"Ok day 2 of  Mounjaro and I literally cannot eat. Sometimes Im feeling bad because I “cheated” with wl drugs but I need to remember: I managed to lose 70 lbs the hard way, again (so embarrassing). If I need drugs to move the last 30, Im going for it.",en,0,0,5,0,160,"<a href=""http://twitter.com/download/iphone"" rel=""nofollow"">Twitter for iPhone</a>",https://x.com/MargeSlimson/status/1613629229584814089,False,False,2026-04-08T21:30:21.903590+00:00
1613468975974998019,mounjaro_weight,mounjaro,weight,2023-01-12T09:32:35+00:00,jadebutterfiel8,jade butterfield,@ThriveRxHC @fattypaperhands How about a genetic propensity to gain weight. How do you fix that. I’ve lived on a low carb calorie restrictive diet for years and struggled to lose a lb. Mounjaro - 15 lbs and labs all improved,en,0,0,1,0,144,"<a href=""http://twitter.com/download/iphone"" rel=""nofollow"">Twitter for iPhone</a>",https://x.com/jadebutterfiel8/status/1613468975974998019,False,True,2026-04-08T21:30:21.903590+00:00
1613248593988845569,mounjaro_weight,mounjaro,weight,2023-01-11T18:56:52+00:00,rawdogmillionar,moe 🥊 𐰢𐰗,"@RuxandraTeslo I lost 40lb on tirzepatide (Mounjaro)

Idk why there are so many haters tbh, I don’t lie about it

Anytime anyone asks me I’m very honest that I just take a drug and it works, I don’t do “stolen valor” fitness edition claiming some other account of the weight loss",en,0,0,3,0,362,"<a href=""http://twitter.com/download/iphone"" rel=""nofollow"">Twitter for iPhone</a>",https://x.com/rawdogmillionar/status/1613248593988845569,False,True,2026-04-08T21:30:21.903590+00:00
1613195313933598726,mounjaro_weight,mounjaro,weight,2023-01-11T15:25:09+00:00,DebraD1970,Debra D,"@davidfischer Seriously, look into Mounjaro. I did Ozempic and lost huge amounts of weight. Mounjaro is far superior and way better results. Once the weight starts to shed, your mental and physical health will vastly improve.",en,0,0,0,0,193,"<a href=""http://twitter.com/download/android"" rel=""nofollow"">Twitter for Android</a>",https://x.com/DebraD1970/status/1613195313933598726,False,True,2026-04-08T21:30:21.903590+00:00
1613180607550586884,mounjaro_weight,mounjaro,weight,2023-01-11T14:26:42+00:00,Slammy50,Slammy,@LABeachGal1 I take Mounjaro.  Justcstarted and on 5 mg.  I’ve lost 5 pounds and dropped insulin dose by 20% in 1st 6 weeks! 😃,en,1,0,2,0,167,"<a href=""http://twitter.com/download/iphone"" rel=""nofollow"">Twitter for iPhone</a>",https://x.com/Slammy50/status/1613180607550586884,False,True,2026-04-08T21:30:21.903590+00:00
1613023708989251586,mounjaro_weight,mounjaro,weight,2023-01-11T04:03:15+00:00,stylishmileage,Stardew Vanana,"@lyfeisacomedy My mom still tries to propagandize surgery to me today telling me who all’s had it &amp; how much they lost when I know just as many people who gained it back. &amp; one person who lost on mounjaro, changed jobs &amp; new insurance didn’t cover so they stopped &amp; gained all back. It’s a fad",en,0,0,0,0,147,"<a href=""http://twitter.com/download/iphone"" rel=""nofollow"">Twitter for iPhone</a>",https://x.com/stylishmileage/status/1613023708989251586,False,True,2026-04-08T21:30:21.903590+00:00
1613005757624078336,mounjaro_weight,mounjaro,weight,2023-01-11T02:51:55+00:00,amsadams32,AMSA,"@WafflesPharm I take Mounjaro and am losing weight slowly but surely. My appetite is significantly curbed, I do get hungry occasionally and I’m good about eating at certain times. I do high protein and low carb. I feel great.",en,1,0,1,0,518,"<a href=""http://twitter.com/download/iphone"" rel=""nofollow"">Twitter for iPhone</a>",https://x.com/amsadams32/status/1613005757624078336,False,True,2026-04-08T21:30:21.903590+00:00
1612949001825050624,mounjaro_weight,mounjaro,weight,2023-01-10T23:06:23+00:00,jadebutterfiel8,jade butterfield,"@eeb54862610 @MattElitt @AviBittMD I've been struggling to lose even a 1/2 lb a week for the past 20 yrs. CR, exercise. 2 months on Mounjaro and 15 lbs down. I can't get it anywhere because Eli Lilly scammed us!",en,1,0,1,0,227,"<a href=""https://mobile.twitter.com"" rel=""nofollow"">Twitter Web App</a>",https://x.com/jadebutterfiel8/status/1612949001825050624,False,False,2026-04-08T21:30:21.903590+00:00
1612914063075606528,mounjaro_weight,mounjaro,weight,2023-01-10T20:47:33+00:00,dhkeeferjr2,david Keefer,"@GymRatCrypto Add Tirzepatide to my regimen, increase my free T. Loose 30 lbs of fat add 7 lb of muscle. Get back to fasting a few times a week. Push ups every day I’m not soar. Eat clean and add some cardio.",en,0,0,0,0,58,"<a href=""http://twitter.com/download/iphone"" rel=""nofollow"">Twitter for iPhone</a>",https://x.com/dhkeeferjr2/status/1612914063075606528,False,True,2026-04-08T21:30:21.903590+00:00
1612782665777963008,mounjaro_weight,mounjaro,weight,2023-01-10T12:05:26+00:00,SassyECUPirate,Sassy 🏳️‍🌈🏳️‍⚧️❤️🧡💛💚💙💜,"@WafflesPharm I gained more than I lost. But that could be partially due to the glimeperide they put me on after stopping Ozempic. The Mounjaro hasn’t taken away my appetite, but I eat smaller meals.",en,0,0,1,0,544,"<a href=""http://twitter.com/download/iphone"" rel=""nofollow"">Twitter for iPhone</a>",https://x.com/SassyECUPirate/status/1612782665777963008,False,True,2026-04-08T21:30:21.903590+00:00
1612674840577642496,mounjaro_weight,mounjaro,weight,2023-01-10T04:56:58+00:00,CraigCCRNCEN,"Craig Button, RN",@WafflesPharm My A1C is great but haven’t lost anything on mounjaro.,en,0,0,0,0,570,"<a href=""http://twitter.com/#!/download/ipad"" rel=""nofollow"">Twitter for iPad</a>",https://x.com/CraigCCRNCEN/status/1612674840577642496,False,True,2026-04-08T21:30:21.903590+00:00
1612630933248659458,mounjaro_weight,mounjaro,weight,2023-01-10T02:02:30+00:00,PhlawlessPharm,phlawless pharm✨,@sweatPANCE4life @WafflesPharm I lost 20 lbs on mounjaro in a month. Stopped thinking about food period. I’ve kept it off too since I’ve stopped,en,2,0,4,0,474,"<a href=""http://twitter.com/download/iphone"" rel=""nofollow"">Twitter for iPhone</a>",https://x.com/PhlawlessPharm/status/1612630933248659458,False,True,2026-04-08T21:30:21.903590+00:00
1612608938658369537,mounjaro_weight,mounjaro,weight,2023-01-10T00:35:06+00:00,ama_arnold,anne marie bell,@love_gramma @TMZ @TooFab Are you on Ozempic?  I’m on Mounjaro up to 10 mg now. Started on 2.5 mg back in August. I’ve lost 55lbs as of yesterday.,en,0,0,0,0,341,"<a href=""http://twitter.com/download/iphone"" rel=""nofollow"">Twitter for iPhone</a>",https://x.com/ama_arnold/status/1612608938658369537,False,True,2026-04-08T21:30:22.658163+00:00
1612515504366706697,mounjaro_weight,mounjaro,weight,2023-01-09T18:23:49+00:00,SassyECUPirate,Sassy 🏳️‍🌈🏳️‍⚧️❤️🧡💛💚💙💜,"@WafflesPharm When I was on Ozempic, I didn’t care if I ate. Then I developed severe gastroparesis, which mostly resolved after I stopped Ozempic. But I gained 40 lbs in 5 months. I’m on Mounjaro now. We will see how that goes.",en,1,0,8,0,4102,"<a href=""http://twitter.com/download/iphone"" rel=""nofollow"">Twitter for iPhone</a>",https://x.com/SassyECUPirate/status/1612515504366706697,False,True,2026-04-08T21:30:22.658163+00:00
1612514090793967617,mounjaro_weight,mounjaro,weight,2023-01-09T18:18:12+00:00,WafflesPharm,PharmWaffles,"A friend lost 50 pounds on Ozempic and she looks great however she's really pale, no energy, and constant body aches. I'm not sure what to think. It's like she's starving herself. She said she's never hungry. What are others experience? (Mounjaro/Trulicity)
#TwitteRx",en,46,1,107,2,33013,"<a href=""http://twitter.com/download/android"" rel=""nofollow"">Twitter for Android</a>",https://x.com/WafflesPharm/status/1612514090793967617,False,False,2026-04-08T21:30:22.659159+00:00
1612401469537325056,mounjaro_weight,mounjaro,weight,2023-01-09T10:50:41+00:00,Shannon20212021,Shannon,@AskTheNP I take mounjaro I'm diabetic my a1c went from 7.8 to 6.7 in a month. These types of drugs could cure obesity and diabetes. Complete game changers. And I've lost 10 pounds,en,1,0,3,0,251,"<a href=""http://twitter.com/download/android"" rel=""nofollow"">Twitter for Android</a>",https://x.com/Shannon20212021/status/1612401469537325056,False,True,2026-04-08T21:30:22.659159+00:00
1612174372227239942,mounjaro_weight,mounjaro,weight,2023-01-08T19:48:17+00:00,xKloc,Todd Skelton,"@d_uth245 @AviBittMD N=1, but I experienced no nausea on tirzepatide, and I dropped 40 pounds in 4 months. BMI dropped from 28 to 22.",en,1,1,3,0,782,"<a href=""http://twitter.com/download/android"" rel=""nofollow"">Twitter for Android</a>",https://x.com/xKloc/status/1612174372227239942,False,True,2026-04-08T21:30:22.659159+00:00
1611798362675871745,mounjaro_weight,mounjaro,weight,2023-01-07T18:54:10+00:00,hikerdoc1,hikerdoc,"@PBillingMD @sarahbeth345 😂😂😂I mean, that's why I know I don't need Mounjaro. I gotta lose maybe 20 lbs, but it's not like I don't know what to do to achieve that.😂",en,0,0,0,0,145,"<a href=""https://mobile.twitter.com"" rel=""nofollow"">Twitter Web App</a>",https://x.com/hikerdoc1/status/1611798362675871745,False,False,2026-04-08T21:30:22.659159+00:00
1611790425206956032,mounjaro_weight,mounjaro,weight,2023-01-07T18:22:37+00:00,BVB81,Ben,@BarstoolBigCat Try Mounjaro!  I have lost 50lbs eating what I want but a lot less.,en,0,0,0,0,141,"<a href=""http://twitter.com/download/iphone"" rel=""nofollow"">Twitter for iPhone</a>",https://x.com/BVB81/status/1611790425206956032,False,True,2026-04-08T21:30:22.659159+00:00
1611701990110666753,mounjaro_weight,mounjaro,weight,2023-01-07T12:31:13+00:00,GeneticLiteracy,Genetic Literacy Project,"People who took Tirzepatide (a drug) lost up to 22% of their body weight and achieved far greater weight loss on average than the placebo group.
@Gizmodo
 https://t.co/9rJ11Y6tml",en,0,1,2,0,733,"<a href=""http://erased6644614_QyctI2jsZ5.com"" rel=""nofollow"">erased6644614_QyctI2jsZ5</a>",https://x.com/GeneticLiteracy/status/1611701990110666753,False,False,2026-04-08T21:30:22.659159+00:00
1611619417657577472,mounjaro_weight,mounjaro,weight,2023-01-07T07:03:06+00:00,hikerdoc1,hikerdoc,"@sarahbeth345 Exactly. Hubby is interested in Mounjaro (sp?) or one of the other new weight loss pills. Those pills carry side effects like pancreatitis. For sure they have their place, but in a person who needs to lose 5-10 lbs, willpower is the way to go.🤷‍♀️",en,0,0,0,0,495,"<a href=""https://mobile.twitter.com"" rel=""nofollow"">Twitter Web App</a>",https://x.com/hikerdoc1/status/1611619417657577472,False,False,2026-04-08T21:30:22.659159+00:00
1611509873744969728,mounjaro_weight,mounjaro,weight,2023-01-06T23:47:48+00:00,PhlebotomyTechC,Phlebotomy Technician Certification,My journey on Mounjaro for weight reduction! Week 1 https://t.co/UGJp3LT49B https://t.co/SNJFJz12zh,en,0,0,1,0,279,"<a href=""https://phlebotomytechniciancertification.org"" rel=""nofollow"">Phlebotomy Feeds</a>",https://x.com/PhlebotomyTechC/status/1611509873744969728,False,False,2026-04-08T21:30:22.659159+00:00
1611494295118426113,mounjaro_weight,mounjaro,weight,2023-01-06T22:45:54+00:00,ama_arnold,anne marie bell,@love_gramma @TMZ @TooFab I’ve lost 49lbs since sept plus inches.  I’m up to 10mg now of Mounjaro.,en,0,0,0,0,178,"<a href=""http://twitter.com/download/iphone"" rel=""nofollow"">Twitter for iPhone</a>",https://x.com/ama_arnold/status/1611494295118426113,False,True,2026-04-08T21:30:22.660162+00:00
1611410030095634433,mounjaro_weight,mounjaro,weight,2023-01-06T17:11:04+00:00,tweetgregory,G G (Jack of all Charades),"@rodryanshow With Mounjaro , average loss is 50 lbs",en,0,0,0,0,111,"<a href=""http://twitter.com/download/iphone"" rel=""nofollow"">Twitter for iPhone</a>",https://x.com/tweetgregory/status/1611410030095634433,False,True,2026-04-08T21:30:22.660162+00:00
1611375346540240899,mounjaro_weight,mounjaro,weight,2023-01-06T14:53:15+00:00,MartyManley,Marty Manley (Bluesky @martymanley),"The journal Nature has an outstanding summary of the new science of obesity and the drugs that have resulted. 

I am finishing 5 months using #Mounjaro weekly. I have lost 25% of my body weight. It ain’t fat-shaming to say this is transformational.

https://t.co/5NJUK18km1",en,0,0,4,0,656,"<a href=""http://twitter.com/#!/download/ipad"" rel=""nofollow"">Twitter for iPad</a>",https://x.com/MartyManley/status/1611375346540240899,False,False,2026-04-08T21:30:22.660162+00:00
1611193744673341440,mounjaro_weight,mounjaro,weight,2023-01-06T02:51:37+00:00,LoveLakeLifeKim,Kim,God bless America. My Dr &amp; NP friends running clinics are handing out these Mounjaro starter packs like Halloween candy. Big Pharma at it again. Would you trade 25 pounds for thyroid cancer? Already seeing a bunch of issues in my ER. Do not take this crap to lose weight! https://t.co/trevZIw6bZ,en,4,0,1,0,1180,"<a href=""http://twitter.com/download/iphone"" rel=""nofollow"">Twitter for iPhone</a>",https://x.com/LoveLakeLifeKim/status/1611193744673341440,False,False,2026-04-08T21:30:22.660162+00:00
1611134979097894919,mounjaro_weight,mounjaro,weight,2023-01-05T22:58:07+00:00,KPlorable,Un-nudgeable,@DrSyedHaider I’ve dieted my entire life. Keto for the last 3 years. Exercise. Nothing has worked. The insulin resistance is real. Mounjaro has been a game changer. Can’t wait to see if I’ve reversed my A1c. Down 35 pounds.,en,0,0,2,0,233,"<a href=""http://twitter.com/download/iphone"" rel=""nofollow"">Twitter for iPhone</a>",https://x.com/KPlorable/status/1611134979097894919,False,True,2026-04-08T21:30:22.660162+00:00
1610986842744324097,mounjaro_weight,mounjaro,weight,2023-01-05T13:09:28+00:00,Spandan_Sharma,Spandan Sharma,"A new weight loss drug could become the best-selling drug of all time. Who can afford it? https://t.co/FxIRs0sMSH via @nbcnews ""A phase 3 clinical trial found a high dose of tirzepatide helped patients lose 22.5% of their body weight on average, or about 52 pounds..."" Whoa.",en,0,0,0,0,61,"<a href=""https://mobile.twitter.com"" rel=""nofollow"">Twitter Web App</a>",https://x.com/Spandan_Sharma/status/1610986842744324097,False,False,2026-04-08T21:30:22.660162+00:00
1610718118652919826,mounjaro_weight,mounjaro,weight,2023-01-04T19:21:39+00:00,angryelderjay,Angry Elder Millennial,"For those following along, I’m down 20 pounds today since starting my #weightlossjourney with @joinsequence. Even with a spike from the holidays I’m so excited to have not devoured an entire tray of cookies. 💪🏻🎉 #joinsequence #weightloss #Mounjaro https://t.co/4ludF8LyJ5",en,4,0,13,0,1372,"<a href=""http://twitter.com/download/iphone"" rel=""nofollow"">Twitter for iPhone</a>",https://x.com/angryelderjay/status/1610718118652919826,False,False,2026-04-08T21:30:23.426594+00:00
1610710858199437312,mounjaro_weight,mounjaro,weight,2023-01-04T18:52:48+00:00,srbrew65,Bru Cru,@Cernovich I lost 25 lbs after 4 weeks on Mounjaro.,en,0,0,0,0,143,"<a href=""http://tapbots.com/tweetbot"" rel=""nofollow"">Tweetbot for iΟS</a>",https://x.com/srbrew65/status/1610710858199437312,False,True,2026-04-08T21:30:23.426594+00:00
1610394038368178177,mounjaro_weight,mounjaro,weight,2023-01-03T21:53:53+00:00,NeilFlochMD,Neil Floch MD,The patients have been prescribed #Mounjaro “off-label” for the treatment of #obesity (because this medication has been shown to result in the highest weight loss of any medication at 22% total body weight lost) 2/,en,1,0,11,1,3022,"<a href=""http://twitter.com/download/iphone"" rel=""nofollow"">Twitter for iPhone</a>",https://x.com/NeilFlochMD/status/1610394038368178177,False,True,2026-04-08T21:30:23.426594+00:00
1610358097310265345,mounjaro_weight,mounjaro,weight,2023-01-03T19:31:04+00:00,Tellit007,Tellit Likeitis,"@adambates1984 @60Minutes That is assuming obesity is all a matter of willpower. Been around that block for decades, and that's not what the science finds. My willpower did not change, tirzepatide removed the excess appetite and finally made my willpower work to consistently eat less without rebound.",en,0,0,0,0,30,"<a href=""http://twitter.com/download/android"" rel=""nofollow"">Twitter for Android</a>",https://x.com/Tellit007/status/1610358097310265345,False,False,2026-04-08T21:30:23.426594+00:00
1610126940140085248,mounjaro_weight,mounjaro,weight,2023-01-03T04:12:31+00:00,MystryeDragon,MYST,@19trashpanda92 Seriously! Im trying desperately to avoid having to take insulin. I lost half my pancreas to a tumor in 2021. Im functionally diabetic &amp; Mounjaro is the only thing that keeps my blood sugar at non-lethal levels. So the fact that ppl are using it to loose weight makes me angry!,en,1,0,0,0,167,"<a href=""http://twitter.com/download/android"" rel=""nofollow"">Twitter for Android</a>",https://x.com/MystryeDragon/status/1610126940140085248,False,False,2026-04-08T21:30:23.427591+00:00
1610026459262763009,mounjaro_weight,mounjaro,weight,2023-01-02T21:33:15+00:00,Tellit007,Tellit Likeitis,"@adambates1984 @60Minutes Sure. Let's talk in another 2 or 3. I have lost and gained and lost all my life with effort and willpower. This time, with tirzepatide, it actually sticks. Bye bye roller coaster!",en,0,0,0,0,59,"<a href=""http://twitter.com/download/android"" rel=""nofollow"">Twitter for Android</a>",https://x.com/Tellit007/status/1610026459262763009,False,False,2026-04-08T21:30:23.427591+00:00
1609878863688998912,mounjaro_weight,mounjaro,weight,2023-01-02T11:46:45+00:00,natwalt9,Natalie Walters 🟧,"@askdrfatima thank you! 54 yo woman. I kickboxed twice a day, walked 3-5 miles, did clean eating an never lost a pound. Now on #mounjaro I am finally losing the COVID weight I added after the death of my dad. #obesity",en,0,0,1,0,197,"<a href=""http://twitter.com/download/iphone"" rel=""nofollow"">Twitter for iPhone</a>",https://x.com/natwalt9/status/1609878863688998912,False,False,2026-04-08T21:30:23.427591+00:00
1609878268395626498,mounjaro_weight,mounjaro,weight,2023-01-02T11:44:23+00:00,natwalt9,Natalie Walters 🟧,"Thank you Dr for this. This is my life. Thank for for #Mounjaro I am down over 25 pounds - exercising every day and eating clean was never my issue. And yes, I was fat shamed by doctors often.",en,0,0,3,0,785,"<a href=""http://twitter.com/download/iphone"" rel=""nofollow"">Twitter for iPhone</a>",https://x.com/natwalt9/status/1609878268395626498,False,False,2026-04-08T21:30:23.427591+00:00
1609719288885125127,mounjaro_weight,mounjaro,weight,2023-01-02T01:12:40+00:00,60Minutes,60 Minutes,"“It’s a brain disease.”

Dr. Fatima Cody Stanford, an obesity doctor at Mass General Hospital, says that obesity has little to do with willpower and is determined by what a person’s brain thinks their body needs. https://t.co/K2U70bkIKw https://t.co/Oyd8vkJViZ",en,175,147,464,54,207487,"<a href=""https://www.sprinklr.com"" rel=""nofollow"">Sprinklr</a>",https://x.com/60Minutes/status/1609719288885125127,False,False,2026-04-08T21:30:23.427591+00:00
1609786811672297472,mounjaro_weight,mounjaro,weight,2023-01-02T05:40:58+00:00,cigarmike,cigarmike,"Just a quick update. I am down 31 pounds. My initial goal is 244 lbs and I am at 263. When I get there, a celebration will ensue. #Mounjaro #SpeedoSeason",en,8,0,67,0,3109,"<a href=""http://twitter.com/download/iphone"" rel=""nofollow"">Twitter for iPhone</a>",https://x.com/cigarmike/status/1609786811672297472,False,False,2026-04-08T21:30:23.427591+00:00
1609784747802169345,mounjaro_weight,mounjaro,weight,2023-01-02T05:32:46+00:00,samuella,samuella,"If #EliLilly's #diabetes #drug #tirzepatide is approved by #FDA for #weightloss, sales are projected @ $48 billion. Phase 3 #clinicaltrial found a high dose of the drug helped patients lose 22.5% of their average body weight  = 52 lbs. Cost $$$$. #Obesity https://t.co/xyoqXZ1Cfp",en,0,1,1,0,87,"<a href=""https://mobile.twitter.com"" rel=""nofollow"">Twitter Web App</a>",https://x.com/samuella/status/1609784747802169345,False,False,2026-04-08T21:30:23.427591+00:00
1609701439214845953,mounjaro_weight,mounjaro,weight,2023-01-02T00:01:44+00:00,kevbino2,Kev 🪸,"@Cole_Slaaaw @booty_yeezus Not pcos or endometriosis obviously because I’m a cis man but I’m on mounjaro and same thing!! I’ve lost over 30 pounds so far, I wasn’t pre diabetic but my A1C has dropped, and I feel so much better and have more energy!",en,2,0,1,0,228,"<a href=""http://twitter.com/download/iphone"" rel=""nofollow"">Twitter for iPhone</a>",https://x.com/kevbino2/status/1609701439214845953,False,True,2026-04-08T21:30:23.427591+00:00
1609624141413617664,mounjaro_weight,mounjaro,weight,2023-01-01T18:54:35+00:00,KTONETV,KTONE,@_JeffMeacham Have your doctor prescribe you Mounjaro you’ll lose 50 Pounds easily it’s a miracle drug first prescribed for controlling type 2 diabetes but is now being used to help with weight suppressing hunger and eliminates cravings such as foods high in sugar.,en,0,0,0,0,126,"<a href=""http://twitter.com/download/iphone"" rel=""nofollow"">Twitter for iPhone</a>",https://x.com/KTONETV/status/1609624141413617664,False,True,2026-04-08T21:30:23.427591+00:00
1609597636184506371,mounjaro_weight,mounjaro,weight,2023-01-01T17:09:16+00:00,Nigelj08223326,Truthoverdishonesty,"A new weight loss drug could become the best-selling drug of all time https://t.co/Hi8MzDtoKC via @nbcnews

tirzepatide imitates a second hormone GIP with reducing appetite
may also improve how the body breaks down sugar and fat

@ParagSinghal09 @MyatThi28104092 @FriedbergEric",en,0,1,1,0,98,"<a href=""http://twitter.com/#!/download/ipad"" rel=""nofollow"">Twitter for iPad</a>",https://x.com/Nigelj08223326/status/1609597636184506371,False,False,2026-04-08T21:30:23.427591+00:00
1609594359368015873,mounjaro_weight,mounjaro,weight,2023-01-01T16:56:14+00:00,AnneIsLosingIt,Anne-Elizabeth,"@Frollein_Cortex @CMichaelGibson You assume people with obesity like me don’t know about healthy eating. I don’t eat fast food, I cook my own meals, eat organic fruits and vegetables, yet I’m 80 lbs overweight. #Mounjaro has been an addition to my lifestyle that has helped me lose 45lbs. What’s wrong with that?",en,1,0,7,0,625,"<a href=""http://twitter.com/#!/download/ipad"" rel=""nofollow"">Twitter for iPad</a>",https://x.com/AnneIsLosingIt/status/1609594359368015873,False,True,2026-04-08T21:30:23.427591+00:00
1674508655092199439,mounjaro_weight,mounjaro,weight,2023-06-29T20:02:28+00:00,diaTribeNews,The diaTribe Foundation,"Study Reveals Remarkable Progress in #ObesityTreatment!
Clinical trial participants experienced an impressive reduction in body weight over 48 weeks with Retatrutide. 
Find out more about this research that was shared at #ADA2023 - https://t.co/XzI9YsYMV5. 🌐👥 

#diaTribeatADA https://t.co/I9zglqbq21",en,0,4,6,0,1049,"<a href=""https://www.later.com"" rel=""nofollow"">Later Media</a>",https://x.com/diaTribeNews/status/1674508655092199439,False,False,2026-04-08T21:30:24.506167+00:00
1673782530959351808,mounjaro_weight,mounjaro,weight,2023-06-27T19:57:07+00:00,RabyPowers,Mechelle Powers Raby,https://t.co/ifmFnGlqjo THIS SHOULD STOP SCUM BAG PRIMARY CARE DOCTORS CHARGING DIABETIC PATIENTS  $60-$100 TO WRITE THE PRESCRIPTION DIET PILLS ADIPEX AN THEY STILL HAVE TO PAY FOR THE PILLS WHEN THE PRESCRIPTION SHOULD BE WROTE FOR NUTTIN LIKE ANY OTHER PRESCRIPTION HOW SAD,en,1,0,0,0,109,"<a href=""http://twitter.com/download/android"" rel=""nofollow"">Twitter for Android</a>",https://x.com/RabyPowers/status/1673782530959351808,False,False,2026-04-08T21:30:24.507164+00:00
1741076860459483622,mounjaro_weight,mounjaro,weight,2023-12-30T12:40:45+00:00,zipjet,zipjet,"MOUNJARO LOG – 5 mg Week 24, Days 163-169 – COUGHT COVID
No shot this week.
Injections (Shots on days 0, 11, 28, 61, 88, 117, 150).
Shot deltas: 11, 17, 33, 27, 29, 33
Weight 203.2 Loss 1.4 Cumulative loss 46.8 pounds.
Day 166 tested positive for Covid, first time and big surprise since lots of earlier exposures with no infection. Fully vx’ed with booster about 60 days earlier.
Trailing 4-week average weight loss per week, 1.7 pounds.
Model Projected burn: 2,100 no exercise beyond normal, none.

Calorie intake average: 1,258 Relaxed calorie intake some considering Covid.

Diet: Proteins, fiber, Strawberries and Blueberries.
Adverse Effects: Given CV illness, hard to tell what is CV and diet related.
Sleep factors: Disrupted likely CV

CV confounding analysis.",en,1,0,0,0,479,"<a href=""https://mobile.twitter.com"" rel=""nofollow"">Twitter Web App</a>",https://x.com/zipjet/status/1741076860459483622,False,True,2026-04-08T22:15:20.811331+00:00
1741066714568401294,mounjaro_weight,mounjaro,weight,2023-12-30T12:00:26+00:00,USTJPPhA,JPPhA - Gamma Chapter,"As we conclude the year, Tirzepatide symbolizes the ongoing progress and the collective dedication to enhancing patient well-being. https://t.co/euvInCB3td",en,1,0,1,0,69,"<a href=""http://twitter.com/download/iphone"" rel=""nofollow"">Twitter for iPhone</a>",https://x.com/USTJPPhA/status/1741066714568401294,False,True,2026-04-08T22:15:20.811331+00:00
1740957137734336562,mounjaro_weight,mounjaro,weight,2023-12-30T04:45:01+00:00,SquidwardNakam1,Squidward Nakamoto 0.1M,"@carolmswain Mounjaro will get you the 12 pounds so you can focus on the other things.

Miracle drug.",en,0,0,0,0,39,"<a href=""http://twitter.com/#!/download/ipad"" rel=""nofollow"">Twitter for iPad</a>",https://x.com/SquidwardNakam1/status/1740957137734336562,False,True,2026-04-08T22:15:20.811331+00:00
1740949504424030572,mounjaro_weight,mounjaro,weight,2023-12-30T04:14:41+00:00,_weightloss284,Dave Jenkins,People Who Stopped Taking the Weight Loss Drug Tirzepatide Regained Nearly Half the Weight They Lost https://t.co/F4MplcY84U #Bloodsugar #Diabetics #healthy #health #HealthyLiving #F4F #HealthyLife #healing #T1D #Treatment #diabetes #Disease #Holistic #wellness,en,0,0,0,0,50,"<a href=""https://ifttt.com"" rel=""nofollow"">IFTTT</a>",https://x.com/_weightloss284/status/1740949504424030572,False,False,2026-04-08T22:15:20.811331+00:00
1740925836969279919,mounjaro_weight,mounjaro,weight,2023-12-30T02:40:39+00:00,ebzen123,ErnieB,@TkamOmari @mediaking I’m on mounjaro and have lost 20 lbs.. started at the lowest dose of 2.5 without any side effects upped to 5 and for the first 2 days got nauseous but took a zofran and it helped.. back to just 2.5 and it’s working wonders.. it’s all about adjusting your doses..,en,0,0,2,0,112,"<a href=""http://twitter.com/download/iphone"" rel=""nofollow"">Twitter for iPhone</a>",https://x.com/ebzen123/status/1740925836969279919,False,True,2026-04-08T22:15:20.811331+00:00
1740922536568000751,mounjaro_weight,mounjaro,weight,2023-12-30T02:27:32+00:00,Lorelei69,She Nanigans,@_AnonHater_ I’m on the beginner dose of #Mounjaro and in the last two weeks today have lost 8 pounds. That might not sound like much but they are mine. This is during the holidays.  I just have zero appetite.,en,0,0,0,0,90,"<a href=""http://twitter.com/download/iphone"" rel=""nofollow"">Twitter for iPhone</a>",https://x.com/Lorelei69/status/1740922536568000751,False,True,2026-04-08T22:15:20.811331+00:00
1740921624499806680,mounjaro_weight,mounjaro,weight,2023-12-30T02:23:54+00:00,BC5180,BC80,@USABorn55 @LifeMD 100%.  I’ve lost 95 pounds between Ozempic and Mounjaro but I’m absolutely miserable.  This pain is as bad as being obese.,en,0,0,0,0,314,"<a href=""http://twitter.com/download/iphone"" rel=""nofollow"">Twitter for iPhone</a>",https://x.com/BC5180/status/1740921624499806680,False,False,2026-04-08T22:15:20.812328+00:00
1740855242319630757,mounjaro_weight,mounjaro,weight,2023-12-29T22:00:07+00:00,Dr_JonesDC,"Dr. Jones, DC","The most potent appetite suppressants available, could they come at a cost? #weightloss #health #glp1weightloss #semaglutideweightloss #tirzepatide #ozempicweightloss #coloradomedicalsolutions https://t.co/DqCbeWqasR",en,0,0,0,0,71,"<a href=""https://repurpose.io"" rel=""nofollow"">Repurpose io</a>",https://x.com/Dr_JonesDC/status/1740855242319630757,False,False,2026-04-08T22:15:20.812328+00:00
1740621418096922802,mounjaro_weight,mounjaro,weight,2023-12-29T06:30:59+00:00,israel_knits,"Izzy, hi! 🏳️‍🌈","@kelexyn She lost someone to Phen fen and my mother died because of it, destroyed her heart, didn't even do that much on weight loss so I understand her fear. But I'm on Mounjaro which I'm getting great results with. It scares me a little tbh but I needed the weight loss &amp; diabetic help.",en,0,0,1,0,75,"<a href=""https://mobile.twitter.com"" rel=""nofollow"">Twitter Web App</a>",https://x.com/israel_knits/status/1740621418096922802,False,True,2026-04-08T22:15:20.812328+00:00
1740587069192237515,mounjaro_weight,mounjaro,weight,2023-12-29T04:14:30+00:00,_weightloss284,Dave Jenkins,People Who Stopped Taking the Weight Loss Drug Tirzepatide Regained Nearly Half the Weight They Lost https://t.co/RNzWNhxD0X #Bloodsugar #Diabetics #healthy #health #HealthyLiving #F4F #HealthyLife #healing #T1D #Treatment #diabetes #Disease #Holistic #wellness,en,0,0,0,0,43,"<a href=""https://ifttt.com"" rel=""nofollow"">IFTTT</a>",https://x.com/_weightloss284/status/1740587069192237515,False,False,2026-04-08T22:15:20.812328+00:00
1740450662855696526,mounjaro_weight,mounjaro,weight,2023-12-28T19:12:28+00:00,LeolucaRandisi,Leoluca Randisi 🇺🇦,@JoMaddenSports I agree with this 💯% in this year I lost over 40 pounds on Mounjaro I plan to lose much more in the new Year! And that's just for starters... https://t.co/9oOz2mFGhh,en,0,0,0,0,48,"<a href=""http://twitter.com/download/android"" rel=""nofollow"">Twitter for Android</a>",https://x.com/LeolucaRandisi/status/1740450662855696526,False,True,2026-04-08T22:15:20.812328+00:00
1740443611286671527,mounjaro_weight,mounjaro,weight,2023-12-28T18:44:27+00:00,ByoungSFL,Brandon Young,@Molson_Hart Have your friend do Mounjaro. It’s magic and he will lose 50 lbs in 4 months fairly safely and easily. Combine with exercise and weights,en,0,0,1,0,182,"<a href=""http://twitter.com/download/iphone"" rel=""nofollow"">Twitter for iPhone</a>",https://x.com/ByoungSFL/status/1740443611286671527,False,True,2026-04-08T22:15:20.812328+00:00
1740376430754849182,mounjaro_weight,mounjaro,weight,2023-12-28T14:17:30+00:00,info_obesity,Obesity Institution,"People Who Stopped Taking the Weight Loss Drug Tirzepatide Regained Nearly Half the Weight They Lost - https://t.co/pJlme5fpcN
#obesity #bariatricsurgery #childobesity #diabetes2 #glucoseintolerance #insulinresistance #obesepeople #prediabetes",en,0,0,0,0,29,"<a href=""http://obesityinstitution.com/"" rel=""nofollow"">Obesity Institution</a>",https://x.com/info_obesity/status/1740376430754849182,False,False,2026-04-08T22:15:20.812328+00:00
1740372482475847996,mounjaro_weight,mounjaro,weight,2023-12-28T14:01:49+00:00,Diabetescouk,Diabetes.co.uk,"Tirzepatide may need to be long-term to maintain initial weight loss🤔💭

A trial which tested the effectiveness of an anti-obesity drug found that participants regained much of the lost weight within a year of stopping treatment.

Full article here👇
https://t.co/0YReHw4xmn",en,0,0,2,0,1032,"<a href=""https://metricool.com"" rel=""nofollow"">Metricool</a>",https://x.com/Diabetescouk/status/1740372482475847996,False,False,2026-04-08T22:15:20.812328+00:00
1740260549768986981,mounjaro_weight,mounjaro,weight,2023-12-28T06:37:02+00:00,dave987612488,Dogturd troll shreader,@Nucific I took the Mounjaro similar to Ozempic.  It was great for losing weight but all I lost was muscle..Went from 270 to 240 .I m six four big guy  BMI about 30. I went off of it . I'm really struggling to hold my weight. It is hard with insulin.,en,0,0,0,0,510,"<a href=""https://mobile.twitter.com"" rel=""nofollow"">Twitter Web App</a>",https://x.com/dave987612488/status/1740260549768986981,False,True,2026-04-08T22:15:20.812328+00:00
1740198492700905732,mounjaro_weight,mounjaro,weight,2023-12-28T02:30:26+00:00,GlassyLady,"GlassyLady, Ed.S., BSN, RN","@ashleythetexan @rn_flex Me too. I lost 75 pounds on mounjaro. More than 30% of my body weight. As someone with severe osteoarthritis of both knees-almost requiring bilateral knee replacements- and a terrible low back injury, the weight loss has been life changing.",en,0,0,2,0,101,"<a href=""http://twitter.com/download/iphone"" rel=""nofollow"">Twitter for iPhone</a>",https://x.com/GlassyLady/status/1740198492700905732,False,False,2026-04-08T22:15:20.813325+00:00
1740150683142107490,mounjaro_weight,mounjaro,weight,2023-12-27T23:20:27+00:00,Oceanview12341,@Oceanview1234,"I believe these new #GLP pathway drugs are miraculous and will affect multiple markets with widespread use... #Mounjaro/ #Tirzepatide/#Zepbound especially with the dual action on both GLP-1 and GLP-2...

First dose completely killed any craving for alcohol, appetite suppressed, full feeling first time ever, simply amazing & life changing!",en,0,0,3,0,327,"<a href=""http://twitter.com/download/android"" rel=""nofollow"">Twitter for Android</a>",https://x.com/Oceanview12341/status/1740150683142107490,False,False,2026-04-08T22:15:20.813325+00:00
1740114974796919050,mounjaro_weight,mounjaro,weight,2023-12-27T20:58:34+00:00,QuiroMictil,Francisco Mictil,@DrNadolsky When I started lifting weights I just followed the guys on Instagram not knowing if I was doing it right or not. Thanks to the gym and Mounjaro ( and good food) I lost 40 pounds,en,0,0,0,0,69,"<a href=""http://twitter.com/download/iphone"" rel=""nofollow"">Twitter for iPhone</a>",https://x.com/QuiroMictil/status/1740114974796919050,False,True,2026-04-08T22:15:20.813325+00:00
1739983203824193980,mounjaro_weight,mounjaro,weight,2023-12-27T12:14:57+00:00,Madam2Sir,DearSir@orMadam,"@lore_respector @JoshRainerGold No. It suppresses your appetite so you’ll feel full &amp; eat less 
&amp; learn 2make healthier food choices. 
People with current or previous eating disorders 
should NOT be taking Ozempic or Mounjaro without psychosocial support. Anorexia could be triggered by these meds. Be careful.",en,0,0,0,0,94,"<a href=""http://twitter.com/#!/download/ipad"" rel=""nofollow"">Twitter for iPad</a>",https://x.com/Madam2Sir/status/1739983203824193980,False,False,2026-04-08T22:15:20.813325+00:00
1739844909669187839,mounjaro_weight,mounjaro,weight,2023-12-27T03:05:25+00:00,Ed_Realist,EdReal,"@bendreyfuss I've been on Mounjaro for 18 months with no change in behavior. Just lost weight. Plus I slept more.

For me, it's definitely not dopamine.",en,0,0,1,0,349,"<a href=""https://mobile.twitter.com"" rel=""nofollow"">Twitter Web App</a>",https://x.com/Ed_Realist/status/1739844909669187839,False,True,2026-04-08T22:15:21.667213+00:00
1739826083233468783,mounjaro_weight,mounjaro,weight,2023-12-27T01:50:37+00:00,Lorelei69,She Nanigans,"So I lost 4 pounds on #Mounjaro over the last week but now all I’m doing is sitting around, not eating and thinking about the chocolate fudge in my fridge from the holidays",en,1,0,4,0,527,"<a href=""http://twitter.com/download/iphone"" rel=""nofollow"">Twitter for iPhone</a>",https://x.com/Lorelei69/status/1739826083233468783,False,False,2026-04-08T22:15:21.668210+00:00
1739822558990778400,mounjaro_weight,mounjaro,weight,2023-12-27T01:36:37+00:00,pwestling,Porter Westling,"I have been taking Mounjaro for about 12 months, lost 50 pounds in approximately the first 6 (decided not to lose more weight), and went from unhealthy to healthy in blood pressure, fatty liver disease indicators, and cholesterol. If I can say on this drug and the weight stays off it's reasonable to guess this is giving me an additional decade of life. I have a horse in the race.",en,0,0,1,0,90,"<a href=""http://twitter.com/download/android"" rel=""nofollow"">Twitter for Android</a>",https://x.com/pwestling/status/1739822558990778400,False,True,2026-04-08T22:15:21.668210+00:00
1739586281795981323,mounjaro_weight,mounjaro,weight,2023-12-26T09:57:44+00:00,XeraCalm77,someone out there,"No offense but I did many of those things. I lost 100lbs by doing many of those things and kept things off for a very long time. When I said that going into perimenopause changed things - it did. MyFitnessPal had an over 1400 day streak in tracking every bite into my mouth and every workout logged (strength training, cardio, personal trainers, yoga). I have done keto, macros under the guidance of several coaches, etc. this was not a decision I decided lightly nor did my doctor (for the record I use a direct primary care doc who has access to all of my apple health data and even my MyFitnessPal data). As I mentioned I have PCOS and with that comes a metabolic syndrome that I have had for over 15 years. Good nutrition and exercise very much helped to control everything. I came off of Metformin because of that. There is a grinding frustration when being as dutiriful and careful as I have been along with being absolutely hungry that the year was before I tried Mounjaro - that I wouldn’t wish on anyone with little results as well as all of my PCOS symptoms coming back. I fully think the calories in and calories out should be absolutely the first step - but if there is something else going on we should not pat someone’s head and consider it some form of personal failing. My blood work, the lingering pounds that were slowly increasing, my horomone levels, etc are all back to normal. My hair has stopped falling out, my skin issues have resolved, weight is coming back off at a very safe rate - food intake hasn’t really changed (I ate pretty damned clean and measured - I am a boss at weighing foods and pretty much eat the same meals all the time) - and workouts have the intended impact.",en,0,0,0,0,55,"<a href=""http://twitter.com/download/iphone"" rel=""nofollow"">Twitter for iPhone</a>",https://x.com/XeraCalm77/status/1739586281795981323,False,True,2026-04-08T22:15:21.668210+00:00
1739481165591908499,mounjaro_weight,mounjaro,weight,2023-12-26T03:00:02+00:00,stampwithjenny,JennyStamps 🇺🇸🇮🇱✡️🌻#🟦,"@HLK851 I’ve been on Mounjaro for diabetes. Might I suggest the Pure Protein Cafe Latte drinks? They have the much-needed high protein, but that particular flavor also has caffeine. I don’t have much appetite in the morning, so that’s been working for me. I find them at Sam’s.",en,0,0,1,0,174,"<a href=""http://twitter.com/download/iphone"" rel=""nofollow"">Twitter for iPhone</a>",https://x.com/stampwithjenny/status/1739481165591908499,False,False,2026-04-08T22:15:21.668210+00:00
1739390461549089196,mounjaro_weight,mounjaro,weight,2023-12-25T20:59:37+00:00,bstarr24933,Ben Starr,"@DKThomp Just listened to the podcast and @robertlustigmd made some statements that are not data supported. chief among them is that those who go off the medication gain all of the weight back that they had lost. Per recent JAMA article on tirzepatide, they gain half back.",en,0,0,0,0,82,"<a href=""https://mobile.twitter.com"" rel=""nofollow"">Twitter Web App</a>",https://x.com/bstarr24933/status/1739390461549089196,False,True,2026-04-08T22:15:21.668210+00:00
1739353543503655029,mounjaro_weight,mounjaro,weight,2023-12-25T18:32:55+00:00,Ed_Realist,EdReal,"@willcnyseth @RichardHanania That is, when I went from 800 and not losing weight back to 1500, I didn't put on weight. I stayed at 1500 and didn't lose weight, but didn't gain. Went on Mounjaro, slowly lost weight, no change in intake.",en,0,0,0,0,71,"<a href=""https://mobile.twitter.com"" rel=""nofollow"">Twitter Web App</a>",https://x.com/Ed_Realist/status/1739353543503655029,False,True,2026-04-08T22:15:21.668210+00:00
1739314500896006204,mounjaro_weight,mounjaro,weight,2023-12-25T15:57:46+00:00,JohnHer78459295,John Herman,"@ScottAdamsSays Weight Loss Drugs. We are learning more about how appetite and satiety works with these drugs -&gt;new drugs on the way.
  If you could reset the body's set point that would be ideal, but dealing with hunger pain is real. Mounjaro softens that pain over Ozempic.",en,1,0,0,0,651,"<a href=""https://mobile.twitter.com"" rel=""nofollow"">Twitter Web App</a>",https://x.com/JohnHer78459295/status/1739314500896006204,False,False,2026-04-08T22:15:21.668210+00:00
1739289693794230379,mounjaro_weight,mounjaro,weight,2023-12-25T14:19:12+00:00,Ed_Realist,EdReal,@RichardHanania My willpower kept me at 1200-1500 calories for 2 years losing nothing. I went on Mounjaro and lost weight eating the same.,en,1,0,5,0,476,"<a href=""https://mobile.twitter.com"" rel=""nofollow"">Twitter Web App</a>",https://x.com/Ed_Realist/status/1739289693794230379,False,True,2026-04-08T22:15:21.668210+00:00
1739199205267083340,mounjaro_weight,mounjaro,weight,2023-12-25T08:19:37+00:00,EommaBTS29670,₁₁₀₈BodyToBodyI’mYourHooligan🐣❤️🐰₅₈₌₁₃,"You look amazing!!!  I’m working on weight loss through glucose control.  I am a diabetic.  I was recently on Mounjaro but after being off of it for some months it made me ill.  Nausea, vomiting and no appetite.  I haven’t eaten a whole meal in weeks.  I changed to Ozembic so we’ll see what happens.  I lost 85 lbs on Mounjaro.  I kept 46 lbs off but I have lost another 15 lbs., but I really do need to eat and I just can’t.  I know the struggle all to well.",en,1,0,1,0,27,"<a href=""http://twitter.com/download/iphone"" rel=""nofollow"">Twitter for iPhone</a>",https://x.com/EommaBTS29670/status/1739199205267083340,False,True,2026-04-08T22:15:21.668210+00:00
1739123536394887397,mounjaro_weight,mounjaro,weight,2023-12-25T03:18:57+00:00,_sinity,Sinity,"@EricMorganCoach @RokoMijic @HeatherEHeying Worked for me; about 25kg body mass lost. Weeks without use caused maybe 2.5kg weight gain.

Well, it was Tirzepatide specifically",en,1,0,1,0,42,"<a href=""https://mobile.twitter.com"" rel=""nofollow"">Twitter Web App</a>",https://x.com/_sinity/status/1739123536394887397,False,True,2026-04-08T22:15:21.669205+00:00
1739123303405523107,mounjaro_weight,mounjaro,weight,2023-12-25T03:18:01+00:00,crouchingrhino,GogginsRevived,"@ScrimbloB @HMBrough_ Mounjaro
Blood glucose &lt;54 mg/dL (added to basal insulin) (14-19%)
Nausea (12-18%)
Diarrhea (12-17%)
Decreased appetite (5-11%)
Injection site reactions (3.2%)
Hypersensitivity reactions (3.2%)
Acute gallbladder disease (0.6%)",en,1,0,1,0,201,"<a href=""https://mobile.twitter.com"" rel=""nofollow"">Twitter Web App</a>",https://x.com/crouchingrhino/status/1739123303405523107,False,True,2026-04-08T22:15:21.669205+00:00
1738917075316339011,mounjaro_weight,mounjaro,weight,2023-12-24T13:38:32+00:00,aubtuse,Orbrey,@reflexmd_com I’ve been taking Mounjaro since July and it makes me vomit and have diarrhea. I’ve lost 20+ lbs but my tummy hurts a lot,en,0,0,1,0,396,"<a href=""http://twitter.com/download/iphone"" rel=""nofollow"">Twitter for iPhone</a>",https://x.com/aubtuse/status/1738917075316339011,False,True,2026-04-08T22:15:21.669205+00:00
1738547886919503978,mounjaro_weight,mounjaro,weight,2023-12-23T13:11:31+00:00,zipjet,zipjet,"MOUNJARO LOG – 5 mg Week 23, Days 156-162 – UGLY WEEK
Shot on day 150 last week, worst reactions to date.
Injections (Shots on days 0, 11, 28, 61, 88, 117, 150).
Shot deltas: 11, 17, 33, 27, 29, 33
Weight 204.6 Loss 2.6 Cumulative loss 45.4 pounds.
Interim new low of 201.4 pounds.
Trailing 4-week average weight loss per week, 2.0 pounds.
Model Projected burn: 2,100 no exercise beyond normal, none.

Calorie intake average: 1,090

Diet: Proteins, fiber, Strawberries and Blueberries.
Adverse Effects: Days 7-9 after shot: Extreme gas (approached being painful), vomiting, diarrhea, (lasted 3 days) sleep disruption (low heart rate 93), gas (continued through day 160). Days 157-159 were the worst of the entire course of treatment, yes worse than last week.   It is possible that I caught some other infection, say flu, but doubt it.
Sleep factors: Normalized on 160.

Reaching 204 and 201 suggest I may make the 200 target early. IF I do, I will discontinue Mounjaro until I return from vacation.",en,2,0,2,0,475,"<a href=""https://mobile.twitter.com"" rel=""nofollow"">Twitter Web App</a>",https://x.com/zipjet/status/1738547886919503978,False,True,2026-04-08T22:15:21.669205+00:00
1738390893856764144,mounjaro_weight,mounjaro,weight,2023-12-23T02:47:41+00:00,Maryee,Mary,@blueblankeyboy Congratulations! Mounjaro is the best. I have lost 40 lbs since 10/5,en,0,0,0,0,75,"<a href=""http://twitter.com/#!/download/ipad"" rel=""nofollow"">Twitter for iPad</a>",https://x.com/Maryee/status/1738390893856764144,False,False,2026-04-08T22:15:21.669205+00:00
1739812188334727634,mounjaro_weight,mounjaro,weight,2023-12-27T00:55:24+00:00,mounjaroman,Patrick,"@digitalcleavage @ro I’ve lost 130 lbs on mounjaro, it saved my life.",en,0,0,1,0,411,"<a href=""http://twitter.com/download/iphone"" rel=""nofollow"">Twitter for iPhone</a>",https://x.com/mounjaroman/status/1739812188334727634,False,True,2026-04-08T22:15:21.669205+00:00
1738385843801514324,mounjaro_weight,mounjaro,weight,2023-12-23T02:27:37+00:00,LeolucaRandisi,Leoluca Randisi 🇺🇦,@celainesasmr Celaine I'm so proud of myself I take Mounjaro for diabetes and I used to be 275 pounds now I weigh 231 pounds I'm looking and feeling great this hoodie is from The Healing Room ASMR's Dee's Merch Store Dee bought it for me for Christmas ⛄🎁🎄 https://t.co/Zb1UlRg1tu,en,0,0,0,0,256,"<a href=""http://twitter.com/download/android"" rel=""nofollow"">Twitter for Android</a>",https://x.com/LeolucaRandisi/status/1738385843801514324,False,False,2026-04-08T22:15:22.638805+00:00
1738240465026093278,mounjaro_weight,mounjaro,weight,2023-12-22T16:49:56+00:00,rez_2_net,Rez-2-Net,"@AJestlemonde I’m the opposite.  Had a tumor removed from behind my left eye in Sept 22, followed by an issue with my heart racing while at rest.  I was confined to the sofa for months and the weight packed on.  Then, my doctor put me on mounjaro shots at the start of June.  I’m down 50 lbs",en,0,0,0,0,46,"<a href=""http://twitter.com/#!/download/ipad"" rel=""nofollow"">Twitter for iPad</a>",https://x.com/rez_2_net/status/1738240465026093278,False,False,2026-04-08T22:15:22.638805+00:00
1738138968921629009,mounjaro_weight,mounjaro,weight,2023-12-22T10:06:37+00:00,SHELLYJACOBS,SHELLY JACOBS,"I know a 74 year old USA male, in good health, who dropped from a weight of 229 lbs. to now 165 lbs. on Mounjaro that is prescribed for his Type 2 Diabetes that has ostensibly now disappeared.  Coupled with Jardiance he takes to control sugar that undoubtedly added to the weight loss.    His target weight is now 135.  These drugs likely put 10+ years onto his life simply from the weight loss.  In his case, no side effects from these drugs whatsoever.",en,0,0,0,0,62,"<a href=""https://mobile.twitter.com"" rel=""nofollow"">Twitter Web App</a>",https://x.com/SHELLYJACOBS/status/1738138968921629009,False,True,2026-04-08T22:15:22.639798+00:00
1738012749739807111,mounjaro_weight,mounjaro,weight,2023-12-22T01:45:04+00:00,fearles59324823,Jendetta,Down 60 pounds from plandemic.  Thank you #Mounjaro for managing my weight and my glucose. Love you #EliLilly https://t.co/jB4WraxYIP,en,11,0,21,0,2677,"<a href=""http://twitter.com/download/android"" rel=""nofollow"">Twitter for Android</a>",https://x.com/fearles59324823/status/1738012749739807111,False,False,2026-04-08T22:15:22.639798+00:00
1737921490471784829,mounjaro_weight,mounjaro,weight,2023-12-21T19:42:27+00:00,_tweetness,AnarChic,"So, I finally managed to get my hands on the coveted tirzepatide weight loss injections. I am already a forced human Guinea pig so no qualms.

I’m in week 2 and holding back my initial review for a few weeks. But I will say, preliminarily - wow!! That is all for now.",en,0,0,2,0,136,"<a href=""http://twitter.com/download/iphone"" rel=""nofollow"">Twitter for iPhone</a>",https://x.com/_tweetness/status/1737921490471784829,False,False,2026-04-08T22:15:22.639798+00:00
1737906553364033897,mounjaro_weight,mounjaro,weight,2023-12-21T18:43:05+00:00,AboutLawsuits,AboutLawsuits.com,"Stopping Mounjaro, Zepbound Injections Led to “Substantial” Regain of Lost Weight, Study Warns https://t.co/nmQrP3qdQT",en,0,0,0,0,150,"<a href=""https://mobile.twitter.com"" rel=""nofollow"">Twitter Web App</a>",https://x.com/AboutLawsuits/status/1737906553364033897,False,False,2026-04-08T22:15:22.639798+00:00
1737728278017036639,mounjaro_weight,mounjaro,weight,2023-12-21T06:54:41+00:00,grittyyas,Shownu's 🦋 Top vs Yuta's 🦋 Tattoo,The first dose of Mounjaro/zepbound worked amazing. Lost 13 lbs. The second (higher) dose made me incredibly ill and gave me Like Water For Chocolate burps. Iykyk,en,0,0,4,0,416,"<a href=""http://twitter.com/download/android"" rel=""nofollow"">Twitter for Android</a>",https://x.com/grittyyas/status/1737728278017036639,False,False,2026-04-08T22:15:22.639798+00:00
1737648068559048771,mounjaro_weight,mounjaro,weight,2023-12-21T01:35:58+00:00,bradsferguson,Bradford Ferguson,"I lost the weight primarily by controlling eating with Eli Lilly's mounjaro which is now formulated as ""zepbound""

There's more to it and I'm still on the medication. Gotta stay on it for life, but that's fine because it has been life-changing.",en,2,0,7,0,1051,"<a href=""http://twitter.com/download/iphone"" rel=""nofollow"">Twitter for iPhone</a>",https://x.com/bradsferguson/status/1737648068559048771,False,True,2026-04-08T22:15:22.639798+00:00
1737560924490539505,mounjaro_weight,mounjaro,weight,2023-12-20T19:49:41+00:00,Dr_Stephen_E,Dr. Stephen Engle,"""In participants with obesity/overweight, withdrawing tirzepatide led to substantial regain of lost weight, whereas continued treatment maintained and augmented initial weight reduction.""

Effect of Tirzepatide on Maintenance of Weight Reduction https://t.co/L7iLnb2thT",en,0,0,0,0,55,"<a href=""https://mobile.twitter.com"" rel=""nofollow"">Twitter Web App</a>",https://x.com/Dr_Stephen_E/status/1737560924490539505,False,False,2026-04-08T22:15:22.639798+00:00
1737529484218118178,mounjaro_weight,mounjaro,weight,2023-12-20T17:44:45+00:00,Tellit007,Tellit Likeitis,"@lowcarbGP @drjenunwin Are any of your patients on tirzepatide? I have been on it since August 2022, no carb addiction present. I can eat a nice variety of carbs, protein and fats and now have excellent metabolic health, lost 45lbs, gained 12% lean mass without the need for crazy keto limitations.",en,0,0,1,0,98,"<a href=""http://twitter.com/download/android"" rel=""nofollow"">Twitter for Android</a>",https://x.com/Tellit007/status/1737529484218118178,False,True,2026-04-08T22:15:22.639798+00:00
1737522807431413934,mounjaro_weight,mounjaro,weight,2023-12-20T17:18:13+00:00,catdadd76769738,Arkansas Ag Nerd,"@Cornfrmr Once I started taking mounjaro  and got blood regulated I don’t even want anything with sugar it makes me nauseous.   

It also got my weight under control.   Lost 65 lbs.",en,1,0,3,0,816,"<a href=""http://twitter.com/download/iphone"" rel=""nofollow"">Twitter for iPhone</a>",https://x.com/catdadd76769738/status/1737522807431413934,False,True,2026-04-08T22:15:22.639798+00:00
1737470128730599432,mounjaro_weight,mounjaro,weight,2023-12-20T13:48:53+00:00,mediopinions,mediopinion,"Prescribed drugs aid chronic weight issues, but stopping can cause setbacks. Research shows quitting Tirzepatide led to regaining half the lost weight. Learn more: https://t.co/tbp7Vvys4Z
#diet #chronicdisease #weightloss #medication #healthcareprofessionals #heartdisease https://t.co/26axBvWLbZ",en,1,0,0,0,43,"<a href=""https://mobile.twitter.com"" rel=""nofollow"">Twitter Web App</a>",https://x.com/mediopinions/status/1737470128730599432,False,False,2026-04-08T22:15:22.639798+00:00
1737229309704581616,mounjaro_weight,mounjaro,weight,2023-12-19T21:51:58+00:00,BCSchulz,SippyCupMommy,"@AynRandPaulRyan Same here. Mounjaro since July 2022. SW 215, CW 135. Down 85 pounds and maintaining.  Now on 2.5 (from a high of 12.5). Working my way to 2.5 every two weeks.",en,0,0,2,0,294,"<a href=""http://twitter.com/download/iphone"" rel=""nofollow"">Twitter for iPhone</a>",https://x.com/BCSchulz/status/1737229309704581616,False,True,2026-04-08T22:15:22.639798+00:00
1737171370667086267,mounjaro_weight,mounjaro,weight,2023-12-19T18:01:44+00:00,spaceman_cometh,Spaceman Cometh,@marychastain Went on mounjaro for insulin sensitivity (and weight loss). I lost 50lbs and have kept it off for a year. The longest I’ve ever maintained weight loss. I don’t constantly think about food anymore either which is the best part. I have no shame about. My wife also lost 50lbs.,en,2,0,2,0,87,"<a href=""http://twitter.com/download/iphone"" rel=""nofollow"">Twitter for iPhone</a>",https://x.com/spaceman_cometh/status/1737171370667086267,False,True,2026-04-08T22:15:22.640792+00:00
1737111424605036718,mounjaro_weight,mounjaro,weight,2023-12-19T14:03:32+00:00,EndocrineToday,Endocrine Today,"📰Adults with #obesity receiving tirzepatide continuously for 88 weeks lost more than 25% of their body weight, whereas those who stopped receiving tirzepatide after 36 weeks regained weight. 

Read more 👇 @ljaronne @WeillCornell @JAMA_current 

https://t.co/YoJkTKniHI",en,0,0,1,0,184,"<a href=""https://mobile.twitter.com"" rel=""nofollow"">Twitter Web App</a>",https://x.com/EndocrineToday/status/1737111424605036718,False,False,2026-04-08T22:15:22.640792+00:00
1736995456436392077,mounjaro_weight,mounjaro,weight,2023-12-19T06:22:43+00:00,NextManUp72,Monty Capuletti,"@FitFounder @JayLegend33 I’m gonna disagree Dan, I’ve been off of Mounjaro for 6 weeks now and I’ve kept off the weight I lost…it helped me reset my relationship with food and it broke my late night sweets addiction.",en,0,0,0,0,134,"<a href=""http://twitter.com/#!/download/ipad"" rel=""nofollow"">Twitter for iPad</a>",https://x.com/NextManUp72/status/1736995456436392077,False,True,2026-04-08T22:15:22.640792+00:00
1736849842486546878,mounjaro_weight,mounjaro,weight,2023-12-18T20:44:06+00:00,DrugDiscoverDev,Drug Discovery & Development,".@EliLillyandCo weight loss drug #Zepbound (#tirzepatide) may be one of the most effective #DrugTherapies for #WeightLoss. In an open-label 36-week study, participants lost an average of 20.9% of their #BodyWeight in 36 weeks.

MORE HERE: https://t.co/p2U7eYkcao

#WeightReduction",en,0,0,1,0,130,"<a href=""https://mobile.twitter.com"" rel=""nofollow"">Twitter Web App</a>",https://x.com/DrugDiscoverDev/status/1736849842486546878,False,False,2026-04-08T22:15:23.708946+00:00
1736752234279391432,mounjaro_weight,mounjaro,weight,2023-12-18T14:16:14+00:00,beingreiki1,BeingReiki with Chris,@so_jo01 Since I started using Mounjaro I have lost 60 lbs and man I feel so much better.,en,0,0,0,0,35,"<a href=""http://twitter.com/download/iphone"" rel=""nofollow"">Twitter for iPhone</a>",https://x.com/beingreiki1/status/1736752234279391432,False,False,2026-04-08T22:15:23.708946+00:00
1736455549019938830,mounjaro_weight,mounjaro,weight,2023-12-17T18:37:19+00:00,Madam2Sir,DearSir@orMadam,@chibicurmudgeon @La_Nuit_Bleue @ashy_toasty If you have an eating disorder from stressors or use food for comfort some therapy can help you to decode your personal eating triggers. Mounjaro creates immediate appetite suppression &amp; elimination of cravings. You begin 2see what is bad habits vs really being hungry.,en,0,0,2,0,54,"<a href=""http://twitter.com/download/iphone"" rel=""nofollow"">Twitter for iPhone</a>",https://x.com/Madam2Sir/status/1736455549019938830,False,True,2026-04-08T22:15:23.708946+00:00
1736159703430815863,mounjaro_weight,mounjaro,weight,2023-12-16T23:01:44+00:00,JayCampbell333,Jay Campbell,"While not as strong in appetite control as #Tirzepatide, #Retatrutide is a powerful #fatloss medication that’s great for ramping up your metabolic rate.

Combining Retatrutide with Tirzepatide ultimately enhances fat loss results.

Learn much more at 

https://t.co/v2US82t1aX https://t.co/cQsloL0LBD",en,2,1,4,0,1279,"<a href=""https://www.loomly.com/"" rel=""nofollow"">Loomly</a>",https://x.com/JayCampbell333/status/1736159703430815863,False,False,2026-04-08T22:15:23.708946+00:00
1736087497208103133,mounjaro_weight,mounjaro,weight,2023-12-16T18:14:48+00:00,Madam2Sir,DearSir@orMadam,"@723Magnus @biodiversityge1 I was put on Mounjaro for type2 diabetes in August 
It was $1200.00 with my insurance bc of my high deductible. I changed insurance policies  bc I’ll be on this for life. Now it’s 20 dollars. My sugars are controlled , my A1c is almost normal. 
and I’ve lost 28 pounds 18weeks https://t.co/Dn09l4Cy86",en,1,0,7,0,204,"<a href=""http://twitter.com/download/iphone"" rel=""nofollow"">Twitter for iPhone</a>",https://x.com/Madam2Sir/status/1736087497208103133,False,True,2026-04-08T22:15:23.708946+00:00
1735995411217645929,mounjaro_weight,mounjaro,weight,2023-12-16T12:08:53+00:00,zipjet,zipjet,"MOUNJARO LOG – 5 mg Week 22, Days 149-155 – UGLY WEEK
Shot on day 150
Injections (Shots on days 0, 11, 28, 61, 88, 117, 150).
Shot deltas: 11, 17, 33, 27, 29, 33
Weight 207.2 Loss 3.0 Cumulative loss 42.8 pounds.
Interim new low of 206.7 pounds.
Trailing 4-week average weight loss per week, 0.8 pounds.
The 3 pound loss did put me back on track to reach the goal of 200 by January 23, 2024.

Model Projected burn: 2,100 no exercise beyond normal, none.

Calorie intake average: 1,121

Diet: Proteins, fiber, Strawberries and Blueberries.
Adverse Effects: Two days after shot (152): Extreme gas (approached being painful), vomiting, diarrhea, (lasted 3 days) sleep disruption, gas (continued through day 155). Days 152-153 were the worst of the entire course of treatment.
Sleep factors: Still not normal day 155
Perhaps the 33 day delta is too long, or after the weight loss the 5mg dose is too high.",en,1,0,0,0,423,"<a href=""https://mobile.twitter.com"" rel=""nofollow"">Twitter Web App</a>",https://x.com/zipjet/status/1735995411217645929,False,True,2026-04-08T22:15:23.708946+00:00
1735796040211603954,mounjaro_weight,mounjaro,weight,2023-12-15T22:56:40+00:00,therealslowmaha,Slowmaha,@awealthofcs I’m down over 25 pounds in about 10 weeks on Mounjaro. It’s pretty amazing.  Worth every penny.,en,0,0,0,0,17,"<a href=""http://twitter.com/download/iphone"" rel=""nofollow"">Twitter for iPhone</a>",https://x.com/therealslowmaha/status/1735796040211603954,False,True,2026-04-08T22:15:23.708946+00:00
1735707672119484667,mounjaro_weight,mounjaro,weight,2023-12-15T17:05:31+00:00,ZKForTre,🐊ZK For Tre🐊,"@DKThomp @ZReitano @RobertLustigMD Tirzepatide in mice:

https://t.co/RpSK7duyXP

And in humans: metabolic rate change not different, but tirzepatide group lost and extra 5kg (!) while maintaining that unchanged metabolic rate. 

https://t.co/QLALmlPhQQ",en,0,0,0,0,40,"<a href=""http://twitter.com/download/iphone"" rel=""nofollow"">Twitter for iPhone</a>",https://x.com/ZKForTre/status/1735707672119484667,False,True,2026-04-08T22:15:23.708946+00:00
1735647109515186365,mounjaro_weight,mounjaro,weight,2023-12-15T13:04:52+00:00,dutchyankee2,Rob Dirne,"@rf121rf @Tellit007 @MichaelMindrum Lol. Sure. I guess that in the randomized controlled  trial on tirzepatide, the folks who did same diet and exercise changes and gained instead of lost 25% body weight were just randomly more lazy. Checks out 😂 🤡",en,0,0,1,0,26,"<a href=""http://twitter.com/download/android"" rel=""nofollow"">Twitter for Android</a>",https://x.com/dutchyankee2/status/1735647109515186365,False,True,2026-04-08T22:15:23.709944+00:00
1735351445392634310,mounjaro_weight,mounjaro,weight,2023-12-14T17:30:00+00:00,wellnesspulse_,WellnessPulse,"Tirzepatide: High Efficacy, But Lost Weight May Return

https://t.co/dtDUB9WtAd",en,0,0,0,0,39,"<a href=""https://mobile.twitter.com"" rel=""nofollow"">Twitter Web App</a>",https://x.com/wellnesspulse_/status/1735351445392634310,False,False,2026-04-08T22:15:23.709944+00:00
1735305156625920002,mounjaro_weight,mounjaro,weight,2023-12-14T14:26:04+00:00,zipjet,zipjet,"@GstaadsDoji @pawcio2009 I'm down 53 pounds in ~22 weeks on Mounjaro.

Happy with the result, despite some ugly days.",en,0,0,2,0,38,"<a href=""https://mobile.twitter.com"" rel=""nofollow"">Twitter Web App</a>",https://x.com/zipjet/status/1735305156625920002,False,True,2026-04-08T22:15:23.709944+00:00
1735297105902637241,mounjaro_weight,mounjaro,weight,2023-12-14T13:54:04+00:00,ItllDo222,Mark Elkins,"@700wlw Mike, I am using Mounjaro for type 2 diabetes and my prescription cost, with insurance, is $25.00. Along with a strict diet and exercise, I have lost 28 lbs in 2 months. I think that more diabetics would use this if they could get it at this price.",en,0,0,0,0,28,"<a href=""https://mobile.twitter.com"" rel=""nofollow"">Twitter Web App</a>",https://x.com/ItllDo222/status/1735297105902637241,False,False,2026-04-08T22:15:23.709944+00:00
1735249071286222944,mounjaro_weight,mounjaro,weight,2023-12-14T10:43:12+00:00,Medindia,Medindia.net,"🎉 BREAKING: FDA approves #Tirzepatide (#Zepbound) for weight loss! This dual-action diabetes drug targets GIP and GLP-1 receptors to reduce appetite &amp; aid in weight management alongside diet &amp; exercise. 🏋️‍♂️💉
https://t.co/gVwhWq1Pky",en,0,3,4,0,251,"<a href=""https://mobile.twitter.com"" rel=""nofollow"">Twitter Web App</a>",https://x.com/Medindia/status/1735249071286222944,False,False,2026-04-08T22:15:23.709944+00:00
1735219681068192038,mounjaro_weight,mounjaro,weight,2023-12-14T08:46:25+00:00,shashiiyengar,Shashi Iyengar | Metabolic Health India®,"Stay hooked on...

""Stopping Tirzepatide Led to Weight Gain, Trial Shows.
— But sustained treatment kept the pounds off""

https://t.co/ef10kd6YYz",en,0,0,1,0,748,"<a href=""https://mobile.twitter.com"" rel=""nofollow"">Twitter Web App</a>",https://x.com/shashiiyengar/status/1735219681068192038,False,False,2026-04-08T22:15:23.709944+00:00
1735188996198699337,mounjaro_weight,mounjaro,weight,2023-12-14T06:44:29+00:00,SandiK_15,Sandi,"@BoceaphusRex @metron2001 @Thelightwason @stealthygeek If you have the option on insurance, you may want to try Mounjaro. It has given the same blood sugar control but w/ less GI side effects for me: good appetite and food noise suppression w/o the frequent nausea and over-full feeling that came w/ even moderate meals on Ozempic.",en,0,0,2,0,147,"<a href=""http://twitter.com/download/iphone"" rel=""nofollow"">Twitter for iPhone</a>",https://x.com/SandiK_15/status/1735188996198699337,False,True,2026-04-08T22:15:23.709944+00:00
1735094748677824634,mounjaro_weight,mounjaro,weight,2023-12-14T00:29:59+00:00,TemarSawy77,TemarSawy44 🪷,@coreybking Because most of them are miserable people. I was on Ozempic for my diabetes and it helped me greatly with weight loss but caused some stomach issues. So now I’m on something else now (mounjaro) and it’s great. Losing more weight and it helps with appetite! I’m happy for her.,en,1,0,1,0,219,"<a href=""http://twitter.com/download/iphone"" rel=""nofollow"">Twitter for iPhone</a>",https://x.com/TemarSawy77/status/1735094748677824634,False,True,2026-04-08T22:15:23.709944+00:00
1734963619736244464,mounjaro_weight,mounjaro,weight,2023-12-13T15:48:55+00:00,CaulfieldTim,Timothy Caulfield,"Effect of #Tirzepatide on Maintenance of Weight Reduction https://t.co/7vEiW8Oiqc 

""In participants with obesity/overweight, withdrawing tirzepatide led to substantial regain of lost weight, whereas continued treatment maintained and augmented initial weight reduction.""",en,0,1,5,0,2055,"<a href=""https://mobile.twitter.com"" rel=""nofollow"">Twitter Web App</a>",https://x.com/CaulfieldTim/status/1734963619736244464,False,False,2026-04-08T22:15:23.709944+00:00
1734959597054496784,mounjaro_weight,mounjaro,weight,2023-12-13T15:32:56+00:00,CornellNews,Cornell Chronicle,A clinical trial led by researchers at @WeillCornell and @nyphospital found that people who stopped taking the anti-obesity drug tirzepatide regained within a year much of the weight they’d lost. #obesity @JAMA_current https://t.co/b4mtoSK3tE,en,0,0,1,0,317,"<a href=""https://mobile.twitter.com"" rel=""nofollow"">Twitter Web App</a>",https://x.com/CornellNews/status/1734959597054496784,False,False,2026-04-08T22:15:24.569189+00:00
1734957702869053688,mounjaro_weight,mounjaro,weight,2023-12-13T15:25:24+00:00,ConscienHealth,Ted Kyle,"Upon stopping after 36 weeks of #tirzepatide for #obesity, will you regain all the weight you lost? 
Nope.
But if you keep taking it, you will lose more weight and gain additional health benefits.
Impressive results from #SURMOUNT4 in @JAMA_current. 
https://t.co/vZpUgr4sQf",en,0,11,19,0,2335,"<a href=""https://mobile.twitter.com"" rel=""nofollow"">Twitter Web App</a>",https://x.com/ConscienHealth/status/1734957702869053688,False,False,2026-04-08T22:15:24.569189+00:00
1734921124729819394,mounjaro_weight,mounjaro,weight,2023-12-13T13:00:04+00:00,WAAYTV,waaytv,People who take the new injectable medication tirzepatide – brand-named Zepbound – to shed pounds will need to stay on it. https://t.co/1yc2PcZmsI,en,0,0,0,0,602,"<a href=""http://erased27596258_EoczWB7fCa.com"" rel=""nofollow"">erased27596258_EoczWB7fCa</a>",https://x.com/WAAYTV/status/1734921124729819394,False,False,2026-04-08T22:15:24.569189+00:00
1734759100058050669,mounjaro_weight,mounjaro,weight,2023-12-13T02:16:14+00:00,SawyerMerritt,Sawyer Merritt,"BREAKING: Tesla has introduced Optimus Gen 2!

• Tesla designed actuators and sensors
• 2-Dof actuated neck
• Actuators integrated electronics &amp; harnessing
• 30% walk speed boost
• Foot force/torque sensing
• 22lb weight reduction
• and more https://t.co/zaXxZwNNWh",en,403,1243,8752,232,1192134,"<a href=""http://twitter.com/download/iphone"" rel=""nofollow"">Twitter for iPhone</a>",https://x.com/SawyerMerritt/status/1734759100058050669,False,False,2026-04-08T22:15:24.569189+00:00
1734689622687678476,mounjaro_weight,mounjaro,weight,2023-12-12T21:40:09+00:00,ABC7Chicago,ABC 7 Chicago,"People who take the new injectable medication tirzepatide - brand-named Zepbound - to shed pounds will need to stay on it if they want to keep the weight off, a new study confirms. https://t.co/u1szbhVVT9",en,1,2,3,0,4582,"<a href=""https://trueanthem.com"" rel=""nofollow"">trueanthem_pro2</a>",https://x.com/ABC7Chicago/status/1734689622687678476,False,False,2026-04-08T22:15:24.569189+00:00
1734662627983605785,mounjaro_weight,mounjaro,weight,2023-12-12T19:52:53+00:00,jmichelek,Michele,"@DKThomp I enjoyed the podcast, but as someone who has been on Mounjaro for a year and lost 40 pounds, a lot of the behaviors described simply don't apply to me. I went on the drug and slowly lost weight without any behavior changes.",en,2,0,6,1,7159,"<a href=""https://mobile.twitter.com"" rel=""nofollow"">Twitter Web App</a>",https://x.com/jmichelek/status/1734662627983605785,False,True,2026-04-08T22:15:24.569189+00:00
1734578893489635409,mounjaro_weight,mounjaro,weight,2023-12-12T14:20:09+00:00,ABC7Chicago,ABC 7 Chicago,"People who take the new injectable medication tirzepatide - brand-named Zepbound - to shed pounds will need to stay on it if they want to keep the weight off, a new study confirms. https://t.co/kJ6eH1MEdx",en,1,3,4,0,4311,"<a href=""https://trueanthem.com"" rel=""nofollow"">trueanthem_pro2</a>",https://x.com/ABC7Chicago/status/1734578893489635409,False,False,2026-04-08T22:15:24.570184+00:00
1734576341691802048,mounjaro_weight,mounjaro,weight,2023-12-12T14:10:01+00:00,abc7newsbayarea,ABC7 News,"People who take the new injectable medication tirzepatide - brand-named Zepbound - to shed pounds will need to stay on it if they want to keep the weight off, a new study confirms. https://t.co/kzlfulalP1 https://t.co/kzlfulalP1",en,1,0,0,1,2186,"<a href=""https://trueanthem.com"" rel=""nofollow"">trueanthem_pro2</a>",https://x.com/abc7newsbayarea/status/1734576341691802048,False,False,2026-04-08T22:15:24.570184+00:00
1734417620185592186,mounjaro_weight,mounjaro,weight,2023-12-12T03:39:19+00:00,foul_texan,Foul Mouth Texan,"@BamaBass You're doing great brother. I started Mounjaro back in December of 2022. I have lost 130 pounds. I started at 420, and I'm down to 290. 12 pants sizes, from 54 to 42. Keep up the good work.",en,0,0,0,0,66,"<a href=""http://twitter.com/download/android"" rel=""nofollow"">Twitter for Android</a>",https://x.com/foul_texan/status/1734417620185592186,False,True,2026-04-08T22:15:24.570184+00:00
1734392665523818573,mounjaro_weight,mounjaro,weight,2023-12-12T02:00:09+00:00,WKOW,WKOW 27 News,People who take the new injectable medication tirzepatide – brand-named Zepbound – to shed pounds will need to stay on it if they want to keep the weight off https://t.co/yeJK6iyJle,en,1,0,1,0,1358,"<a href=""https://www.socialnewsdesk.com"" rel=""nofollow"">Social News Desk (E)</a>",https://x.com/WKOW/status/1734392665523818573,False,False,2026-04-08T22:15:24.570184+00:00
1734377574736781451,mounjaro_weight,mounjaro,weight,2023-12-12T01:00:11+00:00,localnews8,Local News 8,"People who take the new injectable medication tirzepatide – brand-named Zepbound – to shed pounds will need to stay on it if they want to keep the weight off, a new study confirms. https://t.co/IazB61ieWK",en,0,0,0,0,211,"<a href=""https://www.socialnewsdesk.com"" rel=""nofollow"">Social News Desk (J)</a>",https://x.com/localnews8/status/1734377574736781451,False,False,2026-04-08T22:15:24.570184+00:00
1734359817269952913,mounjaro_weight,mounjaro,weight,2023-12-11T23:49:37+00:00,DrDerekConnolly,Prof Derek Connolly,"In participants with obesity, withdrawing tirzepatide led to substantial regain of lost weight, whereas continued treatment maintained and augmented initial weight reduction

it looks like GLP-1s/incretins are forever drugs

https://t.co/YyE4xJ9HH5 https://t.co/aSM0gQ4NzQ",en,0,0,5,0,324,"<a href=""https://mobile.twitter.com"" rel=""nofollow"">Twitter Web App</a>",https://x.com/DrDerekConnolly/status/1734359817269952913,False,False,2026-04-08T22:15:24.570184+00:00
1734352160001777991,mounjaro_weight,mounjaro,weight,2023-12-11T23:19:12+00:00,Ali_Aminian_MD,Ali Aminian,"Conclusions of SURMOUNT-4 in @JAMA_current:

“In participants with #obesity or overweight, withdrawing #tirzepatide led to substantial regain of lost weight, whereas continued treatment maintained and augmented initial weight reduction.”

https://t.co/a0G2rAqXyN https://t.co/l6Og6w6ssN",en,3,18,53,2,8605,"<a href=""http://twitter.com/download/iphone"" rel=""nofollow"">Twitter for iPhone</a>",https://x.com/Ali_Aminian_MD/status/1734352160001777991,False,False,2026-04-08T22:15:24.570184+00:00
1734335859174916439,mounjaro_weight,mounjaro,weight,2023-12-11T22:14:25+00:00,melina_manolas,"Melina Manolas, MD, MPH","If we consider obesity a chronic disease, not so surprising that in SURMOUNT-4 most of the weight lost with Tirzepatide was regained after discontinuation.  

 https://t.co/bC8hyPlCpR",en,2,2,16,0,4108,"<a href=""http://twitter.com/download/iphone"" rel=""nofollow"">Twitter for iPhone</a>",https://x.com/melina_manolas/status/1734335859174916439,False,False,2026-04-08T22:15:24.570184+00:00
1734326378114203845,mounjaro_weight,mounjaro,weight,2023-12-11T21:36:45+00:00,mun91981,For Retail Busine$$ …….. www.MPXTX.COM,"@BamaBass Hang in there buddy….stay  the  course  pal.
By  using  Intermittant  Fasting  18/6  and  Mounjaro  once  a  week….I’ve  lost  50#  in  6mo.
At  least,  now  I  know  what  works  for  ME  !
Big  difference,  Be  well…Be  Healthy….Tom",en,0,0,0,0,57,"<a href=""https://mobile.twitter.com"" rel=""nofollow"">Twitter Web App</a>",https://x.com/mun91981/status/1734326378114203845,False,True,2026-04-08T22:15:24.570184+00:00
1734319879665115177,mounjaro_weight,mounjaro,weight,2023-12-11T21:10:56+00:00,Pedro_AmarilesM,"Prof. Pedro Amariles, PhD Farmacia (farmacología)","Should obesity be managed as a chronic disease? In participants with obesity/overweight, withdrawing tirzepatide led to substantial regain of lost weight, whereas continued treatment maintained and augmented initial weight reduction. At:
https://t.co/zw3GgDnvmz",en,0,0,2,0,88,"<a href=""https://mobile.twitter.com"" rel=""nofollow"">Twitter Web App</a>",https://x.com/Pedro_AmarilesM/status/1734319879665115177,False,False,2026-04-08T22:15:24.570184+00:00
1734314811972780110,mounjaro_weight,mounjaro,weight,2023-12-11T20:50:47+00:00,wallstengine,Wall St Engine,"Eli Lilly's $LLY Zepbound Study Reveals Weight Regain Post Treatment:

Patients on Eli Lilly's weight loss drug Zepbound regained about half the lost weight a year after stopping treatment.

Study showed those switching to placebo from tirzepatide saw nearly 15% weight regain at week 88, after initial 36-week period.

Continued Zepbound use led to an extra 5.5% weight loss in the same timeframe.

Zepbound may yield 21% weight loss in 36 weeks but may cause side effects like nausea, diarrhea, and vomiting. 

Post-discontinuation, there's potential for weight regain, especially considering its $1,000/month cost/",en,0,5,7,0,480,"<a href=""https://mobile.twitter.com"" rel=""nofollow"">Twitter Web App</a>",https://x.com/wallstengine/status/1734314811972780110,False,False,2026-04-08T22:15:24.570184+00:00
1734313126320075243,mounjaro_weight,mounjaro,weight,2023-12-11T20:44:05+00:00,mdballesteros,María Ballesteros #yoelijoEndocrino,"In participants with obesity/overweight, withdrawing tirzepatide led to substantial regain of lost weight, whereas continued treatment maintained and augmented initial weight reduction. SURMOUNT 4 just released
https://t.co/7nsnHbXtqs",en,0,3,16,0,1162,"<a href=""http://twitter.com/download/android"" rel=""nofollow"">Twitter for Android</a>",https://x.com/mdballesteros/status/1734313126320075243,False,False,2026-04-08T22:15:24.570184+00:00
1734293536864932296,mounjaro_weight,mounjaro,weight,2023-12-11T19:26:15+00:00,ZHeart11768530,The Heart,"Continued Rx With Tirzepatide for Maintenance of Weight Reduction in Adults With Obesity : SURMOUNT-4 RCT @JAMA_current 
🛑Withdrawing tirzepatide led to regain of lost weight, whereas continued Rx maintained &amp; augmented initial weight reduction.
https://t.co/33d758EiXv https://t.co/GqEuJykmVI",en,0,1,3,0,419,"<a href=""http://twitter.com/download/android"" rel=""nofollow"">Twitter for Android</a>",https://x.com/ZHeart11768530/status/1734293536864932296,False,False,2026-04-08T22:15:24.570184+00:00
1734792679072887285,mounjaro_weight,mounjaro,weight,2023-12-13T04:29:40+00:00,bradsferguson,Bradford Ferguson,"Down 22 lbs⁉️ Optimus is taking Mounjaro, too? 💉

Welcome to the family bro",en,4,0,28,0,4971,"<a href=""http://twitter.com/download/iphone"" rel=""nofollow"">Twitter for iPhone</a>",https://x.com/bradsferguson/status/1734792679072887285,False,False,2026-04-08T22:15:24.571181+00:00
1734286196313071940,mounjaro_weight,mounjaro,weight,2023-12-11T18:57:05+00:00,GroundZeroMktg,Rufus T. Firefly,@MichaelAlbertMD I joined a Tirzepatide rct in August. I started at 188 pounds. Today I’m at 163.,en,2,0,2,0,303,"<a href=""http://twitter.com/download/iphone"" rel=""nofollow"">Twitter for iPhone</a>",https://x.com/GroundZeroMktg/status/1734286196313071940,False,True,2026-04-08T22:15:25.498012+00:00
1734276376159515130,mounjaro_weight,mounjaro,weight,2023-12-11T18:18:04+00:00,MWeintraubMD,"Michael Weintraub, MD","SURMOUNT-4 results just published in @JAMA_current 

🛑Stopping #tirzepatide leads to regain of the majority of the lost weight. 

Is this a surprising result ⁉️

No

#Obesity is a chronic disease and requires chronic treatment, just like high blood pressure or diabetes. https://t.co/uuRHWfiSxa",en,6,30,90,0,10154,"<a href=""https://mobile.twitter.com"" rel=""nofollow"">Twitter Web App</a>",https://x.com/MWeintraubMD/status/1734276376159515130,False,False,2026-04-08T22:15:25.498012+00:00
1734229556737769473,mounjaro_weight,mounjaro,weight,2023-12-11T15:12:01+00:00,JAMA_current,JAMA,"In participants with obesity/overweight, withdrawing tirzepatide led to substantial regain of lost weight, whereas continued treatment maintained and augmented initial weight reduction. 

https://t.co/3GCKBNFLgo https://t.co/3lULIpReRI",en,3,58,164,10,73426,"<a href=""https://www.sprinklr.com"" rel=""nofollow"">Sprinklr</a>",https://x.com/JAMA_current/status/1734229556737769473,False,False,2026-04-08T22:15:25.498012+00:00
1734082366459568411,mounjaro_weight,mounjaro,weight,2023-12-11T05:27:08+00:00,Nmadams9,Countessa Von Count- wife of the Count,@mccp96 @ClaudetteGGibs1 Congrats! I'm down 36 lbs since April. 41 lbs to go. I'm an engineer so I crunched the numbers since I first started!  👇A clear sign that Mounjaro helps with weight loss. https://t.co/vEjHMcKMrD,en,1,0,1,0,79,"<a href=""https://mobile.twitter.com"" rel=""nofollow"">Twitter Web App</a>",https://x.com/Nmadams9/status/1734082366459568411,False,True,2026-04-08T22:15:25.499011+00:00
1733856881502736492,mounjaro_weight,mounjaro,weight,2023-12-10T14:31:08+00:00,Real_KC1,Mamas,"@barbiebrookeecc Get a hold of a Mounjaro shot and you’ll lose 10-20 lbs in two weeks bc you literally don’t eat anything but crumbs. Not healthy but it works 🤷🏻‍♀️

12/3/30 method on the treadmill everyday will help also",en,0,0,0,0,179,"<a href=""http://twitter.com/download/iphone"" rel=""nofollow"">Twitter for iPhone</a>",https://x.com/Real_KC1/status/1733856881502736492,False,True,2026-04-08T22:15:25.499011+00:00
1733848527246155923,mounjaro_weight,mounjaro,weight,2023-12-10T13:57:56+00:00,JohnHer78459295,John Herman,@jimcramer Mounjaro. I started dosing a week ago and I notice a difference over Ozempic already. My glucose is better controlled as well as my appetite. Mounjaro seems to be a refinement over Ozempic.,en,1,0,0,0,253,"<a href=""https://mobile.twitter.com"" rel=""nofollow"">Twitter Web App</a>",https://x.com/JohnHer78459295/status/1733848527246155923,False,False,2026-04-08T22:15:25.499011+00:00
1733840740348760555,mounjaro_weight,mounjaro,weight,2023-12-10T13:27:00+00:00,Hopkins_GIM,Johns Hopkins GIM,"What is #Zepbound? Dr. Kim @Gudzune weighs in on the newly approved weight-loss drug —  ""an injectable medication with the same ingredient as the diabetes drug Mounjaro, which has been shown to curb hunger cravings and help shed pounds.""

https://t.co/pTVom9bY9f",en,0,0,1,0,182,"<a href=""https://mobile.twitter.com"" rel=""nofollow"">Twitter Web App</a>",https://x.com/Hopkins_GIM/status/1733840740348760555,False,False,2026-04-08T22:15:25.499011+00:00
1733539387227464125,mounjaro_weight,mounjaro,weight,2023-12-09T17:29:32+00:00,QuiroMictil,Francisco Mictil,@Manderville_RD For me Mounjaro is a game changer. Lost 40 pounds and my blood sugar levels are under control,en,0,0,2,0,90,"<a href=""http://twitter.com/download/iphone"" rel=""nofollow"">Twitter for iPhone</a>",https://x.com/QuiroMictil/status/1733539387227464125,False,True,2026-04-08T22:15:25.499011+00:00
1733496510296240556,mounjaro_weight,mounjaro,weight,2023-12-09T14:39:09+00:00,zipjet,zipjet,"@semodough Actually I have lost ~50, since I dropped 10 before starting Mounjaro. 

Still want to lose another 10 by January 23, 2024.",en,0,0,1,0,125,"<a href=""https://mobile.twitter.com"" rel=""nofollow"">Twitter Web App</a>",https://x.com/zipjet/status/1733496510296240556,False,True,2026-04-08T22:15:25.499011+00:00
1733482525391982778,mounjaro_weight,mounjaro,weight,2023-12-09T13:43:35+00:00,zipjet,zipjet,"MOUNJARO LOG – 5 mg Week 21, Days 142-148

Injections (Shots on days 0, 11, 28, 61, 88, 117).
Shot deltas: 11, 17, 33, 27, 29
Weight 210.2 Gain 0.1 Cumulative loss 39.8 pounds.
Trailing 4-week average weight loss per week, 1.0 pounds.

Model Projected burn: 2,100 no exercise beyond normal, none.

Calorie intake average: 1,145

Diet: Proteins, fiber, Strawberries and Blueberries.
Effects: Appetite Satiation good.
Adverse effects: gas, burping.
Sleep factors: Normal
Disappointed to gain despite appetite satiation, suggests another MoA of the drug. Will take another shot soon, likely Sunday or Monday.",en,2,0,3,0,467,"<a href=""https://mobile.twitter.com"" rel=""nofollow"">Twitter Web App</a>",https://x.com/zipjet/status/1733482525391982778,False,True,2026-04-08T22:15:25.499011+00:00
1733260300978196877,mounjaro_weight,mounjaro,weight,2023-12-08T23:00:32+00:00,GeneticLiteracy,Genetic Literacy Project,"'In 3 months, Mounjaro users lost 2.3% more weight than Ozempic users, widening to 4.3% in 6 months, and 7.2% by 12 months.' @Reuters | Better than Ozempic? Eli Lilly’s Mounjaro helps patients shed more pounds faster https://t.co/oMaLVc7Une https://t.co/oMaLVc7Une",en,0,0,0,0,396,"<a href=""https://buffer.com"" rel=""nofollow"">Buffer App</a>",https://x.com/GeneticLiteracy/status/1733260300978196877,False,False,2026-04-08T22:15:25.499011+00:00
1733156514846978236,mounjaro_weight,mounjaro,weight,2023-12-08T16:08:08+00:00,lfengland,Linda England,"Well, how about folks like me, 80 years old, with back and leg disabilities, unable to exercise?  I gained 80 pounds in a few years on only 1000 calories per day. 
Since Mounjaro, (a similar drug, stronger than Ozempic), I’ve lost 45 pounds in one year, and improved my health.",en,0,0,0,0,66,"<a href=""http://twitter.com/#!/download/ipad"" rel=""nofollow"">Twitter for iPad</a>",https://x.com/lfengland/status/1733156514846978236,False,False,2026-04-08T22:15:25.500006+00:00
1709311062775091396,mounjaro_weight,mounjaro,weight,2023-10-03T20:54:49+00:00,purplemtns,JLewis,@Nucific With the plethora of information on the side effects of drugs why would anyone take anything they don’t absolutely need for life?,en,3,1,21,1,4157,"<a href=""http://twitter.com/download/iphone"" rel=""nofollow"">Twitter for iPhone</a>",https://x.com/purplemtns/status/1709311062775091396,False,True,2026-04-08T22:15:25.500006+00:00
1733019611246063863,mounjaro_weight,mounjaro,weight,2023-12-08T07:04:07+00:00,MsJessLoren,Jess Loren,@HLK851 I’ve lost over 60 pounds on Mounjaro since April 13th of this year. Best decision of my life,en,0,0,0,0,154,"<a href=""http://twitter.com/download/iphone"" rel=""nofollow"">Twitter for iPhone</a>",https://x.com/MsJessLoren/status/1733019611246063863,False,False,2026-04-08T22:15:25.500006+00:00
1732834922857947569,mounjaro_weight,mounjaro,weight,2023-12-07T18:50:14+00:00,envoque_md,EnVoque,"Tirzepatide: This peptide redefines weight management with balanced receptor activation, metabolic fine-tuning, and appetite modulation. Discover the future of weight loss at our Medical Weight Loss Center in Scottsdale &amp; Mesa. 

Visit https://t.co/9iUrGw5TPH to learn more. https://t.co/BTv9EKyiod",en,0,0,0,0,27,"<a href=""https://www.hootsuite.com"" rel=""nofollow"">Hootsuite Inc.</a>",https://x.com/envoque_md/status/1732834922857947569,False,False,2026-04-08T22:15:25.500006+00:00
1732825325204111526,mounjaro_weight,mounjaro,weight,2023-12-07T18:12:06+00:00,xgodsxmasters,fastest guy in the room,"from jan 2021 to nov 2022, i lost 225lbs through a pathologically maniacal focus on calorie counting and intermittent fasting, turning one eating disorder into another. concurrently, several coworkers also lost weight, all via ozempic or mounjaro. one also had bariatric surgery",en,1,0,0,0,88,"<a href=""http://twitter.com/download/iphone"" rel=""nofollow"">Twitter for iPhone</a>",https://x.com/xgodsxmasters/status/1732825325204111526,False,True,2026-04-08T22:15:25.500006+00:00
1732593127771283852,mounjaro_weight,mounjaro,weight,2023-12-07T02:49:26+00:00,ApemanAl,Allen Pennington,Been on Mounjaro for my diabetes since the end of June. Started at 180 pounds. This morning I was down to 156. Last time I weighed this little was high school.,en,1,0,1,0,226,"<a href=""http://twitter.com/download/iphone"" rel=""nofollow"">Twitter for iPhone</a>",https://x.com/ApemanAl/status/1732593127771283852,False,False,2026-04-08T22:15:25.500006+00:00
1732420528927850544,mounjaro_weight,mounjaro,weight,2023-12-06T15:23:35+00:00,Okhomo,O. K. L. A. H. O. M. A.,Time for my next post about my weight journey on Mounjaro!!! I now weigh 193 pounds. I have lost 123 pounds. The last time I was under 200 pounds was when I was 28 years old. 40 years ago. I have about another 20 to 30 pounds left. I think. I need to see my doctor.  When he wakes up from passing out I'm sure he will tell me. 🤣🤣🤣,en,0,0,4,0,291,"<a href=""http://twitter.com/download/android"" rel=""nofollow"">Twitter for Android</a>",https://x.com/Okhomo/status/1732420528927850544,False,False,2026-04-08T22:15:26.609463+00:00
1732378147402735815,mounjaro_weight,mounjaro,weight,2023-12-06T12:35:11+00:00,JessicaRabbitie,Jessica Rabbit,@StreengahBell Military diet.  5 pounds a week will be lost.  Or cheat and do compounded mounjaro from a weigh loss clinic.,en,0,0,0,0,65,"<a href=""http://twitter.com/download/iphone"" rel=""nofollow"">Twitter for iPhone</a>",https://x.com/JessicaRabbitie/status/1732378147402735815,False,True,2026-04-08T22:15:26.609463+00:00
1732177062188986452,mounjaro_weight,mounjaro,weight,2023-12-05T23:16:08+00:00,GroundZeroMktg,Rufus T. Firefly,"@BiggestComeback I'm a follower and love your content but not everybody has your willpower and desire. If meds help people lose weight and live healthier and longer then let's support it. I hit a plateau after 25 lbs. Tirzepatide helped me lose another 25.
I call that a win.",en,3,0,3,0,112,"<a href=""https://mobile.twitter.com"" rel=""nofollow"">Twitter Web App</a>",https://x.com/GroundZeroMktg/status/1732177062188986452,False,True,2026-04-08T22:15:26.609463+00:00
1732166973050564998,mounjaro_weight,mounjaro,weight,2023-12-05T22:36:03+00:00,jannabtw,janna ♡,"Gave myself another tirzepatide injection today, lost weight even with my vacation, hype! Starting my Byte Aligners tonight. ✨",en,0,0,3,0,536,"<a href=""http://twitter.com/download/iphone"" rel=""nofollow"">Twitter for iPhone</a>",https://x.com/jannabtw/status/1732166973050564998,False,False,2026-04-08T22:15:26.609463+00:00
1731986937525809298,mounjaro_weight,mounjaro,weight,2023-12-05T10:40:39+00:00,PresidentFraud,PresidentFraud,"@RealDoomerbrown @fakecel1488 Instead of 
1. risking death from dnp
2. tirzepatide appetite suppressant only works while you take it

can we not just eat less? lmfaoo i lost nearly 50lbs just eating less.",en,1,0,1,0,54,"<a href=""http://twitter.com/download/iphone"" rel=""nofollow"">Twitter for iPhone</a>",https://x.com/PresidentFraud/status/1731986937525809298,False,True,2026-04-08T22:15:26.609463+00:00
1731847384475336915,mounjaro_weight,mounjaro,weight,2023-12-05T01:26:07+00:00,womenoptionswin,Abundantly Erica - Stock Options + Investing,"I’ve had years of people trying to help but nothing worked. Including a 1400 cal diet for 3 years and a personal trainer 5 days a week.  Mounjaro has been amazing. It’s solved everything for me. Lost 20 pounds so far, no side effects, I finally get the results from the effort I put in.",en,0,0,1,0,159,"<a href=""http://twitter.com/download/iphone"" rel=""nofollow"">Twitter for iPhone</a>",https://x.com/womenoptionswin/status/1731847384475336915,False,True,2026-04-08T22:15:26.609463+00:00
1731783128803410048,mounjaro_weight,mounjaro,weight,2023-12-04T21:10:47+00:00,neburboy,#NiUnaMenosNiUnaMas,"Users of diabetes drug Mounjaro lost more weight than those on Ozempic, large study finds #NewsBreak https://t.co/ciaTaL1ehr",en,0,0,0,0,38,"<a href=""http://twitter.com/download/iphone"" rel=""nofollow"">Twitter for iPhone</a>",https://x.com/neburboy/status/1731783128803410048,False,False,2026-04-08T22:15:26.610461+00:00
1731770315091357853,mounjaro_weight,mounjaro,weight,2023-12-04T20:19:52+00:00,razor0133wife,Moose's mom,@RuralFMPA @Stefernie2 Thanks. My diabetes is in remission &amp; since April 2021 I’ve lost 34% of my body weight. From Mounjaro in August 2022 I’ve lost 29% vs 5% the entire time I’ve ate a calorie deficit low fat WFPB diet/exercised. So your CP needs to talk to endos who realize obesity is complex.,en,1,0,1,0,79,"<a href=""http://twitter.com/download/iphone"" rel=""nofollow"">Twitter for iPhone</a>",https://x.com/razor0133wife/status/1731770315091357853,False,False,2026-04-08T22:15:26.610461+00:00
1731612975575060741,mounjaro_weight,mounjaro,weight,2023-12-04T09:54:39+00:00,GroundZeroMktg,Rufus T. Firefly,@MichaelAlbertMD I’m using Tirzepatide and I have to say it does a great job of quieting the noise in my brain around food. I’m down 25 pounds since August. But beware-it does have it’s drawbacks and side effects that must be managed.,en,0,0,1,0,62,"<a href=""http://twitter.com/download/iphone"" rel=""nofollow"">Twitter for iPhone</a>",https://x.com/GroundZeroMktg/status/1731612975575060741,False,True,2026-04-08T22:15:26.610461+00:00
1731525775805817043,mounjaro_weight,mounjaro,weight,2023-12-04T04:08:09+00:00,JohnHer78459295,John Herman,"@ScottAdamsSays Mounjaro. Just started dose course Saturday. Preliminary indications are promising. Glucose levels are more stable than Ozempic meaning no up and down glucose spiking.   
  My appetite is also stabilized meaning no urgent hunger pains. 
  No GI distress so far.",en,1,0,0,0,154,"<a href=""https://mobile.twitter.com"" rel=""nofollow"">Twitter Web App</a>",https://x.com/JohnHer78459295/status/1731525775805817043,False,False,2026-04-08T22:15:26.610461+00:00
1731061958080602428,mounjaro_weight,mounjaro,weight,2023-12-02T21:25:07+00:00,Tellit007,Tellit Likeitis,"@ChrisSylvain @MichaelMindrum The scientific evidence proves you wrong. The folks in the tirzepatide trials had randomized ""beliefs"". Unless you think the folks in the treatment arm magically had ""better"" beliefs, they lost 22+% more weight than placebo and kept it off for as long as treatment continued.",en,1,0,1,0,50,"<a href=""http://twitter.com/download/android"" rel=""nofollow"">Twitter for Android</a>",https://x.com/Tellit007/status/1731061958080602428,False,True,2026-04-08T22:15:26.610461+00:00
1731019226977128624,mounjaro_weight,mounjaro,weight,2023-12-02T18:35:19+00:00,zipjet,zipjet,"@Biomaven @jesse_brodkin @JamesEKrause In a way you can space dosing with the GLP-1 shots too.  I’m on Mounjaro 5mg and am dosing at about 4 weeks and still losing weight close to plan*.  Down 40 pounds on Mounjaro after losing 10 before starting.

*  Plan at this point call for losing 5 pounds per month.",en,0,0,2,0,228,"<a href=""http://twitter.com/#!/download/ipad"" rel=""nofollow"">Twitter for iPad</a>",https://x.com/zipjet/status/1731019226977128624,False,True,2026-04-08T22:15:26.610461+00:00
1730990746646315439,mounjaro_weight,mounjaro,weight,2023-12-02T16:42:08+00:00,ritzcalorie,caz,"my sister is on mounjaro and she’s lost 15lbs in the same time span as me ,, i’m so fucking jealous",en,0,0,1,0,70,"<a href=""http://twitter.com/download/iphone"" rel=""nofollow"">Twitter for iPhone</a>",https://x.com/ritzcalorie/status/1730990746646315439,False,False,2026-04-08T22:15:26.610461+00:00
1730977828412301563,mounjaro_weight,mounjaro,weight,2023-12-02T15:50:48+00:00,soofriends,Donna J 🇺🇸 🏳️‍🌈 🌴,"@erniebornheimer @kate_manne I'm a t2 diabetic, not obese. I take Mounjaro, and since it controlled my diabetes at 2.5mg, my MD didn't switch me to the higher dose for 5 months, when my glucose levels started creeping up. As time went on, the appetite suppression started wearing off. I did feel hungry again!",en,2,0,1,0,104,"<a href=""http://twitter.com/download/android"" rel=""nofollow"">Twitter for Android</a>",https://x.com/soofriends/status/1730977828412301563,False,True,2026-04-08T22:15:26.610461+00:00
1730915454556787194,mounjaro_weight,mounjaro,weight,2023-12-02T11:42:57+00:00,zipjet,zipjet,"MOUNJARO LOG – 5 mg Week 20, Days 135-141

Injections (Shots on days 0, 11, 28, 61, 88, 117).
Shot deltas: 11, 17, 33, 27, 29
Weight 210.1 Loss 1.4 Cumulative loss 39.9 pounds.
Trailing 4-week average weight loss per week, 0.8 pounds.

Model Projected burn: 2,100 no exercise beyond normal, none.

Calorie intake average: 1,246

Diet: Proteins, fiber, Strawberries and Blueberries.
Effects: Appetite Satiation good.
Adverse effects: gas, burping.
Sleep factors: Normal",en,1,0,2,0,333,"<a href=""https://mobile.twitter.com"" rel=""nofollow"">Twitter Web App</a>",https://x.com/zipjet/status/1730915454556787194,False,True,2026-04-08T22:15:26.610461+00:00
1730697135497097537,mounjaro_weight,mounjaro,weight,2023-12-01T21:15:26+00:00,KuroleGaming,Brother Dark Noa,"I'm currently receiving weekly shots of Tirzepatide which have helped to quickly curb my appetite while reducing my cravings and desires to binge eat. This, with further increasing efforts at gym, therapy to manage my ADD, Stress, and Anxiety (GAD) are finally showing results.",en,1,0,0,0,39,"<a href=""https://metricool.com"" rel=""nofollow"">Metricool</a>",https://x.com/KuroleGaming/status/1730697135497097537,False,True,2026-04-08T22:15:26.611459+00:00
1730635015074312496,mounjaro_weight,mounjaro,weight,2023-12-01T17:08:35+00:00,MartyManley,Marty Manley (Bluesky @martymanley),"A year ago, I lost a quarter of my body weight using Mounjaro, a strong GLP-1 med. I also immediately lost interest in alcohol and coffee, which was not my intention.

Now research suggests that GLP-1 meds actually do reduce alcohol consumption.

https://t.co/TtD2aCxlyP",en,1,0,1,0,112,"<a href=""https://mobile.twitter.com"" rel=""nofollow"">Twitter Web App</a>",https://x.com/MartyManley/status/1730635015074312496,False,False,2026-04-08T22:15:26.611459+00:00
1730632925157195907,mounjaro_weight,mounjaro,weight,2023-12-01T17:00:17+00:00,liviadrusilla90,nima,"In real world data, less than HALF the people taking Mounjaro lose 15% of their body weight after one year of taking this drug (but they are $12k slimmer in the wallet) and less than 20% of people taking Ozempic lost the same. Hype machine is wild https://t.co/EfNBdr43au",en,0,0,1,0,340,"<a href=""http://twitter.com/download/iphone"" rel=""nofollow"">Twitter for iPhone</a>",https://x.com/liviadrusilla90/status/1730632925157195907,False,False,2026-04-08T22:15:27.531962+00:00
1730631584489890152,mounjaro_weight,mounjaro,weight,2023-12-01T16:54:57+00:00,BLKXRANGER,ZACK TAYLOR,We know yall still takin them mounjaro shots ain’t no way you losin 45 pounds in 2 months,en,0,0,0,0,118,"<a href=""http://twitter.com/download/iphone"" rel=""nofollow"">Twitter for iPhone</a>",https://x.com/BLKXRANGER/status/1730631584489890152,False,False,2026-04-08T22:15:27.531962+00:00
1730625365834395833,mounjaro_weight,mounjaro,weight,2023-12-01T16:30:15+00:00,drdaven1,drdaven1,"After 3 months of treatment, patients on Mounjaro had lost an average of 2.3% more body weight than those taking Ozempic, the study also found. By 6 months, the difference had widened to 4.3%, and by 12 months, the Mounjaro group had lost an average of 7.2% more weight.",en,1,0,0,0,136,"<a href=""https://mobile.twitter.com"" rel=""nofollow"">Twitter Web App</a>",https://x.com/drdaven1/status/1730625365834395833,False,False,2026-04-08T22:15:27.531962+00:00
1730575331134697832,mounjaro_weight,mounjaro,weight,2023-12-01T13:11:26+00:00,thankyulex,youtube: thankyulex,@theonlyjasonlee I’m down -128 lbs with mounjaro 🫢,en,0,0,0,0,93,"<a href=""http://twitter.com/download/iphone"" rel=""nofollow"">Twitter for iPhone</a>",https://x.com/thankyulex/status/1730575331134697832,False,True,2026-04-08T22:15:27.531962+00:00
1730434916893245767,mounjaro_weight,mounjaro,weight,2023-12-01T03:53:28+00:00,Charles07788205,@CharlesleeTX1911,"The only thing hurting their profits this year was the pandmeic coming to an end.

Revenue in Q1 2023 decreased 11% driven by a $1.47 billion decline in revenue from COVID-19 antibodies. Excluding COVID-19 antibodies, revenue in Q1 2023 increased 10%, driven by volume growth from Mounjaro, Trulicity, Verzenio and Jardiance.
Pipeline progress included positive results in the tirzepatide Phase 3 SURMOUNT-2 study; FDA approval of an expanded indication for Verzenio; approval of mirikizumab in Japan; and regulatory submissions of tirzepatide for obesity in the EU and lebrikizumab for atopic dermatitis in Japan.
New Products(i) contributed $573.6 million to revenue in Q1 2023, led by Mounjaro. Growth Products(ii) revenue increased 18% to $4.56 billion in Q1 2023, led by Verzenio, Trulicity, Jardiance and Taltz.

Revenue in Q2 2023 increased 28% as a result of volume-driven growth from Mounjaro, Verzenio, Jardiance and Taltz, as well as $579.0 million from the sale of rights for Baqsimi. Excluding revenue from Baqsimi, and COVID-19 antibodies in 2022, revenue in Q2 2023 increased 22%.
Pipeline progress included positive results in the Phase 3 TRAILBLAZER-ALZ 2 study and the submissions of donanemab for traditional approval to the FDA and EMA; the completed submission of tirzepatide in chronic weight management to the FDA and positive results in the Phase 3 SURMOUNT-3 and -4 studies; and approval of mirikizumab in the EU and re-submission in the U.S.
Business development activity included announcements of agreements to acquire DICE Therapeutics, Inc., Sigilon Therapeutics, Inc. and Versanis Bio.
New Products(i) contributed $1.00 billion to revenue in Q2 2023, led by Mounjaro. Growth Products(ii) revenue increased 16% to $4.93 billion in Q2 2023, led by Verzenio, Jardiance and Taltz.

Revenue in Q3 2023 increased 37%, driven by growth from Mounjaro, Verzenio and Jardiance, as well as $1.42 billion from the sale of rights for the olanzapine portfolio (Zyprexa). Excluding revenue from the olanzapine portfolio and COVID-19 antibodies, revenue in Q3 2023 increased 24%...",en,0,0,0,0,7,"<a href=""https://mobile.twitter.com"" rel=""nofollow"">Twitter Web App</a>",https://x.com/Charles07788205/status/1730434916893245767,False,False,2026-04-08T22:15:27.531962+00:00
1730414303164125323,mounjaro_weight,mounjaro,weight,2023-12-01T02:31:34+00:00,lfengland,Linda England,"All good, I hope that works. 
I’m 80, disabled, so exercise is out of the question. All my life, I exercised like a maniac, weighed 120 lbs. until age 70+. There’s no way now that I could ever lose a meaningful amount of weight. With Mounjaro, I’ve lost 45 lbs this year. Miracle.",en,0,0,2,0,91,"<a href=""http://twitter.com/#!/download/ipad"" rel=""nofollow"">Twitter for iPad</a>",https://x.com/lfengland/status/1730414303164125323,False,False,2026-04-08T22:15:27.531962+00:00
1730362254762102873,mounjaro_weight,mounjaro,weight,2023-11-30T23:04:44+00:00,Supp_Community,Melody,"@lfengland 3 egg omelet for breakfast and even after 5m walk during the day, I have not felt hungry until dinner time.  Kept myself from snacking at night while watching tv by crocheting or knitting (both I enjoy doing) and it works.",en,0,0,0,1,99,"<a href=""https://mobile.twitter.com"" rel=""nofollow"">Twitter Web App</a>",https://x.com/Supp_Community/status/1730362254762102873,False,True,2026-04-08T22:15:27.531962+00:00
1730281346709463243,mounjaro_weight,mounjaro,weight,2023-11-30T17:43:14+00:00,SasquatchU,"Sasquatch UTE “Death, Taxes & Utah Football”",@SaltLakeJake @new_orleansjazz I’m down almost 30 pounds from taking Mounjaro (tirzepatide) it’s very similar to Ozempic but with less side effects,en,0,0,1,0,199,"<a href=""http://twitter.com/download/iphone"" rel=""nofollow"">Twitter for iPhone</a>",https://x.com/SasquatchU/status/1730281346709463243,False,True,2026-04-08T22:15:27.531962+00:00
1730196854892023822,mounjaro_weight,mounjaro,weight,2023-11-30T12:07:30+00:00,prasadkinik1,prasad kini k,"People Using Mounjaro Lost More Weight Than Those Using Ozempic
https://t.co/kheMEhe9bP
 -via inshorts",en,0,0,0,0,39,"<a href=""http://twitter.com/download/iphone"" rel=""nofollow"">Twitter for iPhone</a>",https://x.com/prasadkinik1/status/1730196854892023822,False,False,2026-04-08T22:15:27.531962+00:00
1730144854867656725,mounjaro_weight,mounjaro,weight,2023-11-30T08:40:52+00:00,johnybava,Johny Bava,"People Using Mounjaro Lost More Weight Than Those Using Ozempic

Mounjaro outperforms Ozempic, showing 15% weight loss at 12 months compared to Ozempic's 8%. The study suggests tirzepatide (Mounjaro) might be more potent, although more research is needed.
Source: https://t.co/OFSroewcAt

#T20WorldCup",en,0,0,0,0,63,"<a href=""https://mobile.twitter.com"" rel=""nofollow"">Twitter Web App</a>",https://x.com/johnybava/status/1730144854867656725,False,False,2026-04-08T22:15:27.531962+00:00
1730079149526483456,mounjaro_weight,mounjaro,weight,2023-11-30T04:19:47+00:00,gotchagetcha,SOONERSORDIE,"@Caydensdad411 @_alphalion_ Try GLP-1

I have been taking low dose Mounjaro for 3 weeks and have lost 27 lbs….",en,0,0,0,0,67,"<a href=""http://twitter.com/download/iphone"" rel=""nofollow"">Twitter for iPhone</a>",https://x.com/gotchagetcha/status/1730079149526483456,False,True,2026-04-08T22:15:27.532958+00:00
1730039670870888755,mounjaro_weight,mounjaro,weight,2023-11-30T01:42:54+00:00,defenserests15,corporatesoldout15,@Wondermoon__ @iyamtired I can’t wait to hear about all the progress y’all will make! I’m on Mounjaro but I’m happy to chat if it’ll help!,en,0,0,2,0,31,"<a href=""http://twitter.com/download/iphone"" rel=""nofollow"">Twitter for iPhone</a>",https://x.com/defenserests15/status/1730039670870888755,False,True,2026-04-08T22:15:27.532958+00:00
1730013800651215221,mounjaro_weight,mounjaro,weight,2023-11-30T00:00:06+00:00,localnews8,Local News 8,"Overweight and obese adults who took the injected medication Mounjaro lost more weight and were more likely to meet specific weight loss targets than people on a similar competitor, Ozempic, according to a new study. https://t.co/OHhFU2Zmn3",en,0,0,0,0,160,"<a href=""https://www.socialnewsdesk.com"" rel=""nofollow"">Social News Desk (J)</a>",https://x.com/localnews8/status/1730013800651215221,False,False,2026-04-08T22:15:27.532958+00:00
1729936586211545266,mounjaro_weight,mounjaro,weight,2023-11-29T18:53:17+00:00,yahoolife,Yahoo Life,"In a new study, overweight and obese adults using the injected medication Mounjaro lost more weight and were more likely to achieve specific weight loss targets compared to individuals on a similar competitor, Ozempic. https://t.co/pdLR4qXj1b https://t.co/CLPLQd1UgN",en,0,0,0,0,178,"<a href=""http://www.socialflow.com"" rel=""nofollow"">SocialFlow</a>",https://x.com/yahoolife/status/1729936586211545266,False,False,2026-04-08T22:15:27.532958+00:00
1729893121654136921,mounjaro_weight,mounjaro,weight,2023-11-29T16:00:34+00:00,6abc,Action News on 6abc,"Users of diabetes drug Mounjaro lost more weight than those on Ozempic, large study finds https://t.co/sSvTRbxtOK",en,0,2,2,0,4085,"<a href=""https://trueanthem.com"" rel=""nofollow"">trueanthem_pro2</a>",https://x.com/6abc/status/1729893121654136921,False,False,2026-04-08T22:15:27.532958+00:00
1729802441653182822,mounjaro_weight,mounjaro,weight,2023-11-29T10:00:14+00:00,th_conversation,This Is The Conversation Project,Users of diabetes drug Mounjaro lost more weight than those on Ozempic https://t.co/zrhLZ5U8MX,en,0,0,0,0,34,"<a href=""https://www.hootsuite.com"" rel=""nofollow"">Hootsuite Inc.</a>",https://x.com/th_conversation/status/1729802441653182822,False,False,2026-04-08T22:15:27.532958+00:00
1729791568528482695,mounjaro_weight,mounjaro,weight,2023-11-29T09:17:02+00:00,stigmabase,STIGMABASE,"{Fighting Stigma} Users of diabetes drug Mounjaro lost more weight than those on Ozempic, large study finds: Roughly half of people included in the study discontinued them during the study period. ... Alzheimer's disease research with $300 million data… https://t.co/xLDPtNMdxX",en,0,0,1,0,40,"<a href=""https://dlvrit.com/"" rel=""nofollow"">dlvr.it</a>",https://x.com/stigmabase/status/1729791568528482695,False,False,2026-04-08T22:15:27.532958+00:00
1729705788749533279,mounjaro_weight,mounjaro,weight,2023-11-29T03:36:11+00:00,MedFirstLtd,MedFirst - MedComms,Users of diabetes drug Mounjaro lost more weight than those on ... - CNN https://t.co/ablpWsIspd • https://t.co/le73xfx4Lb,en,0,0,0,0,15,"<a href=""https://dlvrit.com/"" rel=""nofollow"">dlvr.it</a>",https://x.com/MedFirstLtd/status/1729705788749533279,False,False,2026-04-08T22:15:27.532958+00:00
1729688922564022460,mounjaro_weight,mounjaro,weight,2023-11-29T02:29:09+00:00,Albany_Herald,The Albany Herald,"Users of diabetes drug Mounjaro lost more weight than those on Ozempic, large study finds https://t.co/iaLW28LkqA https://t.co/6ifOE64QDm",en,0,0,0,0,108,"<a href=""https://dlvrit.com/"" rel=""nofollow"">dlvr.it</a>",https://x.com/Albany_Herald/status/1729688922564022460,False,False,2026-04-08T22:15:27.532958+00:00
1729633029444833767,mounjaro_weight,mounjaro,weight,2023-11-28T22:47:03+00:00,MauSupercat,House of Mau,@HurricaneHam Our mommy is taking Mounjaro and she has lost 35 pounds.,en,1,0,2,0,62,"<a href=""http://twitter.com/download/iphone"" rel=""nofollow"">Twitter for iPhone</a>",https://x.com/MauSupercat/status/1729633029444833767,False,True,2026-04-08T22:15:28.534609+00:00
1729593752245727369,mounjaro_weight,mounjaro,weight,2023-11-28T20:10:59+00:00,Joeanthony_nyc,Mx. Joe-Anthony Sierra #GetVaccinated,"#Hope #USA #VoteBlue #DemocratsDeliver #Diabetes drug #Mounjaro reported to cause abdominal bloating (loss of appetite)These side effects were not reported in the clinical trials for #Ozempic~may be a safer treatment option albeit better weight management 
https://t.co/pN6Cuutsoi",en,1,0,1,0,109,"<a href=""https://mobile.twitter.com"" rel=""nofollow"">Twitter Web App</a>",https://x.com/Joeanthony_nyc/status/1729593752245727369,False,False,2026-04-08T22:15:28.534609+00:00
1729588993216385167,mounjaro_weight,mounjaro,weight,2023-11-28T19:52:04+00:00,NjGalin,BostonGal911,@thudderwicks Interesting!  My friends on ozempic have lost more weight with less side effects than those on mounjaro.  Purely anecdotal,en,0,0,0,0,81,"<a href=""https://mobile.twitter.com"" rel=""nofollow"">Twitter Web App</a>",https://x.com/NjGalin/status/1729588993216385167,False,True,2026-04-08T22:15:28.534609+00:00
1729566980305219752,mounjaro_weight,mounjaro,weight,2023-11-28T18:24:36+00:00,JustaCoinToss,Lucy 🕊️ Solidarity Forever,@dom_lucre Looks like Hillary lost a lot of weight. I guess she can afford Mounjaro.,en,1,0,3,0,613,"<a href=""https://mobile.twitter.com"" rel=""nofollow"">Twitter Web App</a>",https://x.com/JustaCoinToss/status/1729566980305219752,False,True,2026-04-08T22:15:28.534609+00:00
1729553581362053591,mounjaro_weight,mounjaro,weight,2023-11-28T17:31:22+00:00,WalbridgeSMB,James Walbridge,"I was on it for about 6 months, stopped in March. Lost about 55lbs. Have gained about 15lbs back since and plateaued. 

You will likely just gain it all back if you don't change your diet habits and/or workout consistently, so theres merit to what you said in regards to just doing it normally. All of my ""snack receptors"" went back in full force within a couple months.

I didn't workout at all while I was on it, it just completely changed my diet. I am a snacker, and it quite literally flipped the ""off"" switch to snacking. I couldn't even eat chips or candy, zero desire. I actually craved chicken and vegetables. It also limits how much you can or want to eat. 

The way I kind of would describe it, to the best of my knowledge would be a gastric bypass without the surgery.

I didn't really experience any crazy side effects other than upset stomache/conspitation (likely due to eating less and not enough fiber/water), but I completely understand anyone who's weary about it.

It's worth checking out the science and studies behind it if you're interesting, The FDA did just recently clear ""Zepbound"" (mounjaro/Tirzepatide) for weight loss.",en,2,0,4,0,386,"<a href=""https://mobile.twitter.com"" rel=""nofollow"">Twitter Web App</a>",https://x.com/WalbridgeSMB/status/1729553581362053591,False,True,2026-04-08T22:15:28.534609+00:00
1729512620280234164,mounjaro_weight,mounjaro,weight,2023-11-28T14:48:36+00:00,AndyVermaut,Andy Vermaut,"Andy Vermaut shares:More Weight Loss With Mounjaro Than Ozempic: Data Analysis: Overweight or obese adults lost more weight and shed pounds faster using Eli Lilly's Mounjaro than those taking Novo Nordisk's popular rival weight loss drug. 
… https://t.co/ZMaFeVYdsj Thank you. https://t.co/Vp7Luld5dv",en,0,0,0,0,34,"<a href=""https://dlvrit.com/"" rel=""nofollow"">dlvr.it</a>",https://x.com/AndyVermaut/status/1729512620280234164,False,False,2026-04-08T22:15:28.534609+00:00
1729507958889844991,mounjaro_weight,mounjaro,weight,2023-11-28T14:30:04+00:00,NEWSMAX,NEWSMAX,"Overweight or obese adults lost more weight and shed pounds faster using Eli Lilly's Mounjaro than those taking Novo Nordisk's popular rival weight loss drug, according to an analysis of health records and other data.
https://t.co/4Uzw3kBLJD https://t.co/gSlqiMz9TF",en,15,6,25,1,21003,"<a href=""http://www.socialbakers.com/"" rel=""nofollow"">Emplifi</a>",https://x.com/NEWSMAX/status/1729507958889844991,False,False,2026-04-08T22:15:28.534609+00:00
1729470518535860335,mounjaro_weight,mounjaro,weight,2023-11-28T12:01:18+00:00,jobrx,JobRx.com,"Lilly's Mounjaro leads to more and faster weight loss than Novo obesity drug, data analysis finds

Overweight or obese adults lost more weight and shed pounds faster using Eli Lilly's (LLY.N) Mounjaro than those taking Novo Nordisk's ...

https://t.co/gyZRrMsl6l https://t.co/P80GbzY8dL",en,0,0,0,0,57,"<a href=""https://buffer.com"" rel=""nofollow"">Buffer App</a>",https://x.com/jobrx/status/1729470518535860335,False,False,2026-04-08T22:15:28.535608+00:00
1729413622328148308,mounjaro_weight,mounjaro,weight,2023-11-28T08:15:13+00:00,Reuters_Health,Reuters Health,"Overweight or obese adults lost more weight and shed pounds faster using Eli Lilly's Mounjaro than those taking Novo Nordisk's popular rival weight loss drug, according to an analysis of health records and other data. https://t.co/aH1B5dd7hH https://t.co/aH1B5dd7hH",en,0,1,2,1,1031,"<a href=""https://trueanthem.com"" rel=""nofollow"">trueanthem_pro2</a>",https://x.com/Reuters_Health/status/1729413622328148308,False,False,2026-04-08T22:15:28.535608+00:00
1729349529864925262,mounjaro_weight,mounjaro,weight,2023-11-28T04:00:32+00:00,Reuters_Health,Reuters Health,"Overweight or obese adults lost more weight and shed pounds faster using Eli Lilly's Mounjaro than those taking Novo Nordisk's popular rival weight loss drug, according to an analysis of health records and other data. https://t.co/dU0JERBp2R https://t.co/dU0JERBp2R",en,0,1,2,0,974,"<a href=""https://trueanthem.com"" rel=""nofollow"">trueanthem_pro2</a>",https://x.com/Reuters_Health/status/1729349529864925262,False,False,2026-04-08T22:15:28.535608+00:00
1729285282137084004,mounjaro_weight,mounjaro,weight,2023-11-27T23:45:14+00:00,Reuters_Health,Reuters Health,"Overweight or obese adults lost more weight and shed pounds faster using Eli Lilly's Mounjaro than those taking Novo Nordisk's popular rival weight loss drug, according to an analysis of health records and other data. https://t.co/OCvxGgdAet https://t.co/OCvxGgdAet",en,0,0,1,0,1000,"<a href=""https://trueanthem.com"" rel=""nofollow"">trueanthem_pro2</a>",https://x.com/Reuters_Health/status/1729285282137084004,False,False,2026-04-08T22:15:28.535608+00:00
1729257242858328460,mounjaro_weight,mounjaro,weight,2023-11-27T21:53:49+00:00,TopStockAlerts1,Top Stock Alerts,"$NVO Patients taking Mounjaro lost an average 15.2% of their body weight, study finds, compared with 7.9% for those taking Ozempic

https://t.co/vBXZPHkTxZ",en,0,0,1,0,1543,"<a href=""http://twitter.com/download/iphone"" rel=""nofollow"">Twitter for iPhone</a>",https://x.com/TopStockAlerts1/status/1729257242858328460,False,False,2026-04-08T22:15:28.535608+00:00
1729201536797118498,mounjaro_weight,mounjaro,weight,2023-11-27T18:12:28+00:00,angryelderjay,Angry Elder Millennial,"Today is exactly one year since I started my #weightloss journey. With the resources at @joinsequence, @onepeloton, and the support of family and friends I’ve lost 70.8 lbs (24%). SW: 295.5 CW: 224.7 GW: 175 #FitnessJourney #weightlossjourney #JoinSequence #mounjaro #nutrition https://t.co/4wAu6T6aAI",en,1,0,5,0,326,"<a href=""http://twitter.com/download/iphone"" rel=""nofollow"">Twitter for iPhone</a>",https://x.com/angryelderjay/status/1729201536797118498,False,False,2026-04-08T22:15:28.535608+00:00
1729169982326800466,mounjaro_weight,mounjaro,weight,2023-11-27T16:07:04+00:00,ag76_biotech,AG_Macrohedge,"$vktx is known to make clinical progress very slowly, see P2 in NASH,how long it will take for VKTX to bring its Mounjaro me-too to market? 6-7years?How long after that LLY’s Moinjaro will go generic? VKTX may have just 6-7years window to make money as me-too? Probably no buyout",en,2,0,6,0,1681,"<a href=""http://twitter.com/download/iphone"" rel=""nofollow"">Twitter for iPhone</a>",https://x.com/ag76_biotech/status/1729169982326800466,False,False,2026-04-08T22:15:28.536609+00:00
1729140801677013232,mounjaro_weight,mounjaro,weight,2023-11-27T14:11:07+00:00,Amer_Econ_Caps,American Econ Capsules,"Ready to lose weight without dieting or exercise? Truveta Research proves that Mounjaro, a diabetes drug, beats Ozempic for weight loss. Say goodbye to pounds and hello to Mounjaro! #WeightLoss #DiabetesDrugs  https://t.co/szkS4UWFFV",en,0,0,0,0,17,"<a href=""https://ifttt.com"" rel=""nofollow"">IFTTT</a>",https://x.com/Amer_Econ_Caps/status/1729140801677013232,False,False,2026-04-08T22:15:28.536609+00:00
1728972073689899415,mounjaro_weight,mounjaro,weight,2023-11-27T03:00:39+00:00,Floridagirl077,Priscilla Whiteside,@TheAtlantic @helenlewis I really enjoyed your article on Ozempic!  Well done.  Thank you for writing about all sides of the issue!  I have been using Mounjaro for 4 months and I’m down 52 pounds.  The meds are truly life changing.,en,0,0,3,0,81,"<a href=""http://twitter.com/download/iphone"" rel=""nofollow"">Twitter for iPhone</a>",https://x.com/Floridagirl077/status/1728972073689899415,False,True,2026-04-08T22:15:28.536609+00:00
1728919811495997663,mounjaro_weight,mounjaro,weight,2023-11-26T23:32:59+00:00,houze968,Houze968,"@pulte Been out of work for months, but naturally that means I can't afford the meds for my Type 2 (along w high BP, depression, etc). Fortunately don't need an insulin pump or whatnot, but I would like to try some new meds like Mounjaro (friend is on it, lost a lot of weight) $Houze968",en,0,0,0,0,42,"<a href=""https://mobile.twitter.com"" rel=""nofollow"">Twitter Web App</a>",https://x.com/houze968/status/1728919811495997663,False,True,2026-04-08T22:15:29.692546+00:00
1728872115280216360,mounjaro_weight,mounjaro,weight,2023-11-26T20:23:27+00:00,LeolucaRandisi,Leoluca Randisi 🇺🇦,@AndyReidBurgers @javien114 What do you mean? I lost 40 pounds you aren't saying I'm fat are you? I'm on Mounjaro,en,1,1,0,0,77,"<a href=""http://twitter.com/download/android"" rel=""nofollow"">Twitter for Android</a>",https://x.com/LeolucaRandisi/status/1728872115280216360,False,True,2026-04-08T22:15:29.692546+00:00
1728841273694728460,mounjaro_weight,mounjaro,weight,2023-11-26T18:20:54+00:00,imjinnie,A. “Jinnie” McManus,"I started my first dose of Mounjaro a little over a year ago. This morning, I weighed in at exactly 100 pounds lost.

I feel like I should say something eloquent, but I’m honestly at a loss for words. One thing is for sure, though. I wouldn’t have achieved this without Mounjaro. https://t.co/3jHEhiJPcN",en,3,2,15,0,972,"<a href=""http://twitter.com/download/iphone"" rel=""nofollow"">Twitter for iPhone</a>",https://x.com/imjinnie/status/1728841273694728460,False,False,2026-04-08T22:15:29.692546+00:00
1728463655287570443,mounjaro_weight,mounjaro,weight,2023-11-25T17:20:23+00:00,fitsuda93,Sam,Week 1 of Mounjaro has resulted in -5lbs. I ate comfortably all week and did not have any issues with side effects. Loving this so far!,en,1,0,0,0,73,"<a href=""http://twitter.com/download/iphone"" rel=""nofollow"">Twitter for iPhone</a>",https://x.com/fitsuda93/status/1728463655287570443,False,False,2026-04-08T22:15:29.692546+00:00
1728379344689525217,mounjaro_weight,mounjaro,weight,2023-11-25T11:45:22+00:00,zipjet,zipjet,"MOUNJARO LOG – 5 mg Week 19, Days 128-134

Injections (Shots on days 0, 11, 28, 61, 88, 117).
Shot deltas: 11, 17, 33, 27, 29

Weight 211.5 Loss 0.5 Cumulative loss 38.5 pounds.
Trailing 4-week average weight loss per week, 1.2 pounds.

Model Projected burn: 2,200 no exercise beyond normal, none.

Calorie intake average: 1,273

Diet: Proteins, fiber, Strawberries and Blueberries. Thanksgiving full meal with all the bad stuff. 😊 Two desserts.
Effects: Appetite Satiation good.
Adverse effects:  gas, burping.
Sleep factors: Normal",en,1,0,3,0,403,"<a href=""https://mobile.twitter.com"" rel=""nofollow"">Twitter Web App</a>",https://x.com/zipjet/status/1728379344689525217,False,True,2026-04-08T22:15:29.692546+00:00
1728349068819157296,mounjaro_weight,mounjaro,weight,2023-11-25T09:45:03+00:00,keloland,KELOLAND News,"The drug, made by Eli Lilly, is marketed as Zepbound. Also known as tirzepatide, it has helped dieters lose as much as 40 to 60 pounds in testing. https://t.co/dVHm9KHArZ https://t.co/MTgo4K0lin",en,0,0,1,0,2713,"<a href=""http://www.socialflow.com"" rel=""nofollow"">SocialFlow</a>",https://x.com/keloland/status/1728349068819157296,False,False,2026-04-08T22:15:29.692546+00:00
1728226282104905813,mounjaro_weight,mounjaro,weight,2023-11-25T01:37:09+00:00,MikeChr22686816,Mortgage Mike,@wndyW1LL0w I was on Mounjaro for 6 months and lost 45 lbs. I would do it all over again. Well worth the risk for me,en,0,0,0,0,92,"<a href=""http://twitter.com/download/iphone"" rel=""nofollow"">Twitter for iPhone</a>",https://x.com/MikeChr22686816/status/1728226282104905813,False,True,2026-04-08T22:15:29.693542+00:00
1728168458158768546,mounjaro_weight,mounjaro,weight,2023-11-24T21:47:22+00:00,abc4utah,ABC4 News,"Also known as tirzepatide, it has helped dieters lose as much as 40 to 60 pounds in testing. https://t.co/IjiUQr37xg",en,0,0,1,0,1065,"<a href=""http://www.socialflow.com"" rel=""nofollow"">SocialFlow</a>",https://x.com/abc4utah/status/1728168458158768546,False,False,2026-04-08T22:15:29.693542+00:00
1728143125749666031,mounjaro_weight,mounjaro,weight,2023-11-24T20:06:43+00:00,ShaneLee098,Shane Camus,"I figure I have paid around $35 bucks per pound lost on #tirzepatide.

#FastFood on the other hand I can gain a pound per buck.

Wish #McDonalds was running my #weightloss",en,0,0,0,0,24,"<a href=""http://twitter.com/download/iphone"" rel=""nofollow"">Twitter for iPhone</a>",https://x.com/ShaneLee098/status/1728143125749666031,False,False,2026-04-08T22:15:29.693542+00:00
1728070971226243468,mounjaro_weight,mounjaro,weight,2023-11-24T15:20:00+00:00,PIX11News,PIX11 News,"Zepbound, also known as tirzepatide, has helped dieters lose as much as 40 to 60 pounds in testing

https://t.co/O0aueDAJhn",en,0,0,1,0,846,"<a href=""https://twitter.com"" rel=""nofollow"">TweetDeck Web App</a>",https://x.com/PIX11News/status/1728070971226243468,False,False,2026-04-08T22:15:29.693542+00:00
1727973529428353316,mounjaro_weight,mounjaro,weight,2023-11-24T08:52:48+00:00,nicoleeee2182,✨,"What a difference a year makes 🥲

I started my Mounjaro journey at over 300 lbs in January. I have since then, lost over 50 lbs. I am so happy and beyond grateful,for everything this medication has done for me and my life. I have energy again &amp; don’t feel like 💩 24/7 #mounjaro https://t.co/Xcvxc0XLPc",en,0,0,0,0,241,"<a href=""http://twitter.com/download/iphone"" rel=""nofollow"">Twitter for iPhone</a>",https://x.com/nicoleeee2182/status/1727973529428353316,False,False,2026-04-08T22:15:29.693542+00:00
1727869622534423026,mounjaro_weight,mounjaro,weight,2023-11-24T01:59:54+00:00,ManOnThePen,On The Pen™,OTP Eps #42: 2 guys combined #mounjaro weight loss over 500 pounds! https://t.co/NudvPlMq58,en,0,1,1,0,279,"<a href=""http://erased8036141_052BSwz4Zo.com"" rel=""nofollow"">erased8036141_052BSwz4Zo</a>",https://x.com/ManOnThePen/status/1727869622534423026,False,False,2026-04-08T22:15:29.693542+00:00
1727643244735947239,mounjaro_weight,mounjaro,weight,2023-11-23T11:00:22+00:00,business,Bloomberg,This Thanksgiving will look different for those taking appetite-suppressing drugs like Ozempic and Mounjaro. Read more in Prognosis. https://t.co/O2se0CwHLY,en,4,1,11,0,23139,"<a href=""http://www.socialflow.com"" rel=""nofollow"">SocialFlow</a>",https://x.com/business/status/1727643244735947239,False,False,2026-04-08T22:15:29.693542+00:00
1727519373668008360,mounjaro_weight,mounjaro,weight,2023-11-23T02:48:09+00:00,NickCAdams,Patriot Dad ❤️✝️🇺🇸,"I want to let anyone know who is struggling with weight and borderline diabetic to ask your doctor about MounJaro! 

My A1C was at 6.2, I fell in the borderline diabetic range. My weight was 320 lbs. I was miserable with how I felt and how difficult it was to lose weight. It has now been 6 months since I started. 

I’m at 227 today and feel amazing. Lost a total of 93 lbs. It truly has been a miracle drug for me! ❤️❤️❤️",en,4,1,4,0,700,"<a href=""http://twitter.com/download/iphone"" rel=""nofollow"">Twitter for iPhone</a>",https://x.com/NickCAdams/status/1727519373668008360,False,False,2026-04-08T22:15:29.693542+00:00
1727494951573885293,mounjaro_weight,mounjaro,weight,2023-11-23T01:11:06+00:00,JustinBGalloway,Justin Bryan Galloway,"These people should be put on Ozempic or Mounjaro immediately.

These new class of drugs that change the brain’s receptors are a game changer. I am only 5 days in to starting Mounjaro (for blood sugar control) and have lost 5 lbs because I now only eat two meals about the size of a fist daily and I am never hungry since injecting this drug.

With these new drugs, they will make weight-loss surgery obsolete and there will be no excuse for obesity any longer.",en,1,0,1,0,281,"<a href=""http://twitter.com/download/iphone"" rel=""nofollow"">Twitter for iPhone</a>",https://x.com/JustinBGalloway/status/1727494951573885293,False,True,2026-04-08T22:15:29.694538+00:00
1727353179883642977,mounjaro_weight,mounjaro,weight,2023-11-22T15:47:45+00:00,danielyores,Daniel Yores,"Whole30: rules around foods you can/cannot eat for a period of time. Therefore you eat less food. Less calories in = calorie deficit = weight loss.

Ozempic/Mounjaro: helps regulate appetite so you ultimately eat less. Less calories in = calorie deficit = weight loss.",en,1,0,0,0,55,"<a href=""https://mobile.twitter.com"" rel=""nofollow"">Twitter Web App</a>",https://x.com/danielyores/status/1727353179883642977,False,True,2026-04-08T22:15:29.694538+00:00
1727271016777585100,mounjaro_weight,mounjaro,weight,2023-11-22T10:21:16+00:00,wtvrselena,Selena™️,i’m down 10 lbs since i started tirzepatide 🥲,en,0,0,0,0,64,"<a href=""http://twitter.com/download/iphone"" rel=""nofollow"">Twitter for iPhone</a>",https://x.com/wtvrselena/status/1727271016777585100,False,False,2026-04-08T22:15:29.694538+00:00
1727149795750420680,mounjaro_weight,mounjaro,weight,2023-11-22T02:19:34+00:00,davidklugFL,David Klug,"This deserves an eye roll. Only folks suffering from delusion that everything is about them would have issues like this. I've been  taking Mounjaro for almost a year and a half and have lost 170 pounds. I've never had anyone comment on how little I'm eating. I've certainly never had anyone pressure me to eat more. This is nonsense.

It’s Thanksgiving. Will Ozempic Make It Better or Worse? https://t.co/P9yNaLicS9 via @YahooNews",en,0,0,1,0,105,"<a href=""https://mobile.twitter.com"" rel=""nofollow"">Twitter Web App</a>",https://x.com/davidklugFL/status/1727149795750420680,False,False,2026-04-08T22:15:30.587576+00:00
1727047207294263577,mounjaro_weight,mounjaro,weight,2023-11-21T19:31:55+00:00,QuiroMictil,Francisco Mictil,@BiggestComeback Well as someone who’s on Mounjaro ( also at the same time doing resistance training) I have lost 40 pounds and feel stronger. But maybe is my unique experience.,en,1,0,1,0,431,"<a href=""http://twitter.com/download/iphone"" rel=""nofollow"">Twitter for iPhone</a>",https://x.com/QuiroMictil/status/1727047207294263577,False,True,2026-04-08T22:15:30.588570+00:00
1726574802671165841,mounjaro_weight,mounjaro,weight,2023-11-20T12:14:45+00:00,KoffyDrinker,Koffy Drinker,@PenguinsRPpl2 Same for me. My A1C was 13.7 at one point. After wls and down 130 lbs I’m off BP meds and all meds for my diabetes (40 yrs). I do take a mounjaro shot once a week. I feel it keeps my blood glucose at a normal level. Gastric Bypass was a life saver for me.,en,0,0,3,0,60,"<a href=""http://twitter.com/download/iphone"" rel=""nofollow"">Twitter for iPhone</a>",https://x.com/KoffyDrinker/status/1726574802671165841,False,True,2026-04-08T22:15:30.588570+00:00
1725846405560906025,mounjaro_weight,mounjaro,weight,2023-11-18T12:00:22+00:00,zipjet,zipjet,"MOUNJARO LOG – 5 mg Week 18, Days 121-127

Injections (Shots on days 0, 11, 28, 61, 88, 117).
Shot deltas: 11, 17, 33, 27, 29

Weight 212.0 Loss 0.4 Cumulative loss 38 pounds.
Trailing 4-week average weight loss per week, 1.3 pounds.

Model Projected burn: 2,200 no exercise beyond normal, none.

Calorie intake average: 1,116

Diet: Proteins, fiber, Strawberries and Blueberries.
Effects: Appetite Satiation good.
Adverse effects: After shot on day 121 vomited, gas, burping.
Sleep factors: Normalized
4-week trailing avg to -1.3",en,1,0,1,0,423,"<a href=""https://mobile.twitter.com"" rel=""nofollow"">Twitter Web App</a>",https://x.com/zipjet/status/1725846405560906025,False,True,2026-04-08T22:15:30.588570+00:00
1725674358130044960,mounjaro_weight,mounjaro,weight,2023-11-18T00:36:43+00:00,SummerDietitian,Summer the Dietitian,"@criticalsfl @DrNadolsky @EricTopol I regret not getting a dexa before and after starting tirzepatide but I certainly look more jacked than ever, and haven’t lost any relative strength in the gym. Lots of lifting &amp; protein. 💪🏼",en,1,0,3,0,167,"<a href=""http://twitter.com/download/iphone"" rel=""nofollow"">Twitter for iPhone</a>",https://x.com/SummerDietitian/status/1725674358130044960,False,True,2026-04-08T22:15:30.588570+00:00
1725654988272111856,mounjaro_weight,mounjaro,weight,2023-11-17T23:19:44+00:00,Tellit007,Tellit Likeitis,@iowajustin @acekingspades @DrNadolsky @EricTopol I gained 12% muscle mass and lost 45lbs (and counting) on max dose Mounjaro with adequate protein intake and few times a week cardio and strength training.,en,0,1,6,0,1854,"<a href=""http://twitter.com/download/android"" rel=""nofollow"">Twitter for Android</a>",https://x.com/Tellit007/status/1725654988272111856,False,True,2026-04-08T22:15:30.588570+00:00
1725623894407557291,mounjaro_weight,mounjaro,weight,2023-11-17T21:16:11+00:00,EFamily1983,Eli-Family1983,Lost 3 pounds today and they doctor is raising my dosage on my mounjaro yay getting there,en,1,1,6,0,169,"<a href=""http://twitter.com/download/iphone"" rel=""nofollow"">Twitter for iPhone</a>",https://x.com/EFamily1983/status/1725623894407557291,False,False,2026-04-08T22:15:30.588570+00:00
1725525248450129921,mounjaro_weight,mounjaro,weight,2023-11-17T14:44:12+00:00,Kloss1,Area Man,"@SvenTystnad i understand your point-of-view, but I'm telling you that this and Mounjaro are incredible for appetite suppression and weight loss.",en,1,0,1,0,103,"<a href=""https://mobile.twitter.com"" rel=""nofollow"">Twitter Web App</a>",https://x.com/Kloss1/status/1725525248450129921,False,True,2026-04-08T22:15:30.589565+00:00
1725221518206992427,mounjaro_weight,mounjaro,weight,2023-11-16T18:37:17+00:00,kevbino2,Kev 🪸,"@blueblankeyboy Constipation is rough ngl and the nausea kind of kicked my ass every time I moved up a dose! But it’s so worth it, I’ve lost 40 pounds on mounjaro and it’s been life changing for me (-:",en,0,0,0,0,93,"<a href=""http://twitter.com/download/iphone"" rel=""nofollow"">Twitter for iPhone</a>",https://x.com/kevbino2/status/1725221518206992427,False,False,2026-04-08T22:15:30.589565+00:00
1725172914222252113,mounjaro_weight,mounjaro,weight,2023-11-16T15:24:09+00:00,Ag03Recruiter,for the love of liberty,@KBVMD Mounjaro has changed my life.   My numbers are now all perfect and I’m down 50 pounds.   It’s pretty amazing.  I was insulin resistant and no more food noise.,en,0,0,1,0,71,"<a href=""http://twitter.com/download/iphone"" rel=""nofollow"">Twitter for iPhone</a>",https://x.com/Ag03Recruiter/status/1725172914222252113,False,True,2026-04-08T22:15:30.589565+00:00
1725082562773553587,mounjaro_weight,mounjaro,weight,2023-11-16T09:25:08+00:00,drShaileshSingh,Dr Shailesh Singh,"Now that the FDA has just given the green light to Tirzepatide for chronic weight management🎉more and more people will either be on this drug or will be asking for  it - here is a brief info about the drug from this article. 

💉 It's a once-a-week injection making treatment super convenient.

💉Marketed as Zepbound for obesity. (Being sold as Mounjaro for Diabetes from 2022). 

👥 Eligible candidates include those with obesity (BMI of 30+) or overweight individuals with conditions like high blood pressure, high cholesterol, type 2 diabetes, sleep apnea, or heart disease.

🍏🏋️ It works best with diet and exercise changes. In trials, people lost an average of 21% body weight compared to 3% with a placebo – that's huge!

📈 Doses can be adjusted up to 15 mg over 4-20 weeks. But, some may experience nausea, diarrhea, or constipation as side effects.

⚠️ Important: Should not use Zepbound with other GLP-1 receptor agonists. 

⚠️ Contraindicated in pts with h/o medullary CA thyroid or family H)o MCT. Also C/I in MEN-2 syndrome.

⚠️ Not studied in pts with a h/o pancreatitis or with severe GI disease, such as severe gastroparesis.

💊💰 Zepbound will be hitting shelves with doses from 2.5 mg to 15 mg. Expected price? Around $1060/month. (Expensive)🏷️

#WeightManagement #FDAApproval #Tirzepatide #MedX #CardioEd",en,0,1,0,0,355,"<a href=""http://twitter.com/download/android"" rel=""nofollow"">Twitter for Android</a>",https://x.com/drShaileshSingh/status/1725082562773553587,False,False,2026-04-08T22:15:30.589565+00:00
1724985643007082537,mounjaro_weight,mounjaro,weight,2023-11-16T03:00:00+00:00,JAMA_current,JAMA,"On Nov 8 the FDA approved #tirzepatide for chronic weight management in people with obesity or overweight with weight-related conditions. 

Here's what to know about #Zepbound, the latest antiobesity drug. 

#MedicalNews 

https://t.co/V1THy9uYln",en,1,27,56,4,25733,"<a href=""https://www.sprinklr.com"" rel=""nofollow"">Sprinklr</a>",https://x.com/JAMA_current/status/1724985643007082537,False,False,2026-04-08T22:15:30.589565+00:00
1725022557798285617,mounjaro_weight,mounjaro,weight,2023-11-16T05:26:41+00:00,ShaeBirdTSEP,Shae Bird,"@MichaelBePetty I really wish the gorls would have stuck it out on Ozempic. I’m down from an A1C of 13 to 5.9- 8 months on Mounjaro, down to 118 pounds from 200.",en,0,0,4,0,195,"<a href=""http://twitter.com/download/iphone"" rel=""nofollow"">Twitter for iPhone</a>",https://x.com/ShaeBirdTSEP/status/1725022557798285617,False,True,2026-04-08T22:15:30.589565+00:00
1724983635571327114,mounjaro_weight,mounjaro,weight,2023-11-16T02:52:02+00:00,Wicked2553,Donna Barnes,"@payalkohlimd @9NEWS Have been on Mounjaro for almost a year. My A1C is 6.5, &amp; I’ve lost around 40 pounds.",en,0,0,2,0,42,"<a href=""http://twitter.com/download/iphone"" rel=""nofollow"">Twitter for iPhone</a>",https://x.com/Wicked2553/status/1724983635571327114,False,True,2026-04-08T22:15:30.589565+00:00
1724956339523264554,mounjaro_weight,mounjaro,weight,2023-11-16T01:03:34+00:00,DUGHAWKS,Doug Gillespie,"@DikemanDave @ZenQueen_zen 1/2 appreciate that- there ARE tons of folks on meds who see change and brag, although very few who look like you b/c they just eat less and look ""skinny fat""- I actually did try Mounjaro, saw weight loss, worked out a lot, walked, changed my lifestyle, lost 70 lbs.",en,0,0,0,0,27,"<a href=""https://mobile.twitter.com"" rel=""nofollow"">Twitter Web App</a>",https://x.com/DUGHAWKS/status/1724956339523264554,False,True,2026-04-08T22:15:30.590560+00:00
1724913855636156925,mounjaro_weight,mounjaro,weight,2023-11-15T22:14:45+00:00,xxy07255392,xxy,"Mounjaro is not 'an easy way out' for weight loss, says woman who shed 200 pounds with the drug — it required a lot of work https://t.co/4UQa1t6dQN",en,0,0,0,0,16,"<a href=""https://mobile.twitter.com"" rel=""nofollow"">Twitter Web App</a>",https://x.com/xxy07255392/status/1724913855636156925,False,False,2026-04-08T22:15:30.590560+00:00
1724672850697802147,mounjaro_weight,mounjaro,weight,2023-11-15T06:17:05+00:00,OFWClinic,Optimal Female Wellness,"As the medical provider for https://t.co/E8sZx5Ajy8, Tirzepatide really works! 60 lbs down, and still going. Set up your ""free 15 minute"" consult today on my website, and I will answer any questions you have about rapid weight loss. https://t.co/XCV7OcEaWF",en,0,1,0,0,56,"<a href=""https://mobile.twitter.com"" rel=""nofollow"">Twitter Web App</a>",https://x.com/OFWClinic/status/1724672850697802147,False,False,2026-04-08T22:15:31.592098+00:00
1724611119082254658,mounjaro_weight,mounjaro,weight,2023-11-15T02:11:47+00:00,adam_nessim,"Adam Nessim, MD","Zepbound (Tirzepatide) is unique as it activates two hormone receptors - GIP and GLP-1. These hormones play a key role in regulating appetite and insulin production, offering a new approach to tackle excess weight.",en,1,0,0,0,73,"<a href=""http://twitter.com/download/iphone"" rel=""nofollow"">Twitter for iPhone</a>",https://x.com/adam_nessim/status/1724611119082254658,False,True,2026-04-08T22:15:31.593095+00:00
1724559489293066286,mounjaro_weight,mounjaro,weight,2023-11-14T22:46:37+00:00,GeoffUtley,Epicurious.,@Buck I recommend Mounjaro. I just lost 8” off my waist and 77lbs.,en,0,0,1,0,108,"<a href=""http://twitter.com/download/iphone"" rel=""nofollow"">Twitter for iPhone</a>",https://x.com/GeoffUtley/status/1724559489293066286,False,True,2026-04-08T22:15:31.593095+00:00
1724445835084075439,mounjaro_weight,mounjaro,weight,2023-11-14T15:15:00+00:00,liveforeverclub,Live Forever Club,"MHRA has approved Mounjaro, a diabetes drug that promotes weight loss @MHRAgovuk
The drug works by regulating appetite and reducing cravings #Weight #Obesity #LiveBetterLonger #longevity
https://t.co/xQ8MPeFec7",en,0,0,1,0,48,"<a href=""https://buffer.com"" rel=""nofollow"">Buffer App</a>",https://x.com/liveforeverclub/status/1724445835084075439,False,False,2026-04-08T22:15:31.593095+00:00
1724207357251502104,mounjaro_weight,mounjaro,weight,2023-11-13T23:27:22+00:00,joelteply,Joel Tepliid,"@ESYudkowsky I would recommend the insulin drugs (GLP-1 acting: mounjaro, Ozempic, etc) because they really do work like magic, assuming you’ve got the money. Takes care of portion size issues too, drastically reducing appetite. 

Science of them: https://t.co/OjhT5AbLGD",en,1,0,1,0,2248,"<a href=""http://twitter.com/download/iphone"" rel=""nofollow"">Twitter for iPhone</a>",https://x.com/joelteply/status/1724207357251502104,False,True,2026-04-08T22:15:31.593095+00:00
1724201188088799303,mounjaro_weight,mounjaro,weight,2023-11-13T23:02:52+00:00,stever274,Steve,@jimcramer Take it from someone who lost 180 LBs. although not from the Mounjaro drug.  Just watching sodium intake.,en,2,0,0,1,36,"<a href=""http://twitter.com/download/iphone"" rel=""nofollow"">Twitter for iPhone</a>",https://x.com/stever274/status/1724201188088799303,False,True,2026-04-08T22:15:31.593095+00:00
1724177464186831230,mounjaro_weight,mounjaro,weight,2023-11-13T21:28:35+00:00,diaTribeNews,The diaTribe Foundation,"After much anticipation, the diabetes medication Mounjaro is now approved under the name Zepbound to treat overweight and obesity. At the highest dose, Zepbound led to weight loss of up to 48 pounds. Read more - https://t.co/XQPaFAsDv0 https://t.co/bXlP0by4Wn",en,1,2,4,1,1089,"<a href=""https://www.later.com"" rel=""nofollow"">Later Media</a>",https://x.com/diaTribeNews/status/1724177464186831230,False,False,2026-04-08T22:15:31.594091+00:00
1724146125785964574,mounjaro_weight,mounjaro,weight,2023-11-13T19:24:04+00:00,fitsuda93,Sam,Have lost 5 lbs. Still binge eating. Starting Mounjaro by the end of the week hopefully!,en,0,0,0,0,48,"<a href=""http://twitter.com/download/iphone"" rel=""nofollow"">Twitter for iPhone</a>",https://x.com/fitsuda93/status/1724146125785964574,False,False,2026-04-08T22:15:31.594091+00:00
1724042109810839601,mounjaro_weight,mounjaro,weight,2023-11-13T12:30:44+00:00,BrandnerLynn,Lynn Brandner,@FoxNews @foxandfriends It works! Took Mounjaro for a little under one year.  A1C dropped from 7.2 to 5.6-- now non-diabetic! Been diabetic for over 25 years. Never had such a reading!!!!! Weight loss 38 lbs on Mounjaro!!!! Cut BP meds in half. Next will be statin.  I feel great.,en,0,0,2,0,98,"<a href=""http://twitter.com/download/android"" rel=""nofollow"">Twitter for Android</a>",https://x.com/BrandnerLynn/status/1724042109810839601,False,True,2026-04-08T22:15:31.594091+00:00
1724015915333800171,mounjaro_weight,mounjaro,weight,2023-11-13T10:46:39+00:00,beingreiki1,BeingReiki with Chris,So far I have lost almost 60 lbs on Mounjaro.,en,0,0,0,0,99,"<a href=""http://twitter.com/download/iphone"" rel=""nofollow"">Twitter for iPhone</a>",https://x.com/beingreiki1/status/1724015915333800171,False,False,2026-04-08T22:15:31.594091+00:00
1723747923132096869,mounjaro_weight,mounjaro,weight,2023-11-12T17:01:45+00:00,MatthewRehrl,Matthew Rehrl MD 🖋,"@MichaelAlbertMD I recently ran across an experienced PCP that wouldn’t refill Mounjaro on a patient who had achieved 80 lbs at loss and effective “reversal” of diabetes (HgA1C of 5.4) with no side effects.  The reason?  “It is an injectable.” 😔
A lack curiosity in a physician isn’t good.",en,1,0,2,0,500,"<a href=""http://twitter.com/download/iphone"" rel=""nofollow"">Twitter for iPhone</a>",https://x.com/MatthewRehrl/status/1723747923132096869,False,True,2026-04-08T22:15:31.594091+00:00
1723521435317211440,mounjaro_weight,mounjaro,weight,2023-11-12T02:01:46+00:00,sven_piek,Sven Peake,"@kwok_xian I'm on Mounjaro and have lost about 40 lbs so far. Slowly (which is okay, of course). And my A1c has come down to a normal level.",en,1,0,1,0,154,"<a href=""https://mobile.twitter.com"" rel=""nofollow"">Twitter Web App</a>",https://x.com/sven_piek/status/1723521435317211440,False,True,2026-04-08T22:15:31.594091+00:00
1723485303778726113,mounjaro_weight,mounjaro,weight,2023-11-11T23:38:11+00:00,jlr3,Justin the Bernt,"@kwok_xian I’m on Mounjaro, a similar drug. I’ve lost 25 lbs in just over 3 months. My wife has been on it longer and has lost over 80lbs. She had tried Ozempic before that and it was not as helpful and the side effects bothered her much more.",en,0,0,0,0,50,"<a href=""http://twitter.com/download/iphone"" rel=""nofollow"">Twitter for iPhone</a>",https://x.com/jlr3/status/1723485303778726113,False,True,2026-04-08T22:15:31.594091+00:00
1723466275584655483,mounjaro_weight,mounjaro,weight,2023-11-11T22:22:35+00:00,LeolucaRandisi,Leoluca Randisi 🇺🇦,@MikeSalvatore10 Congratulations! I'm on mounjaro I lost over 30 pounds so far! It's not a magic medication I still have to exercise and eat healthy! I'm diabetic but my numbers are normal now!,en,1,0,2,0,48,"<a href=""http://twitter.com/download/android"" rel=""nofollow"">Twitter for Android</a>",https://x.com/LeolucaRandisi/status/1723466275584655483,False,True,2026-04-08T22:15:31.595087+00:00
1723446243710427143,mounjaro_weight,mounjaro,weight,2023-11-11T21:02:59+00:00,NickCAdams,Patriot Dad ❤️✝️🇺🇸,"I had struggles with my weight for several years. I ended up being borderline diabetic. My A1C was 6.2. 

My Dr put me on MounJaro around 5 months ago. It has been absolutely incredible. I have lost a total of 83 lbs. My A1C is now 5.3. I feel amazing!

I start a maintenance dose this week. Instead of doing a shot once a week I will do a shot every 2 weeks. 

Anyone who is borderline diabetic and overweight check with your doctor. It really is amazing.",en,4,0,6,0,308,"<a href=""http://twitter.com/download/iphone"" rel=""nofollow"">Twitter for iPhone</a>",https://x.com/NickCAdams/status/1723446243710427143,False,False,2026-04-08T22:15:31.595087+00:00
1723427823338099176,mounjaro_weight,mounjaro,weight,2023-11-11T19:49:47+00:00,Kim_Wolfe63,JourneyBleu | Sleeves Up! 🏳️‍🌈🌊🗳✌️📚✍🏻🏈,"@kwok_xian I'm on a similar injectable - Mounjaro - for my diabetes. I've lost approximately 30-35 pounds so far. Drawbacks are nausea (mine lasts 1-3 days) and bowel issues (varying types/days). Positive is my A1c is down, sugar controlled, weight loss.",en,1,0,8,0,341,"<a href=""https://mobile.twitter.com"" rel=""nofollow"">Twitter Web App</a>",https://x.com/Kim_Wolfe63/status/1723427823338099176,False,True,2026-04-08T22:15:31.595087+00:00
1723409094743409050,mounjaro_weight,mounjaro,weight,2023-11-11T18:35:22+00:00,dcsalaverry,davidcarlosalaverry,@realTrentLeisy Trump has lost at least 30 pounds. Probably Mounjaro.,en,1,0,0,0,123,"<a href=""https://mobile.twitter.com"" rel=""nofollow"">Twitter Web App</a>",https://x.com/dcsalaverry/status/1723409094743409050,False,True,2026-04-08T22:15:32.506911+00:00
1723312029119734116,mounjaro_weight,mounjaro,weight,2023-11-11T12:09:39+00:00,zipjet,zipjet,"MOUNJARO LOG – 5 mg Week 17, Days 114-120

Injections (Shots on days 0, 11, 28, 61, 88, 117).
Shot deltas: 11, 17, 33, 27, 29

Weight 212.4 Loss 2.9 Cumulative loss 37.6 pounds.
Trailing 4-week average weight loss per week, 1.2 pounds.

Model Projected burn: 2,200 no exercise beyond normal, none.

Calorie intake average: 1,127

Diet: Proteins, fiber, Strawberries and Blueberries.

Effects: Appetite Satiation good.

Adverse effects: After shot on day 117 nausea, gas, two days of sleep disruption, gas, burping.

Sleep factors: Normalized day 119

4-week trailing avg loss  -1.2",en,1,0,1,0,392,"<a href=""https://mobile.twitter.com"" rel=""nofollow"">Twitter Web App</a>",https://x.com/zipjet/status/1723312029119734116,False,True,2026-04-08T22:15:32.506911+00:00
1723137752311751093,mounjaro_weight,mounjaro,weight,2023-11-11T00:37:09+00:00,Ed_Realist,EdReal,"and yes, I have introduced a few more of the fabulous Whites founds into my diet because I have lost 25% of my total body weight since September 2021 and 20% of my total body weight since July 2022, when I went on Mounjaro. So great that I pay for it myself.",en,2,0,2,0,281,"<a href=""https://mobile.twitter.com"" rel=""nofollow"">Twitter Web App</a>",https://x.com/Ed_Realist/status/1723137752311751093,False,True,2026-04-08T22:15:32.506911+00:00
1723116466881642815,mounjaro_weight,mounjaro,weight,2023-11-10T23:12:34+00:00,ShutNews,SHUT News,"U.S. FDA Approves New Version of Diabetes Drug Mounjaro for Weight Loss: New diabetes drug Zepbound, also known as tirzepatide, can be sold as a weight-loss drug, helping dieters lose 40-60 pounds. https://t.co/U2P7INffi3 #Hypertension #Medication #Hormone #Sideeffect",en,0,0,1,0,50,"<a href=""https://dlvrit.com/"" rel=""nofollow"">dlvr.it</a>",https://x.com/ShutNews/status/1723116466881642815,False,False,2026-04-08T22:15:32.506911+00:00
1723079591651401755,mounjaro_weight,mounjaro,weight,2023-11-10T20:46:02+00:00,FlyteHealth,FlyteHealth,"This @nytimes article highlights the groundbreaking #ObesityMedicine research study of Dr. Ania Jastreboff, Intellihealth clinical advisor, on tirzepatide and how half the patients lost at least 20% of their body weight. https://t.co/RjqQgG1MIj",en,0,0,0,0,39,"<a href=""https://mobile.twitter.com"" rel=""nofollow"">Twitter Web App</a>",https://x.com/FlyteHealth/status/1723079591651401755,False,False,2026-04-08T22:15:32.507907+00:00
1723007919233417671,mounjaro_weight,mounjaro,weight,2023-11-10T16:01:14+00:00,TrendRiderAI,TrendRider.ai,"Lose up to 60 lbs with FDA-approved Mounjaro! Say goodbye to old weight woes. #WeightLoss #MounjaroMagic #HealthTransformation
#ai Create your own videos for free at https://t.co/9BN6w6wjI6 #TrendRiderAI https://t.co/iHp82lX72l",en,0,0,0,0,56,"<a href=""https://www.ayrshare.com"" rel=""nofollow"">Ayrshare</a>",https://x.com/TrendRiderAI/status/1723007919233417671,False,False,2026-04-08T22:15:32.507907+00:00
1722820291267580039,mounjaro_weight,mounjaro,weight,2023-11-10T03:35:40+00:00,AlanRoberts,Alan Roberts,"They can never refute what I say because I use their actual data so they instead imply I should not be able to say it.

The reality is Tirzepatide, by their own website produces an average weight loss of .669 pounds a week at an average cost of ~$400 per pound in cost in their 72 week study with an extremely high side effect profile. This still leaves the average female participant morbidly obese. This also is according to their own studies and their own website.",en,10,8,52,0,8222,"<a href=""http://twitter.com/download/iphone"" rel=""nofollow"">Twitter for iPhone</a>",https://x.com/AlanRoberts/status/1722820291267580039,False,False,2026-04-08T22:15:32.507907+00:00
1722675485627564286,mounjaro_weight,mounjaro,weight,2023-11-09T18:00:16+00:00,AlanRoberts,Alan Roberts,The FDA Has Approved Tirzepatide For Obesity | How Effective Is It? https://t.co/o8kvGiv3ZZ,en,1,1,6,1,9051,"<a href=""http://erased8036141_052BSwz4Zo.com"" rel=""nofollow"">erased8036141_052BSwz4Zo</a>",https://x.com/AlanRoberts/status/1722675485627564286,False,False,2026-04-08T22:15:32.507907+00:00
1722728610048463059,mounjaro_weight,mounjaro,weight,2023-11-09T21:31:22+00:00,HayekAndKeynes,The Long View,"Another fat pill for all the gluttons 

“US and UK regulators approved a new weight-loss drug from Eli Lilly. Zepbound, a version of diabetes drug Mounjaro, helped people lose as much as 40-60 lbs (18-27 kg) in controlled studies.”",en,1,0,34,0,6414,"<a href=""http://twitter.com/download/iphone"" rel=""nofollow"">Twitter for iPhone</a>",https://x.com/HayekAndKeynes/status/1722728610048463059,False,False,2026-04-08T22:15:32.507907+00:00
1722726790978785464,mounjaro_weight,mounjaro,weight,2023-11-09T21:24:08+00:00,JasonCafer,Jason Cafer MD,"""Zeps bound lose pounds"".  #tirzepatide #Zepbound approved for weight loss. Mnemonic mascots and interaction avatars.
https://t.co/Nvl1KCtfpl https://t.co/jtB9LqJdxd",en,0,0,0,0,153,"<a href=""https://mobile.twitter.com"" rel=""nofollow"">Twitter Web App</a>",https://x.com/JasonCafer/status/1722726790978785464,False,False,2026-04-08T22:15:32.507907+00:00
1722710712345035119,mounjaro_weight,mounjaro,weight,2023-11-09T20:20:14+00:00,ThekraTm,Thekra,"@dontvvexme I took mounjaro pens, it reduced my appetite numerously, so, i lost weight plus exercise helped me too. Also, i did eye lesser so no glasses made look hella different and i do skin care daily without skipping a day. That’s it for now but I’m willing to do more.",en,0,0,0,0,140,"<a href=""http://twitter.com/download/iphone"" rel=""nofollow"">Twitter for iPhone</a>",https://x.com/ThekraTm/status/1722710712345035119,False,False,2026-04-08T22:15:32.507907+00:00
1722678219831218337,mounjaro_weight,mounjaro,weight,2023-11-09T18:11:08+00:00,Karareiy,We're meant to be,"""Mounjaro, or tirzepatide, makes you feel fuller so you eat less.

In trials, people on it have lost a fifth of their body weight and UK regulators now say it is safe and effective enough to be sold and prescribed in the UK.""",en,0,0,0,0,87,"<a href=""http://twitter.com/download/android"" rel=""nofollow"">Twitter for Android</a>",https://x.com/Karareiy/status/1722678219831218337,False,False,2026-04-08T22:15:32.508905+00:00
1722614796116488521,mounjaro_weight,mounjaro,weight,2023-11-09T13:59:06+00:00,BBCWorld,BBC News (World),Mounjaro obesity jab authorised in UK https://t.co/QPM01V3r0D,en,65,22,103,5,182208,"<a href=""http://www.socialflow.com"" rel=""nofollow"">SocialFlow</a>",https://x.com/BBCWorld/status/1722614796116488521,False,False,2026-04-08T22:15:32.508905+00:00
1722648592018755768,mounjaro_weight,mounjaro,weight,2023-11-09T16:13:24+00:00,bnguyen11,Tien Nguyen,"The U.S. Food and Drug Administration approved Eli Lilly’s Zepbound, or tirzepatide. The drug helped dieters lose about a quarter of their body weight, or 60 pounds, in a recent study.",en,0,0,0,0,26,"<a href=""http://twitter.com/download/iphone"" rel=""nofollow"">Twitter for iPhone</a>",https://x.com/bnguyen11/status/1722648592018755768,False,False,2026-04-08T22:15:32.508905+00:00
1722647108577014053,mounjaro_weight,mounjaro,weight,2023-11-09T16:07:30+00:00,jgitchell,Joe Gitchell,"Cool progress--and includes input from @askdrfatima !

Tirzepatide Approved for Obesity: Will Competition Help? - ConscienHealth https://t.co/VVwtlBIRi3",en,0,2,5,0,508,"<a href=""https://mobile.twitter.com"" rel=""nofollow"">Twitter Web App</a>",https://x.com/jgitchell/status/1722647108577014053,False,False,2026-04-08T22:15:32.508905+00:00
1722620558209319309,mounjaro_weight,mounjaro,weight,2023-11-09T14:22:00+00:00,wsls,WSLS 10,"The drug, also known as tirzepatide, helped dieters lose as much as 40 to 60 pounds in testing. https://t.co/cnrCxFvO2X",en,0,0,0,0,489,"<a href=""https://www.socialnewsdesk.com"" rel=""nofollow"">Social News Desk (H)</a>",https://x.com/wsls/status/1722620558209319309,False,False,2026-04-08T22:15:32.509905+00:00
1722610205186576887,mounjaro_weight,mounjaro,weight,2023-11-09T13:40:52+00:00,barker_len44388,Lenola Barker,"LENOLA here I currently weigh 150 , I have lost a lot of weight.  I just started taking mounjaro yesterday. After I finish the four doses I will start on Ozempic.",en,0,0,0,0,14,"<a href=""https://mobile.twitter.com"" rel=""nofollow"">Twitter Web App</a>",https://x.com/barker_len44388/status/1722610205186576887,False,False,2026-04-08T22:15:32.509905+00:00
1722600174868983828,mounjaro_weight,mounjaro,weight,2023-11-09T13:01:00+00:00,TribLIVE,TribLIVE.com,"The Food and Drug Administration approved Eli Lilly’s drug, named Zepbound. The drug, also known as tirzepatide, helped dieters lose as much as 40 to 60 pounds in testing.  
https://t.co/TXFuegYURG",en,0,0,0,0,1437,"<a href=""https://sproutsocial.com"" rel=""nofollow"">Sprout Social</a>",https://x.com/TribLIVE/status/1722600174868983828,False,False,2026-04-08T22:15:32.509905+00:00
1722495212314845508,mounjaro_weight,mounjaro,weight,2023-11-09T06:03:55+00:00,DimitriLyon,Dimitri Lyon,@shawnwenzel Yes. I know about Ozempic. The research shows that participants lost significantly more weight on Mounjaro. It will eventually outshine Ozempic.,en,0,0,1,0,35,"<a href=""http://twitter.com/download/iphone"" rel=""nofollow"">Twitter for iPhone</a>",https://x.com/DimitriLyon/status/1722495212314845508,False,True,2026-04-08T22:15:32.509905+00:00
1722451114518315162,mounjaro_weight,mounjaro,weight,2023-11-09T03:08:41+00:00,RichVeith,Rich,"@Citrini7 It’s so damn good.  I lost 40lbs in 5 months on Mounjaro, maybe worked out 5 times and just lifted to try and maintain muscle.  Felt absolutely amazing not thinking about food all day",en,0,0,4,0,531,"<a href=""http://twitter.com/download/iphone"" rel=""nofollow"">Twitter for iPhone</a>",https://x.com/RichVeith/status/1722451114518315162,False,True,2026-04-08T22:15:33.486788+00:00
1722445519002489107,mounjaro_weight,mounjaro,weight,2023-11-09T02:46:27+00:00,TaylorJRosa,Taylor Rosa,"@EliLillyandCo Hello, I’m an executive producer and Director and someone who’s been on Mounjaro for over a year I lost over 100lbs . I’m reaching out because I was wondering if I can be a real patient testimonial in your upcoming commercial for Zepbound , or who my agents have to reach out to so I can get screen time with you guys because I am a remarkable story of how effective tirzepatide really is for cardiovascular and diabetic and obesity related patients please forward my inquiry to the proper chain of command….. https://t.co/RBbragwPFE",en,0,0,0,0,55,"<a href=""http://twitter.com/download/iphone"" rel=""nofollow"">Twitter for iPhone</a>",https://x.com/TaylorJRosa/status/1722445519002489107,False,False,2026-04-08T22:15:33.486788+00:00
1722434368558473279,mounjaro_weight,mounjaro,weight,2023-11-09T02:02:09+00:00,MFU007,Ming Dynasty,"Eli Lily's weight-loss drug has received FDA approval. Sold under the brand name, Zepbound, it is a variation on the existing diabetes-2 drug Mounjaro. It has been shown to reduce body weight by 20% on average. The most effective drug of this class so far.

Its extra effectiveness stems from the combination of two acting ingredients. One mimics GLP-1, a hormone that prompts insulin secretion and suppresses appetite, the same acting ingredient in Novo Nordisk's weight loss drug, Wegove. The second ingredient mimics GIP, a gut hormone. Although GIP has a more modest effect when given alone, it amplified GLP-1’s effect when the two hormone mimics were combined.

This approval will help ease the current supply constraint on this class of drugs, as well as introduce  price competition. Meanwhile the company has already started working on a pill version, which will be more user-friendly and cheaper to manufacture. #Health",en,1,0,0,0,180,"<a href=""http://twitter.com/download/android"" rel=""nofollow"">Twitter for Android</a>",https://x.com/MFU007/status/1722434368558473279,False,False,2026-04-08T22:15:33.486788+00:00
1722418787301941487,mounjaro_weight,mounjaro,weight,2023-11-09T01:00:14+00:00,NBCNewYork,NBC New York,"The FDA approved Eli Lilly's Zepbound, or tirzepatide, which helped dieters lose up to 52 pounds in a recent study
https://t.co/6lncq00JrZ",en,1,0,2,0,2531,"<a href=""http://www.socialflow.com"" rel=""nofollow"">SocialFlow</a>",https://x.com/NBCNewYork/status/1722418787301941487,False,False,2026-04-08T22:15:33.486788+00:00
1722416616166604819,mounjaro_weight,mounjaro,weight,2023-11-09T00:51:36+00:00,vichirodas,Fabian Rodas,"FDA approved: Tirzepatide (Zepbound)- for obesity (BMI &gt; 30), or overweight (BMI &gt; 27) and HTN, T2DM, OSA and CVD.
In SURMOUNT-1, included 2,539 adults with obesity, ➡️ significant wt loss benefit compared with placebo at 72 weeks. At 15 mg dose, people
lost on average 48 lb.",en,0,0,5,0,364,"<a href=""http://twitter.com/download/iphone"" rel=""nofollow"">Twitter for iPhone</a>",https://x.com/vichirodas/status/1722416616166604819,False,False,2026-04-08T22:15:33.486788+00:00
1722408792883683806,mounjaro_weight,mounjaro,weight,2023-11-09T00:20:31+00:00,CBSEveningNews,CBS Evening News with Tony Dokoupil,"The FDA has approved a revamped version of the diabetes drug Mounjaro for chronic weight management, with patients on the highest dose shedding an average of 48 pounds in trials. https://t.co/z8xg8GB3P2 https://t.co/49rIx8u4KY",en,6,7,25,1,20297,"<a href=""http://erased5453594_hVlGGJsB34.com"" rel=""nofollow"">erased5453594_hVlGGJsB34</a>",https://x.com/CBSEveningNews/status/1722408792883683806,False,False,2026-04-08T22:15:33.486788+00:00
1722402213346398599,mounjaro_weight,mounjaro,weight,2023-11-08T23:54:23+00:00,big_gelatin,gelo,@browserdotsys the pitch is that you’ll drop pounds the same way mounjaro linux drops users,en,0,0,0,0,51,"<a href=""https://mobile.twitter.com"" rel=""nofollow"">Twitter Web App</a>",https://x.com/big_gelatin/status/1722402213346398599,False,False,2026-04-08T22:15:33.487784+00:00
1722392362234658956,mounjaro_weight,mounjaro,weight,2023-11-08T23:15:14+00:00,wvua23,WVUA 23,"The U.S. Food and Drug Administration approved Eli Lilly’s drug, named Zepbound. The drug, also known as tirzepatide, helped dieters lose as much as 40 to 60 pounds in testing.

https://t.co/5FhbhbWH4c",en,0,0,1,0,493,"<a href=""https://www.hootsuite.com"" rel=""nofollow"">Hootsuite Inc.</a>",https://x.com/wvua23/status/1722392362234658956,False,False,2026-04-08T22:15:33.487784+00:00
1722372948936315021,mounjaro_weight,mounjaro,weight,2023-11-08T21:58:05+00:00,AlanRoberts,Alan Roberts,Mounjaro was just approved for weight loss by the FDA. The “miracle drug” boasts results of an average loss of .669 pounds a week for 72 weeks on average which is very weak IMO. This still leaves most people in the study obese at a high dollar cost and very high risk profile. https://t.co/5kRJmPC3MC,en,14,4,26,2,5638,"<a href=""http://twitter.com/download/iphone"" rel=""nofollow"">Twitter for iPhone</a>",https://x.com/AlanRoberts/status/1722372948936315021,False,False,2026-04-08T22:15:33.487784+00:00
1722319680570900975,mounjaro_weight,mounjaro,weight,2023-11-08T18:26:25+00:00,BasuAshis,Ashis Basu 🇨🇦 ashis.bluesky.social,"The U.S. Food and Drug Administration approved Eli Lilly’s Zepbound, or tirzepatide. The drug helped dieters lose about a quarter of their body weight, or 60 pounds (27 kilograms), in a recent study. ⁦@JoNel_Aleccia⁩ 

Is this a good idea?  https://t.co/YmCBimlWMh",en,0,0,0,0,131,"<a href=""http://twitter.com/download/iphone"" rel=""nofollow"">Twitter for iPhone</a>",https://x.com/BasuAshis/status/1722319680570900975,False,False,2026-04-08T22:15:33.487784+00:00
1722318448116523126,mounjaro_weight,mounjaro,weight,2023-11-08T18:21:31+00:00,garyblack00,Gary Black,"$LLY +1.5% to $609 after FDA approved tirzepatide (GLP-1) for weight loss under the trade name Zepbound.  This expands the TAM for the drug already sold under the Mounjaro brand name for LLY’s diabetes 2 treatment.  In trials, the average person on Zepbound for weight reduction lost on avg 48 lbs at highest dose (18% of starting weight), and 34 lbs at lowest dose. https://t.co/6pqURt1lgJ",en,5,7,39,0,21216,"<a href=""http://twitter.com/download/iphone"" rel=""nofollow"">Twitter for iPhone</a>",https://x.com/garyblack00/status/1722318448116523126,False,False,2026-04-08T22:15:33.487784+00:00
1722317974516666812,mounjaro_weight,mounjaro,weight,2023-11-08T18:19:38+00:00,TrimClinic,The Real Me TRiM Clinic,From a client: “Check this 45 day difference with The Real Me TRiM Clinic. I lost 30lbs to date with the help of diet &amp; exercise. I’ve been on Tirzepatide for 3.5 months.” Visit us in Rutherfordton NC  or  Lake Mary FL. Contact info in profile. https://t.co/qLS1ycJ9Rz,en,0,1,7,0,509,"<a href=""http://twitter.com/download/iphone"" rel=""nofollow"">Twitter for iPhone</a>",https://x.com/TrimClinic/status/1722317974516666812,False,False,2026-04-08T22:15:33.487784+00:00
1722317908905214385,mounjaro_weight,mounjaro,weight,2023-11-08T18:19:23+00:00,MedPipeline,MedPipeline,"FDA Approves Zepbound (tirzepatide) for Chronic Weight Management - In studies, at the highest dose (15 mg), people taking #Zepbound lost on average 48 lb., while at the lowest dose (5 mg), people lost on average 34 lb. (compared to 7 lb. on placebo). https://t.co/OXFmrbdJ2E",en,0,0,0,0,119,"<a href=""https://mobile.twitter.com"" rel=""nofollow"">Twitter Web App</a>",https://x.com/MedPipeline/status/1722317908905214385,False,False,2026-04-08T22:15:33.487784+00:00
1722317301653930458,mounjaro_weight,mounjaro,weight,2023-11-08T18:16:58+00:00,AP_FDAwriter,Matthew Perrone,"Mounjaro helped dieters lose about a quarter of their body weight, or 60 pounds, in a recent study. https://t.co/LRvy4vOfX8",en,0,0,0,0,196,"<a href=""https://mobile.twitter.com"" rel=""nofollow"">Twitter Web App</a>",https://x.com/AP_FDAwriter/status/1722317301653930458,False,False,2026-04-08T22:15:33.487784+00:00
1722312998444806365,mounjaro_weight,mounjaro,weight,2023-11-08T17:59:52+00:00,AIStockSavvy,Hardik Shah,"📣 JUST IN: FDA Approves Eli Lilly's Tirzepatide for Weight Loss $LLY $UNH $NVO $JNJ $MRK $ABBV $NVS $AZN $TMO $PFE $ABT

Key Details:

✅ FDA greenlights Eli Lilly's drug tirzepatide, under the name Zepbound, for chronic weight management.

✅ Tirzepatide is already in use for Type 2 diabetes as Mounjaro since May 2022.

✅ Approval extends use to adults with obesity or overweight with weight-related conditions.

✅ The drug's approval could intensify competition in the burgeoning obesity drug market.

✅ Tirzepatide functions by activating hormones that reduce appetite and slow stomach emptying.

Context/Background:

For those new to the topic, the FDA's approval of tirzepatide marks a significant expansion in the use of a drug that has already made waves in diabetes treatment, now stepping into the weight management arena.

Why This Matters:

This is a game-changer because it could reshape the landscape of obesity treatment, offering a new pharmacological option for a condition affecting millions and linked to serious health risks.

Market Insights:

📊 With obesity affecting a vast global population, the approval of Zepbound could significantly impact the health sector, potentially growing the obesity drug market to a $100 billion industry by 2030.

Expert Opinions:

🗨️ ""This FDA approval is a milestone in medical obesity treatment and represents a major step forward for public health."" - Dr. John Sharretts, FDA

🗨️ What analysts are saying: Eli Lilly's entry into the weight management market may signal a shift in the competitive dynamics, especially against Novo Nordisk.

Impact & Recommendations:

✅ How this could change healthcare: Increased drug options for weight loss may improve treatment outcomes for obesity and related conditions.

✅ Recommendations: Monitor how the availability of Zepbound influences obesity treatment trends and healthcare strategies.

🔄 Keep following for real-time updates on this impactful story. Don’t forget to like, retweet, and turn on notifications for the latest healthcare insights.",en,0,0,0,0,616,"<a href=""https://mobile.twitter.com"" rel=""nofollow"">Twitter Web App</a>",https://x.com/AIStockSavvy/status/1722312998444806365,False,False,2026-04-08T22:15:33.487784+00:00
1722254807753474256,mounjaro_weight,mounjaro,weight,2023-11-08T14:08:38+00:00,DrPlantel,"Nisha Patel, MD MS, Dipl of ABOM, CCMS",“I finally feel like I have control around food. I don’t want to over eat. I make healthier choices because I see the progress &amp; improvements in my health. I finally feel free” - patient on Mounjaro,en,4,2,43,2,13253,"<a href=""http://twitter.com/download/iphone"" rel=""nofollow"">Twitter for iPhone</a>",https://x.com/DrPlantel/status/1722254807753474256,False,False,2026-04-08T22:15:33.488780+00:00
1722249009262370880,mounjaro_weight,mounjaro,weight,2023-11-08T13:45:36+00:00,womenoptionswin,Abundantly Erica - Stock Options + Investing,"@DefiningWealth I ate 1400 cals a day for year and only gained.

I have thyroid disease, PCOS, and PPMD, all which cause weight gain.

Started taking Mounjaro and it’s been a lifesaver. I’m now down 15 pounds, with the same habits I had before.",en,1,0,0,0,71,"<a href=""http://twitter.com/download/iphone"" rel=""nofollow"">Twitter for iPhone</a>",https://x.com/womenoptionswin/status/1722249009262370880,False,True,2026-04-08T22:15:33.488780+00:00
1722054238065332473,mounjaro_weight,mounjaro,weight,2023-11-08T00:51:39+00:00,emiluzelac,Emil Uzelac,"Breaking Down Diabetes Treatment: Tirzepatide vs Insulin Lispro

In the world of Type 2 Diabetes management, two contenders step into the ring: Tirzepatide and Insulin Lispro. The SURPASS-6 trial reveals which one packs the better punch in controlling blood sugar levels and shedding those extra pounds. Get ready for a showdown!

Insulin therapy has been a go-to treatment for Type 2 Diabetes, especially for patients with long-standing diabetes and insufficient blood sugar control despite other treatments. Recent guidelines suggest adding injectable incretin-related therapies like glucagon-like peptide-1 receptor agonists (GLP-1 RAs) for glycemic control, instead of basal insulin, when oral medications aren't enough. However, due to cost and other factors, basal insulins are still commonly prescribed.

Tirzepatide, a once-weekly glucose-dependent insulinotropic polypeptide and GLP-1 RA, has shown promise. In the SURPASS clinical trial program, it significantly reduced glycated hemoglobin A1c (HbA1c) levels and led to impressive weight loss. The SURPASS-6 trial specifically looked at adding Tirzepatide to background basal insulin compared to thrice-daily Insulin Lispro in adults with poorly controlled Type 2 Diabetes receiving basal insulin.

The results? Tirzepatide came out swinging. Participants on Tirzepatide saw significant drops in HbA1c, with more of them reaching target levels. They also experienced substantial weight loss. This combo delivered a one-two punch with fewer hypoglycemic episodes, making it a strong contender for diabetes management.

On top of that, Tirzepatide also allowed participants to reduce their basal insulin doses. Weight loss and improved insulin sensitivity likely contributed to this insulin sparing effect. This is a game-changer, simplifying treatment regimens and reducing the risk of hypoglycemia.

The unequivocal conclusion is this: Tirzepatide offers a promising alternative to insulin Lispro for Type 2 Diabetes management. It not only helps control blood sugar but also sheds those extra pounds, potentially changing the game in the fight against diabetes.

https://t.co/smlmuIzKIO

#DiabetesTreatment #Tirzepatide #InsulinLispro #Type2Diabetes",en,0,0,2,0,456,"<a href=""https://mobile.twitter.com"" rel=""nofollow"">Twitter Web App</a>",https://x.com/emiluzelac/status/1722054238065332473,False,False,2026-04-08T22:15:33.488780+00:00
1722001994234093717,mounjaro_weight,mounjaro,weight,2023-11-07T21:24:03+00:00,DeadBombArt,🦇 Dead Bomb Art 🦇,"@KayannaStardust @SilverSapphire9 Same!
The only reason I've been able to qualify for mounjaro is because I'm technically type 1 and type 2. 

It's been wonders for my sugar levels and appetite. I went from using 150 units ever 3 days to needing about 60 units every 3 days in my pod.",en,0,0,0,0,51,"<a href=""http://twitter.com/download/android"" rel=""nofollow"">Twitter for Android</a>",https://x.com/DeadBombArt/status/1722001994234093717,False,True,2026-04-08T22:15:34.302348+00:00
1721989491370467460,mounjaro_weight,mounjaro,weight,2023-11-07T20:34:22+00:00,Debsaid2017,Debra O'Toole-Brooks,@QueenofBeez88 @WickstromDj @sweatsntopknots @MounjaroHCP It’s not working for me so disappointed been on Semuglide since April  didn’t lose any weight and no side effects. Started Mounjaro 6 weeks ago haven’t lost any Weight still have appetite,en,0,0,2,0,133,"<a href=""http://twitter.com/download/iphone"" rel=""nofollow"">Twitter for iPhone</a>",https://x.com/Debsaid2017/status/1721989491370467460,False,False,2026-04-08T22:15:34.302348+00:00
1721743221163008426,mounjaro_weight,mounjaro,weight,2023-11-07T04:15:47+00:00,refcsp,Pascal Pythagoras🇺🇲🇮🇱Mega ULTRA Nuclear MAGA!!,"I have a brother who was 170 lbs overweight.  Been on Mounjaro for 10 weeks and is 35 lbs down. He is 58, plagued with severe bone-on-bone osteoarthritis, and thus exercise is out except water workouts, but lives in a colder rural locale with no indoor public pool. Has tried every diet out there. Weight watchers, keto, south beach, atkins, caloric intake, etc. He must lose at least 120 lbs to be eligible for knee replacement surgery. He says Mounjaro has changed his brain chemistry and his relationship with food. Always feels full and satisfied. Does not have sweet cravings. Eats very little, and when he does its small amount of protein. This has saved his life and will improve his life significantly if he gets knee replacements. Says he has no side effects. Seeing it first hand makes me hopeful, but each case should make their own decisions.",en,2,0,22,0,6870,"<a href=""http://twitter.com/download/android"" rel=""nofollow"">Twitter for Android</a>",https://x.com/refcsp/status/1721743221163008426,False,True,2026-04-08T22:15:34.302348+00:00
1721554340865863769,mounjaro_weight,mounjaro,weight,2023-11-06T15:45:14+00:00,LeolucaRandisi,Leoluca Randisi 🇺🇦,@healingroomasmr Is it no sugar cleanse or all bad artificial food? On Mounjaro I went over a month not eating sugar eating a healthy diabetic diet and exercising! I went from 275 pounds to 243 pounds! I gotta buy all new clothes!,en,1,0,2,0,67,"<a href=""http://twitter.com/download/android"" rel=""nofollow"">Twitter for Android</a>",https://x.com/LeolucaRandisi/status/1721554340865863769,False,True,2026-04-08T22:15:34.302348+00:00
1721551224162672915,mounjaro_weight,mounjaro,weight,2023-11-06T15:32:51+00:00,KevinH_PhD,Kevin Hall,"For example, here are the simulations and data for tirzepatide 10 mg showing a plateau long after 1 yr. The model simulated the dose escalation followed by a constant effect of the drug to decrease energy intake. But I also had to add a ~50% weakening of the appetite feedback. https://t.co/wsQvv3wa6T",en,1,1,16,0,1856,"<a href=""https://mobile.twitter.com"" rel=""nofollow"">Twitter Web App</a>",https://x.com/KevinH_PhD/status/1721551224162672915,False,True,2026-04-08T22:15:34.302348+00:00
1721519827464958268,mounjaro_weight,mounjaro,weight,2023-11-06T13:28:05+00:00,ClaimBusterTM,ClaimBuster,Heard on #MSNBC: Plus people taking mounjaro... ...lost up to 25 pounds. #FactCheck,en,0,0,0,0,55,"<a href=""https://idir.uta.edu/claimbuster"" rel=""nofollow"">ClaimBuster v1</a>",https://x.com/ClaimBusterTM/status/1721519827464958268,False,False,2026-04-08T22:15:34.302348+00:00
1721309419122630659,mounjaro_weight,mounjaro,weight,2023-11-05T23:32:00+00:00,PhlawlessPharm,phlawless pharm✨,@sassistheword I will say that I have been off mounjaro for almost a year now and I’ve not gained anything back (albeit not lost anymore),en,0,0,2,0,169,"<a href=""http://twitter.com/download/iphone"" rel=""nofollow"">Twitter for iPhone</a>",https://x.com/PhlawlessPharm/status/1721309419122630659,False,False,2026-04-08T22:15:34.302348+00:00
1721194708536291489,mounjaro_weight,mounjaro,weight,2023-11-05T15:56:11+00:00,drfaithhh_anne,"Faith Anne Heeren, PhD",@molly_mcdougle I started taking Mounjaro in May (I took different medications prior). Since May I’ve lost 20% of my initial body weight. I do believe my bariatric surgery is a major factor in being successful on the medications in my case!,en,0,0,0,0,91,"<a href=""http://twitter.com/download/iphone"" rel=""nofollow"">Twitter for iPhone</a>",https://x.com/drfaithhh_anne/status/1721194708536291489,False,False,2026-04-08T22:15:34.302348+00:00
1721164137105871027,mounjaro_weight,mounjaro,weight,2023-11-05T13:54:42+00:00,NatsRallyCat,NatsRallyCats 🐝🐾⚾️🐾🐝,"#Mounjaro is amazing. In 1 year: A1C fm 5.6 to 4.9. Lost &gt; 60 lbs slow and steady. Cholesterol down. Asthma, migraines, arthritis in remission. Liver health way better.  More people need access to this. May GLP-1 meds be affordable soon. https://t.co/2WFg2mTMaq",en,1,0,9,0,462,"<a href=""http://twitter.com/#!/download/ipad"" rel=""nofollow"">Twitter for iPad</a>",https://x.com/NatsRallyCat/status/1721164137105871027,False,False,2026-04-08T22:15:34.302348+00:00
1720838533861015601,mounjaro_weight,mounjaro,weight,2023-11-04T16:20:52+00:00,LeolucaRandisi,Leoluca Randisi 🇺🇦,@AsmrStarling Oh I've done Selfies like that especially when I was thin and at 175 pounds and was in love with the person looking back at me! always looking in the mirror! But I'm on Mounjaro I'm type 2 diabetic I lost over 30 pounds from 275 to 244 moving in the right direction!,en,0,1,1,0,137,"<a href=""http://twitter.com/download/android"" rel=""nofollow"">Twitter for Android</a>",https://x.com/LeolucaRandisi/status/1720838533861015601,False,True,2026-04-08T22:15:34.302348+00:00
1720758057938952663,mounjaro_weight,mounjaro,weight,2023-11-04T11:01:05+00:00,zipjet,zipjet,"MOUNJARO LOG – 5 mg Week 16, Days 107-113

Injections (Shots on days 0, 11, 28, 61, 88).

Weight 215.3 Loss 0.3 Cumulative loss 34.7 pounds.

Trailing 4-week average weight loss per week, 1.5 pounds.

Model Projected burn: 2,200 no exercise beyond normal, none.

Calorie intake average: 1,522

Diet: Proteins, fiber, Strawberries and Blueberries.

Effects: Appetite Satiation good.
Adverse effects: gas, burping.
Sleep factors: Normalized.
4-week trailing avg to -1.5",en,1,0,2,0,409,"<a href=""https://mobile.twitter.com"" rel=""nofollow"">Twitter Web App</a>",https://x.com/zipjet/status/1720758057938952663,False,True,2026-04-08T22:15:34.302348+00:00
1720639877417402420,mounjaro_weight,mounjaro,weight,2023-11-04T03:11:29+00:00,LeolucaRandisi,Leoluca Randisi 🇺🇦,@JoMaddenSports I'm type 2 diabetic on Mounjaro I lost over 30 pounds today was my cheat day LOL,en,1,1,1,0,113,"<a href=""http://twitter.com/download/android"" rel=""nofollow"">Twitter for Android</a>",https://x.com/LeolucaRandisi/status/1720639877417402420,False,True,2026-04-08T22:15:34.302348+00:00
1720592685453439119,mounjaro_weight,mounjaro,weight,2023-11-04T00:03:57+00:00,LeolucaRandisi,Leoluca Randisi 🇺🇦,@celainesasmr Tomorrow I'm being bad again I'm having McDonald's I don't usually eat bad I exercise 4 times a week I walk Monday Tuesday Thursday and Friday before the sun comes up! I usually eat a diabetic diet and I'm on Mounjaro Lost over 30 pounds just one of those weekends! https://t.co/1XGdzGG5Lf,en,0,1,0,0,102,"<a href=""http://twitter.com/download/android"" rel=""nofollow"">Twitter for Android</a>",https://x.com/LeolucaRandisi/status/1720592685453439119,False,True,2026-04-08T22:15:34.303345+00:00
1720190723054571994,mounjaro_weight,mounjaro,weight,2023-11-02T21:26:42+00:00,medicalhealthso,Medical Health Solutions,"Tirzepatide isn't a magic potion, but it's close. By suppressing your appetite and controlling your blood sugar, it becomes a powerful ally in your weight loss journey.  via: https://t.co/Ky5SBsCpKG",en,0,0,0,0,24,"<a href=""https://my.brightsocial.com"" rel=""nofollow"">Brght Social</a>",https://x.com/medicalhealthso/status/1720190723054571994,False,False,2026-04-08T22:15:34.303345+00:00
1720171088292798751,mounjaro_weight,mounjaro,weight,2023-11-02T20:08:41+00:00,medicalhealthso,Medical Health Solutions,Tirzepatide is a remarkable medication primarily used for weight loss. It's a secret ally that curbs your appetite and expertly controls your blood sugar levels.  via: https://t.co/e4qSbcE7IM,en,0,0,0,0,30,"<a href=""https://my.brightsocial.com"" rel=""nofollow"">Brght Social</a>",https://x.com/medicalhealthso/status/1720171088292798751,False,False,2026-04-08T22:15:34.303345+00:00
1720151779248108010,mounjaro_weight,mounjaro,weight,2023-11-02T18:51:57+00:00,yeartas,steve1960,@BillShanks Try mounjaro to curb your appetite,en,0,0,0,0,63,"<a href=""http://twitter.com/#!/download/ipad"" rel=""nofollow"">Twitter for iPad</a>",https://x.com/yeartas/status/1720151779248108010,False,True,2026-04-08T22:15:34.303345+00:00
1719912577910608255,mounjaro_weight,mounjaro,weight,2023-11-02T03:01:27+00:00,Ones2Cents,Ones2Cents,"@JesseJ468 Dark chocolate hot coco for me… stupid diabetes takes the fun out of everything but I’m type 2, losing weight and should be able to enjoy things again slowly now that I’m on Mounjaro. Losing about a lb a day and only 50 pounds from hitting my goal!",en,1,0,1,0,39,"<a href=""http://twitter.com/download/iphone"" rel=""nofollow"">Twitter for iPhone</a>",https://x.com/Ones2Cents/status/1719912577910608255,False,False,2026-04-08T22:15:34.303345+00:00
1719795082977579105,mounjaro_weight,mounjaro,weight,2023-11-01T19:14:34+00:00,remedybyeva,"Dr. Drugs, Do More","@blueblankeyboy As a diabetic, I took ozempic for a year and didn’t lose any weight and it made me nauseous as heck. When the shortage happened, doc switched me to mounjaro. Lost 10 pounds in 3 months. Zero nausea so far. I have a big protein shake before taking my dose and that seems to help.",en,0,0,2,0,334,"<a href=""http://twitter.com/download/iphone"" rel=""nofollow"">Twitter for iPhone</a>",https://x.com/remedybyeva/status/1719795082977579105,False,False,2026-04-08T22:15:35.270415+00:00
1719557020154822898,mounjaro_weight,mounjaro,weight,2023-11-01T03:28:36+00:00,freshnewsflash,freshnewsflash,"Revolutionary Weight Loss: How 'Mounjaro' Drug Shreds Pounds Faster Than Ever!
https://t.co/xvmdyErURz",en,0,0,0,0,3,"<a href=""https://mobile.twitter.com"" rel=""nofollow"">Twitter Web App</a>",https://x.com/freshnewsflash/status/1719557020154822898,False,False,2026-04-08T22:15:35.271411+00:00
1719498359973568795,mounjaro_weight,mounjaro,weight,2023-10-31T23:35:30+00:00,nothatkindadoc,Nothatkindadoc,@ClintFiore I am going to try mounjaro this year.  Hopefully it will whack my appetite.,en,0,0,1,0,52,"<a href=""http://twitter.com/download/android"" rel=""nofollow"">Twitter for Android</a>",https://x.com/nothatkindadoc/status/1719498359973568795,False,True,2026-04-08T22:15:35.271411+00:00
1719468350995095580,mounjaro_weight,mounjaro,weight,2023-10-31T21:36:15+00:00,_iTalia85_,N E S S,"@Babylite83 Thank you Jess!! My brother lost a lot too but he's on mounjaro, he needs a wig or something his head too bald n big now that he's skinny 🤣",en,1,0,1,0,126,"<a href=""http://twitter.com/download/iphone"" rel=""nofollow"">Twitter for iPhone</a>",https://x.com/_iTalia85_/status/1719468350995095580,False,True,2026-04-08T22:15:35.271411+00:00
1719437411053085093,mounjaro_weight,mounjaro,weight,2023-10-31T19:33:19+00:00,Loyalty_a_Mustt,Fringe ♍️,That mounjaro got folks falling out baby. Ion see how losing 50 pounds in 2 months dont come off insane to nobody 🤣🤣,en,0,0,0,0,142,"<a href=""http://twitter.com/download/iphone"" rel=""nofollow"">Twitter for iPhone</a>",https://x.com/Loyalty_a_Mustt/status/1719437411053085093,False,False,2026-04-08T22:15:35.271411+00:00
1719361635067060536,mounjaro_weight,mounjaro,weight,2023-10-31T14:32:12+00:00,BowTiedPeptide,BowTiedPeptide,"You're conflating ""addiction"" with a bunch of other behaviors here.

GLP-1's aren't going to lobotomize society. 

Giving children amphetamines/psychotropic drugs, removing biological/objective realities, and soaking them in state propaganda, along with opiod hooked adults, has accomplished this already. 

A lost Enlightenment/Renaissance era wasn't/isn't likely on the horizon. 

Addicts are in a negative feedback loop of maladaptive brain processes; repeatedly engaging in, and unable to stop, behaviors that cause them problems in life. 

Working out and working more hours are adaptive/healthy processes.

The top comment from Tirzepatide users I hear: losing weight is easier because... they've lost that craving feeling. 

Their personality doesn't change. Only the compulsion to cope via food/booze,etc. 

The mechanism by which GLP-1's alter the addictive thought process is not fully understood as far as I know, but I have no doubt it's the secret sauce component to the drug's success.

These are just compounds, and as with all others, there is a right and wrong way to use them.

Eat lots of protein to negate sides, water, fiber, walk, and inject in leg. Great results. Little to no sides.

Eat crap. Sit on ass. Drink cola. 
You can really mess yourself up.

Not always the compounds fault. Some skillz are required.",en,1,1,9,0,1360,"<a href=""http://twitter.com/download/android"" rel=""nofollow"">Twitter for Android</a>",https://x.com/BowTiedPeptide/status/1719361635067060536,False,False,2026-04-08T22:15:35.271411+00:00
1712011121501102203,mounjaro_weight,mounjaro,weight,2023-10-11T07:43:53+00:00,itiswyatt,Wyatt Cavalier,"@corry_wang If all addicts take the drug, what about their so-called positive addictions?

Working out. Working long hours.

Does humanity lose its long tail?

Do we ever get another Hemmingway or Van Gogh? Michael Jordan? Thomas Edison?",en,6,2,34,1,10063,"<a href=""https://mobile.twitter.com"" rel=""nofollow"">Twitter Web App</a>",https://x.com/itiswyatt/status/1712011121501102203,False,True,2026-04-08T22:15:35.271411+00:00
1719210095781790006,mounjaro_weight,mounjaro,weight,2023-10-31T04:30:02+00:00,fearles59324823,Jendetta,@Nikki56855626 @Curtis5633 I'm gonna give her the mounjaro slap she will loose 50 pounds the first fucking time!,en,1,0,2,0,192,"<a href=""http://twitter.com/download/android"" rel=""nofollow"">Twitter for Android</a>",https://x.com/fearles59324823/status/1719210095781790006,False,True,2026-04-08T22:15:35.271411+00:00
1719165065041961125,mounjaro_weight,mounjaro,weight,2023-10-31T01:31:06+00:00,SandiK_15,Sandi,"@_celia_bedelia_ I’ve had binge eating disorder for 33 years - all my adult life. I’ve been 125 lbs to 190 lbs and everywhere in between. 

My VA psych and I talked, and I started tirzepatide. I’ve only lost about 13 lbs, but the mental change is amazing. I feel normal and haven’t binged once.",en,1,0,4,0,741,"<a href=""http://twitter.com/download/iphone"" rel=""nofollow"">Twitter for iPhone</a>",https://x.com/SandiK_15/status/1719165065041961125,False,True,2026-04-08T22:15:35.271411+00:00
1719158477996671106,mounjaro_weight,mounjaro,weight,2023-10-31T01:04:56+00:00,ConvexLinds,Lindsay Chestnut,"@_celia_bedelia_ @mkefrizz My husband has struggled with obesity his whole life. He eats a healthy diet but could never lose weight and was always hungry. He started taking Mounjaro in January, hasn’t really changed his eating habits, and just hit 100 pounds down. It’s literally a life-changer.",en,0,0,3,0,157,"<a href=""http://twitter.com/download/iphone"" rel=""nofollow"">Twitter for iPhone</a>",https://x.com/ConvexLinds/status/1719158477996671106,False,True,2026-04-08T22:15:35.272409+00:00
1719021466379858236,mounjaro_weight,mounjaro,weight,2023-10-30T16:00:30+00:00,BevTchangMD,"Beverly G. Tchang, MD","@ArianaMChao @drard Methods:
👉Enrolled adults with #obesity
👉12 weeks of ""intensive lifestyle intervention"" (ILI) = #nutrition+ #exercise+behavioral therapy, 8 sessions over 12 wks
👉Those who lost ≥5% weight with ILI were randomized to tirzepatide or placebo

2/",en,1,0,0,0,457,"<a href=""https://buffer.com"" rel=""nofollow"">Buffer App</a>",https://x.com/BevTchangMD/status/1719021466379858236,False,True,2026-04-08T22:15:35.272409+00:00
1718967772628070642,mounjaro_weight,mounjaro,weight,2023-10-30T12:27:08+00:00,TapestryofTurds,Tim is Tired (T.I.T),@DinoCazares Dude try mounjaro or ozempic. Shits got my levels under perfect control and I’ve dropped 75 lbs.,en,0,0,0,0,55,"<a href=""http://twitter.com/download/iphone"" rel=""nofollow"">Twitter for iPhone</a>",https://x.com/TapestryofTurds/status/1718967772628070642,False,True,2026-04-08T22:15:35.272409+00:00
1718948542314872912,mounjaro_weight,mounjaro,weight,2023-10-30T11:10:43+00:00,hhhsivinfusion,Healing Hands IV Infusion Center,"Uncover the potential of Tirzepatide, a once-weekly injectable that not only amplifies insulin production and reduces blood sugar levels but also targets the brain regions governing appetite and cravings. 

Bookings: 📞 +1 561-557-2223

#weightloss #tirzepatide #ivinfusioncenter https://t.co/aHHJ9O2Yn0",en,0,0,3,0,118,"<a href=""https://mobile.twitter.com"" rel=""nofollow"">Twitter Web App</a>",https://x.com/hhhsivinfusion/status/1718948542314872912,False,False,2026-04-08T22:15:35.272409+00:00
1718412072067678572,mounjaro_weight,mounjaro,weight,2023-10-28T23:38:59+00:00,drcacc22,"Stacey Cacciola DO, MHS","@MomPedBlog I started Mounjaro 3 weeks ago. I'm down 6 lbs. and because I'm diabetic it's covered by my insurance, but I'm hoping that when I've been on it for a while I lose enough weight that I won't be diabetic anymore. 👊🏼",en,1,0,5,0,183,"<a href=""http://twitter.com/download/iphone"" rel=""nofollow"">Twitter for iPhone</a>",https://x.com/drcacc22/status/1718412072067678572,False,True,2026-04-08T22:15:35.272409+00:00
1718219557414883577,mounjaro_weight,mounjaro,weight,2023-10-28T10:54:00+00:00,zipjet,zipjet,"MOUNJARO LOG – 5 mg Week 15, Days 100-106

Injections (Shots on days 0, 11, 28, 61, 88).

Weight 215.6 Loss 3.6 Cumulative loss 34.4 pounds.

Trailing 4-week average weight loss per week, 1.4 pounds.

Model Projected burn: 2,200 no exercise beyond normal, none.

Calorie intake average: 1,270

Diet: Proteins, fiber, Strawberries and Blueberries.

Effects: Appetite Satiation good.
Adverse effects: gas, burping.
Sleep factors: Normalized.
4-week trailing avg to -1.4.",en,2,0,1,0,448,"<a href=""https://mobile.twitter.com"" rel=""nofollow"">Twitter Web App</a>",https://x.com/zipjet/status/1718219557414883577,False,True,2026-04-08T22:15:35.272409+00:00
1718101361211093424,mounjaro_weight,mounjaro,weight,2023-10-28T03:04:19+00:00,KimberlyCoburn9,glamlifekliz,"So, I start the 5mg of #mounjaro tomorrow. The pharmacist says I'll have tummy troubles so I'm pregaming away today. I've lost 6 pounds in Month 1 and my A1C went down. I'm here's hoping the 5 will be my sweet spot for a while. #weightlossjourney #weightloss #glp1",en,0,0,0,0,168,"<a href=""http://twitter.com/download/android"" rel=""nofollow"">Twitter for Android</a>",https://x.com/KimberlyCoburn9/status/1718101361211093424,False,False,2026-04-08T22:15:35.272409+00:00
1717692786948894770,mounjaro_weight,mounjaro,weight,2023-10-27T00:00:48+00:00,aalv___,A,"@m0odymargaret Yes.  I started mounjaro last August and lost 65 lbs.  I weaned off it, maintained, and now have continued to lose weight on my own.",en,0,0,2,0,149,"<a href=""http://twitter.com/download/iphone"" rel=""nofollow"">Twitter for iPhone</a>",https://x.com/aalv___/status/1717692786948894770,False,True,2026-04-08T22:15:35.272409+00:00
1717638350306238565,mounjaro_weight,mounjaro,weight,2023-10-26T20:24:29+00:00,heyebby_,🤌🏾,"@diggybaby @OKAYYYWOWWW So I have been on Ozempic before and it didn’t do anything but give me sulfur burps lol. I’m on mounjaro now and though at first it did suppress my appetite, the weight loss is still not going the way I feel like I should be. I’m down about 30lbs",en,2,0,0,0,168,"<a href=""http://twitter.com/download/iphone"" rel=""nofollow"">Twitter for iPhone</a>",https://x.com/heyebby_/status/1717638350306238565,False,False,2026-04-08T22:15:35.272409+00:00
1717584968699060625,mounjaro_weight,mounjaro,weight,2023-10-26T16:52:22+00:00,myLongbow,Longbow,"Muscling In.  Lilly $LLY is trying to figure out if the combo of 2 drugs is better than 1. Mounjaro, the popular weight loss….I mean diabetes…drug helps people lose weight, but it reduces muscle mass and bone—not just fat. So, they’re looking to see if they sell you 2 drugs, whether you can lose weight and not as much muscle. On ave, people lost about 15 pounds of lean muscle and 23 pounds of fat during a 68 week trial.",en,0,1,0,0,621,"<a href=""https://mobile.twitter.com"" rel=""nofollow"">Twitter Web App</a>",https://x.com/myLongbow/status/1717584968699060625,False,False,2026-04-08T22:15:35.273410+00:00
1717507140540100716,mounjaro_weight,mounjaro,weight,2023-10-26T11:43:06+00:00,RobertWeedman,MrsRobertWeedman,"@101P4GES She has said she recently lost a lot of weight on the Mounjaro shot. I’ve lost 80 pounds. You can see it on the west coast housewives too. Emily, Ericka, etc. It’s expensive so you see it on the tv folks first.",en,1,0,1,0,82,"<a href=""http://twitter.com/download/iphone"" rel=""nofollow"">Twitter for iPhone</a>",https://x.com/RobertWeedman/status/1717507140540100716,False,True,2026-04-08T22:15:35.273410+00:00
1717382495807606938,mounjaro_weight,mounjaro,weight,2023-10-26T03:27:49+00:00,bjshively,Brad Shively,"In August 2022 I became a member of @joinsequence, a telehealth provider specializing in weightloss. I started taking Mounjaro. In the ensuing 14 months:
- I lost around 140 pounds
-My blood pressure went from elevated to normal
-Blood work (cholesterol etc) improved dramatically https://t.co/reb3BUEbT0",en,4,1,37,1,3447,"<a href=""https://mobile.twitter.com"" rel=""nofollow"">Twitter Web App</a>",https://x.com/bjshively/status/1717382495807606938,False,False,2026-04-08T22:15:35.273410+00:00
1717348260816245172,mounjaro_weight,mounjaro,weight,2023-10-26T01:11:46+00:00,pretyh8tmachine,Haruspex of Odium,@BarelyAshley I'm on 7.5 Mounjaro and have a Freestyle Libre 3 and that combo is a game changer. I've lost 28 lbs since August. Being diabetic (T2) and being able to know what direction your glucose is going without a finger stick is awesome 👍,en,0,0,0,0,94,"<a href=""http://twitter.com/download/android"" rel=""nofollow"">Twitter for Android</a>",https://x.com/pretyh8tmachine/status/1717348260816245172,False,True,2026-04-08T22:15:36.113350+00:00
1717210108621389833,mounjaro_weight,mounjaro,weight,2023-10-25T16:02:48+00:00,Cindy63306167,Cindy,Eli Lilly says obesity drug tirzepatide resulted in weight loss of up to 34 pounds https://t.co/yujwEbsi7X,en,0,0,0,0,26,"<a href=""https://mobile.twitter.com"" rel=""nofollow"">Twitter Web App</a>",https://x.com/Cindy63306167/status/1717210108621389833,False,False,2026-04-08T22:15:36.113350+00:00
1716983032547020815,mounjaro_weight,mounjaro,weight,2023-10-25T01:00:29+00:00,Farleyr66Farley,F.,@DeeTwoCents Trulicity really messed my BS up. Badly! started Mounjaro similar to Ozempic.I’ve only lost a little weight. but what it’s helped do with EVERYTHING you’d get LABS for has gone down. I’m talking best in 20 years good. I don’t usually trust politicians in this area.More in comment,en,1,0,0,0,70,"<a href=""http://twitter.com/download/iphone"" rel=""nofollow"">Twitter for iPhone</a>",https://x.com/Farleyr66Farley/status/1716983032547020815,False,True,2026-04-08T22:15:36.113350+00:00
1716922534073909451,mounjaro_weight,mounjaro,weight,2023-10-24T21:00:05+00:00,CherokeePhoenix,Cherokee Phoenix,"The medicine in the diabetes drug Mounjaro helped people with obesity or who are overweight lose at least a quarter of their body weight, or about 60 pounds on average, when combined with intensive diet and exercise, a new study shows. https://t.co/FwsNcqe7VA",en,0,0,2,1,309,"<a href=""https://bloxdigital.com/"" rel=""nofollow"">BLOX CMS</a>",https://x.com/CherokeePhoenix/status/1716922534073909451,False,False,2026-04-08T22:15:36.113350+00:00
1716901611522621720,mounjaro_weight,mounjaro,weight,2023-10-24T19:36:57+00:00,clhutch76,Carrie Hutchison,"Join my Facebook Group...Tirzepatide-weight loss injection  I have lost 63lbs since June 20, 2023.",en,0,0,0,0,72,"<a href=""https://mobile.twitter.com"" rel=""nofollow"">Twitter Web App</a>",https://x.com/clhutch76/status/1716901611522621720,False,False,2026-04-08T22:15:36.113350+00:00
1716787904503013623,mounjaro_weight,mounjaro,weight,2023-10-24T12:05:07+00:00,elpaisinenglish,El País English Edition,"🗞️ Anti-obesity drugs Ozempic and Mounjaro can shrink more than patients 

During trials, patients showed reduced appetite and even an aversion towards food generally. This has the potential to affect giant companies such as Nestlé and Cadbury. Read more: https://t.co/oGOYXaHpEk",en,0,3,8,0,24947,"<a href=""https://use.besocy.com/"" rel=""nofollow"">EL PAÍS Besocy</a>",https://x.com/elpaisinenglish/status/1716787904503013623,False,False,2026-04-08T22:15:36.113350+00:00
1716516167462904162,mounjaro_weight,mounjaro,weight,2023-10-23T18:05:20+00:00,My_JPA,MyJPA,"In Study, Diabetes Drug Mounjaro Helped Dieters Shed an Average of 60 Pounds https://t.co/75Gfdjlh0L https://t.co/DYBWd6OgXE",en,0,0,0,0,64,"<a href=""https://app.sendible.com"" rel=""nofollow"">Sendible</a>",https://x.com/My_JPA/status/1716516167462904162,False,False,2026-04-08T22:15:36.114346+00:00
1716481355964407830,mounjaro_weight,mounjaro,weight,2023-10-23T15:47:00+00:00,fANCyFACEx,Charity Y.,I’ve been on tirzepatide (compounded mounjaro) for 9 weeks and I’m 10.4 lbs down….im so happy,en,0,0,1,0,191,"<a href=""http://twitter.com/download/iphone"" rel=""nofollow"">Twitter for iPhone</a>",https://x.com/fANCyFACEx/status/1716481355964407830,False,False,2026-04-08T22:15:36.114346+00:00
1716444663333126349,mounjaro_weight,mounjaro,weight,2023-10-23T13:21:12+00:00,ACinNYC2K19,"Aaron R.Chidakel, MD",Study: Adults receiving tirzepatide reduced their energy intake more than those receiving liraglutide and were noted to have greater reductions in appetite and food cravings https://t.co/eBiDjdp5Kp #GLP1 #WeightLoss #obesity #Mounjaro #health,en,0,0,0,0,132,"<a href=""https://mobile.twitter.com"" rel=""nofollow"">Twitter Web App</a>",https://x.com/ACinNYC2K19/status/1716444663333126349,False,False,2026-04-08T22:15:36.114346+00:00
1716441747746591137,mounjaro_weight,mounjaro,weight,2023-10-23T13:09:37+00:00,EndocrineToday,Endocrine Today,"Compared with those receiving liraglutide, adults with #obesity receiving tirzepatide had 

📍Reduced appetite 
📍Fewer cravings for sweets 
📍Greater perceived hunger 

Read more ⤵️

@PBRCNews @ObesityWeek #OW2023 

https://t.co/2VtAurAvTd",en,0,1,1,0,425,"<a href=""https://mobile.twitter.com"" rel=""nofollow"">Twitter Web App</a>",https://x.com/EndocrineToday/status/1716441747746591137,False,False,2026-04-08T22:15:36.114346+00:00
1716245255744332220,mounjaro_weight,mounjaro,weight,2023-10-23T00:08:49+00:00,_AnonHater_,Anon Hater,"Third week of 10mg Mounjaro! I’m down another 3lbs this week 🙂 28lbs total. Definitely feeling this dose. Significantly decreased appetite, a little nauseous at time, but totally manageable. No other symptoms. Acid reflux is completely gone and my A1C last week was 5.0!!!!! Down from 8.3",en,12,0,117,0,11257,"<a href=""http://twitter.com/download/iphone"" rel=""nofollow"">Twitter for iPhone</a>",https://x.com/_AnonHater_/status/1716245255744332220,False,False,2026-04-08T22:15:36.114346+00:00
1716136858797621597,mounjaro_weight,mounjaro,weight,2023-10-22T16:58:06+00:00,melina_lacy,Melina✨Reminiscing days gone by ✨,"@markeatsmeat After what we’ve been through since 2020 I’m shocked many jumped on an injection to lost weight. I know a doctor &amp; 2 nurse friends using it. 

Went to a family campout &amp; many of the women there had all lost weight, all used Mounjaro, except me. My 30 lb loss came from carnivore.",en,3,1,8,0,167,"<a href=""http://twitter.com/download/iphone"" rel=""nofollow"">Twitter for iPhone</a>",https://x.com/melina_lacy/status/1716136858797621597,False,True,2026-04-08T22:15:36.114346+00:00
1716061879380934789,mounjaro_weight,mounjaro,weight,2023-10-22T12:00:09+00:00,wtwonews,WTWO News,"The medicine in the diabetes drug Mounjaro helped people with obesity or who are overweight lose at least a quarter of their body weight, or about 60 pounds on average when combined with intensive diet and exercise, a new study shows.
https://t.co/JPndOg6Hgl",en,0,0,1,0,344,"<a href=""http://www.socialflow.com"" rel=""nofollow"">SocialFlow</a>",https://x.com/wtwonews/status/1716061879380934789,False,False,2026-04-08T22:15:36.114346+00:00
1716061844798881850,mounjaro_weight,mounjaro,weight,2023-10-22T12:00:01+00:00,WebMD,WebMD,"People at high risk of getting type 2 diabetes lost on average more than 18% of their weight when taking the weight loss drug tirzepatide, according to recent clinical trial results. https://t.co/nRlZZgBbLB https://t.co/H6l37PD7f9",en,0,2,13,0,10516,"<a href=""https://prod1.sprinklr.com"" rel=""nofollow"">Sprinklr Publishing</a>",https://x.com/WebMD/status/1716061844798881850,False,False,2026-04-08T22:15:36.115342+00:00
1715944383533490431,mounjaro_weight,mounjaro,weight,2023-10-22T04:13:16+00:00,thankyulex,youtube: thankyulex,Follow my tiktok @thankyulex -121 lbs #mounjaro #glp1 in one year https://t.co/kmaJ2Rlxw1,en,0,0,4,0,424,"<a href=""http://twitter.com/download/iphone"" rel=""nofollow"">Twitter for iPhone</a>",https://x.com/thankyulex/status/1715944383533490431,False,False,2026-04-08T22:15:36.115342+00:00
1715845488849641920,mounjaro_weight,mounjaro,weight,2023-10-21T21:40:18+00:00,FattytoNatty,Andrew,"Previous post deleted because I’m bad at Twitter/X and remembering timelines. Low/Moderate dose Tirzepatide treatment ended July/August. Did it affect appetite and various cravings across the board? Yes. Is it a miracle drug? No. Possible positive effect on athletic/workout performance? Maybe. Fortunate to have experimented with the medication? 100%. My body did feel as though it was running at optimal levels. Slight swing in appetite/weight gain. Roughly 10lbs. Water retention from creatine likely a factor as well. Diet and exercise regimen will ALWAYS be a work in progress. 

Lastly, just some personal commentary on the pinned tweet, for my sake. I struggle with retaining certain tweets because of the self perceived cringe factor. It’s a genuine stream of thoughts, likely not formatted, structured, or communicated in the best way, but it is what it is. I’ll try and roll with it. This weird a** self-experiment, being done in the public eye, is something I thought I’d never do. Hopefully you’ll witness some form of evolution along the way or watch me crash and burn. Definitely not going out without a fight. Place your bets ;).

Side note, I welcome any and all criticism. Follow me/unfollow me, IDGAF. Let’s f**king go.",en,0,0,0,0,126,"<a href=""http://twitter.com/download/iphone"" rel=""nofollow"">Twitter for iPhone</a>",https://x.com/FattytoNatty/status/1715845488849641920,False,True,2026-04-08T22:15:36.115342+00:00
1715774414229549403,mounjaro_weight,mounjaro,weight,2023-10-21T16:57:52+00:00,freshnewsflash,freshnewsflash,"Revolutionary Weight Loss: How 'Mounjaro' Drug Shreds Pounds Faster Than Ever!
https://t.co/lyIeZGgJzF",en,0,0,0,0,6,"<a href=""https://mobile.twitter.com"" rel=""nofollow"">Twitter Web App</a>",https://x.com/freshnewsflash/status/1715774414229549403,False,False,2026-04-08T22:15:36.115342+00:00
1715695714582360072,mounjaro_weight,mounjaro,weight,2023-10-21T11:45:09+00:00,zipjet,zipjet,"MOUNJARO LOG – 5 mg Week 14, Days 93-99

Injections (Shots on days 0, 11, 28, 61, 88).

Weight 219.2 Gained 1.1 Cumulative loss 30.8 pounds. New intraweek low 217.9.

Trailing 4-week average weight loss per week, 1.5 pounds.

Model Projected burn: 2,200 no exercise beyond normal, none.

Calorie intake average: 1,415
Diet: Proteins, fiber, Strawberries and Blueberries – more breads, pastas, dumplings, and desserts.

Entertaining guests from China and others interfered with sustaining low food intake.

Effects: Appetite Satiation good.
Adverse effects: gas, burping.
Sleep factors: Normalized by EOW.
Annoyed at weight gain of 1.1 and reduced 4-week trailing avg to -1.5. It does indicate how easy it is to regain lost weight.",en,1,0,2,0,549,"<a href=""https://mobile.twitter.com"" rel=""nofollow"">Twitter Web App</a>",https://x.com/zipjet/status/1715695714582360072,False,True,2026-04-08T22:15:36.115342+00:00
1715901122416632224,mounjaro_weight,mounjaro,weight,2023-10-22T01:21:22+00:00,BriLong_312,ℬℜ∣⍲ⁿ⋒Ⓐ   |⊙∩❡,I’ve been on #mounjaro since September 13th SW and HW 290.4 and I’m down 12.6 pounds only in 5 weeks #letsfuckinggo,en,0,0,0,0,57,"<a href=""http://twitter.com/download/iphone"" rel=""nofollow"">Twitter for iPhone</a>",https://x.com/BriLong_312/status/1715901122416632224,False,False,2026-04-08T22:15:36.115342+00:00
1715608913117057071,mounjaro_weight,mounjaro,weight,2023-10-21T06:00:14+00:00,kron4news,KRON4 News,"The medicine in the diabetes drug Mounjaro helped people with obesity or who are overweight lose at least a quarter of their body weight, or about 60 pounds on average when combined with intensive diet and exercise, a new study shows. https://t.co/GVbRqUmkdn https://t.co/1Wr2xIlxLm",en,1,0,3,0,3761,"<a href=""http://www.socialflow.com"" rel=""nofollow"">SocialFlow</a>",https://x.com/kron4news/status/1715608913117057071,False,False,2026-04-08T22:15:37.106393+00:00
1715491853615898727,mounjaro_weight,mounjaro,weight,2023-10-20T22:15:04+00:00,themacrosift,The Macro Sift | AI Art + Macro (RC),"Ozempic, Mounjaro and other similar diabetes drugs might be all the rage for adults who want or need to shed pounds, and pharmaceutical companies are now looking to get the buzzy weight-loss shots approved for patients as young as six. Some experts believe medication could be a game-changer, particularly as US childhood obesity rates have tripled in the last decade. Other are hesitant because of all the unknowns.
—Bloomberg 
#Ozempic #WeightLoss #Obesity",en,0,0,1,0,358,"<a href=""http://twitter.com/download/iphone"" rel=""nofollow"">Twitter for iPhone</a>",https://x.com/themacrosift/status/1715491853615898727,False,False,2026-04-08T22:15:37.106393+00:00
1715463496970981438,mounjaro_weight,mounjaro,weight,2023-10-20T20:22:24+00:00,GroundZeroMktg,Rufus T. Firefly,@dookiebutter100 I think you said you were using Tirzepatide. How has your experience been? I’ve dropped 12 lbs but it’s not all sunshine and rainbows on my side.,en,1,0,0,0,164,"<a href=""http://twitter.com/download/iphone"" rel=""nofollow"">Twitter for iPhone</a>",https://x.com/GroundZeroMktg/status/1715463496970981438,False,True,2026-04-08T22:15:37.106393+00:00
1715407784861221302,mounjaro_weight,mounjaro,weight,2023-10-20T16:41:01+00:00,mnt,Medical News Today,"A group of people with obesity who undertook an intensive lifestyle intervention followed by treatment with the appetite inhibiting drug tirzepatide lost 26% of their body weight in the course of the 84-week program, according to a new study. https://t.co/cOSniqUqTr",en,0,0,3,1,829,"<a href=""https://sproutsocial.com"" rel=""nofollow"">Sprout Social</a>",https://x.com/mnt/status/1715407784861221302,False,False,2026-04-08T22:15:37.106393+00:00
1715372435829030964,mounjaro_weight,mounjaro,weight,2023-10-20T14:20:33+00:00,artimus,Art,"The medicine in Mounjaro helped people lose at least a quarter of their body weight, or about 60 pounds on average, when combined with intensive diet and exercise, a new study shows.

https://t.co/QAeSy9Ey30",en,0,1,0,0,61,"<a href=""https://mobile.twitter.com"" rel=""nofollow"">Twitter Web App</a>",https://x.com/artimus/status/1715372435829030964,False,False,2026-04-08T22:15:37.106393+00:00
1715192665204228265,mounjaro_weight,mounjaro,weight,2023-10-20T02:26:12+00:00,mrhomg,Mariah K,I've been on Mounjaro for 6 months at $500 per month. That's $3000. I lost 50 pounds. $3000 for 50 pounds. I cannot get it at that price anymore. Now it's $1200 per month. No thanks.,en,0,0,0,0,70,"<a href=""http://twitter.com/download/android"" rel=""nofollow"">Twitter for Android</a>",https://x.com/mrhomg/status/1715192665204228265,False,False,2026-04-08T22:15:37.106393+00:00
1715181075872293201,mounjaro_weight,mounjaro,weight,2023-10-20T01:40:09+00:00,vlexxuis,lexxxxxx ❤️,"I need some meal replacement shakes, bc this 5mg tirazeptide/mounjaro really suppresses my appetite it’s bit scary",en,2,0,0,0,352,"<a href=""https://mobile.twitter.com"" rel=""nofollow"">Twitter Web App</a>",https://x.com/vlexxuis/status/1715181075872293201,False,False,2026-04-08T22:15:37.106393+00:00
1715106863962870159,mounjaro_weight,mounjaro,weight,2023-10-19T20:45:16+00:00,JoanBreibart,Joan Breibart,"Mounjaro is not 'an easy way out' for weight loss, says woman who shed 200 pounds with the drug — it required a lot of work https://t.co/KrHGkrpgDi via @thisisinsider    lifestyle NO;  do #80bites",en,0,0,0,0,62,"<a href=""https://mobile.twitter.com"" rel=""nofollow"">Twitter Web App</a>",https://x.com/JoanBreibart/status/1715106863962870159,False,False,2026-04-08T22:15:37.106393+00:00
1715048515980681436,mounjaro_weight,mounjaro,weight,2023-10-19T16:53:24+00:00,WDWLloyds,AnimalsAreBetterThanPeople,"@DaveEDanna I try to actually discuss every option. If they are interested in bariatric surgery, I’ve had it myself. I lost over 100 lbs with gastric bypass after a lifetime of diets that were not sustainable. Most patients just want Ozempic or Mounjaro now without diet/exercise talks🤕",en,0,0,1,0,84,"<a href=""http://twitter.com/download/iphone"" rel=""nofollow"">Twitter for iPhone</a>",https://x.com/WDWLloyds/status/1715048515980681436,False,True,2026-04-08T22:15:37.106393+00:00
1715002901024625051,mounjaro_weight,mounjaro,weight,2023-10-19T13:52:09+00:00,Fox5KevynStew,Kevyn Stewart FOX 5 Atlanta,"https://t.co/zu3qYqDQvJ 

Drug used in diabetes treatment Mounjaro helped dieters shed 60 pounds, study finds",en,0,0,0,0,44,"<a href=""http://twitter.com/download/android"" rel=""nofollow"">Twitter for Android</a>",https://x.com/Fox5KevynStew/status/1715002901024625051,False,False,2026-04-08T22:15:37.106393+00:00
1714980991003922522,mounjaro_weight,mounjaro,weight,2023-10-19T12:25:05+00:00,AcademicHeart,Academic Heart,"SURMOUNT-3 Trial 

Tirzepatide v placebo after lifestyle intervention

In @NatureMedicine 
👀https://t.co/KEgVToKEef

All lost 5% weight with lifestyle bf randomization

Then: 
💚Tirz = 18.4% weight loss
🤎Placebo = 3.3% weight gain https://t.co/3HkRz5gpup",en,0,0,0,0,314,"<a href=""https://mobile.twitter.com"" rel=""nofollow"">Twitter Web App</a>",https://x.com/AcademicHeart/status/1714980991003922522,False,False,2026-04-08T22:15:37.106393+00:00
1714963748841238623,mounjaro_weight,mounjaro,weight,2023-10-19T11:16:34+00:00,stigmabase,STIGMABASE,{Fighting Stigma} Mounjaro Not 'Easy Way Out' for Weight Loss: Woman Who Shed 200 Pounds: ... stigma is a serious issue and people often misunderstand how medications like it work. Courtesy of Tara Rothenhoefer. A patient in a clinical trial ... https://t.co/wo3ItjTC1i,en,0,0,0,0,29,"<a href=""https://dlvrit.com/"" rel=""nofollow"">dlvr.it</a>",https://x.com/stigmabase/status/1714963748841238623,False,False,2026-04-08T22:15:37.106393+00:00
1714946786639409327,mounjaro_weight,mounjaro,weight,2023-10-19T10:09:10+00:00,HealthInsider,Insider Healthcare,"Mounjaro is not 'an easy way out' for weight loss, says woman who shed 200 pounds with the drug — it required a lot of work https://t.co/QyNz5FYEb9",en,0,0,0,0,152,"<a href=""http://www.socialflow.com"" rel=""nofollow"">SocialFlow</a>",https://x.com/HealthInsider/status/1714946786639409327,False,False,2026-04-08T22:15:37.106393+00:00
1714946503699988667,mounjaro_weight,mounjaro,weight,2023-10-19T10:08:03+00:00,EverydayHealth,Everyday Health,"#Mounjaro helped people lose more than 60 pounds when used along with intensive lifestyle changes, according to a new study. https://t.co/ntsip21R6m",en,1,0,0,0,1475,"<a href=""https://sproutsocial.com"" rel=""nofollow"">Sprout Social</a>",https://x.com/EverydayHealth/status/1714946503699988667,False,False,2026-04-08T22:15:37.107391+00:00
1714937725453816103,mounjaro_weight,mounjaro,weight,2023-10-19T09:33:10+00:00,nadeemansary,Nadeem Ansari FCIM F IDM,"Mounjaro is not 'an easy way out' for weight loss, says woman who shed 200 pounds with the drug — it required a lot of work https://t.co/UFyUiR3WrC",en,0,0,0,0,9,"<a href=""https://ifttt.com"" rel=""nofollow"">IFTTT</a>",https://x.com/nadeemansary/status/1714937725453816103,False,False,2026-04-08T22:15:37.107391+00:00
1714937507140297015,mounjaro_weight,mounjaro,weight,2023-10-19T09:32:18+00:00,thisisinsider,Insider,"Mounjaro is not 'an easy way out' for weight loss, says woman who shed 200 pounds with the drug — it required a lot of work https://t.co/IJsVFmFIy9",en,0,0,1,1,3701,"<a href=""http://www.socialflow.com"" rel=""nofollow"">SocialFlow</a>",https://x.com/thisisinsider/status/1714937507140297015,False,False,2026-04-08T22:15:37.107391+00:00
1714894345571352782,mounjaro_weight,mounjaro,weight,2023-10-19T06:40:47+00:00,dizalifornia,Dizzy 🫒,@VetranoJennifer @anchovy_es @PICKLED_RIK I'm *guessing* that he means that you've publicly stated losing 100 lbs on Mounjaro — so at some point you were overweight yourself. Hence I said let's keep the body positivity,en,1,0,1,0,115,"<a href=""http://twitter.com/download/android"" rel=""nofollow"">Twitter for Android</a>",https://x.com/dizalifornia/status/1714894345571352782,False,True,2026-04-08T22:15:37.107391+00:00
1714785941703786909,mounjaro_weight,mounjaro,weight,2023-10-18T23:30:02+00:00,WellatFortune,Fortune Well,New weight-loss blockbuster drug emerges from study showing Mounjaro helps people lose 25% of their body weight or 60 pounds on average. https://t.co/svjzebfAuF,en,0,0,0,0,72,"<a href=""https://www.later.com"" rel=""nofollow"">Later Media</a>",https://x.com/WellatFortune/status/1714785941703786909,False,False,2026-04-08T22:15:38.247121+00:00
1714732608741949496,mounjaro_weight,mounjaro,weight,2023-10-18T19:58:06+00:00,thpmurphy,Tom Murphy,"Drug used in diabetes treatment Mounjaro helped dieters shed 60 pounds, study finds https://t.co/bo7f69a5HP",en,0,0,0,0,82,"<a href=""https://mobile.twitter.com"" rel=""nofollow"">Twitter Web App</a>",https://x.com/thpmurphy/status/1714732608741949496,False,False,2026-04-08T22:15:38.247121+00:00
1714702535506772088,mounjaro_weight,mounjaro,weight,2023-10-18T17:58:36+00:00,semodough,dough,"$LLY gained 100BILLION Mcap while $VKTX lost Billion last few months - happy to hear $JNJ comments yesterday- $VKTX subcutaneous formulation very much on competitive level with top weight loss drugs in development, $LLY GLP1/ GIP dual receptor agonist tirzepatide (Mounjaro)",en,7,4,23,1,32385,"<a href=""http://twitter.com/download/iphone"" rel=""nofollow"">Twitter for iPhone</a>",https://x.com/semodough/status/1714702535506772088,False,False,2026-04-08T22:15:38.247121+00:00
1667963195770667012,mounjaro_weight,mounjaro,weight,2023-06-11T18:33:09+00:00,semodough,dough,TRUIST $VKTX KOL think 15-20% weight loss for tirzepatide (Mounjaro) $LLY over 72 weeks looks beatable by VK2735 should $VKTX or partner eventually run a 72 week registration trial.planned Ph2 for VK2735 looking at weight loss over 12 weeks&amp;with higher doses Ph2 data YE23 early24,en,0,10,29,2,28332,"<a href=""http://twitter.com/download/iphone"" rel=""nofollow"">Twitter for iPhone</a>",https://x.com/semodough/status/1667963195770667012,False,False,2026-04-08T22:15:38.247121+00:00
1714693049597452715,mounjaro_weight,mounjaro,weight,2023-10-18T17:20:55+00:00,Fox5KevynStew,Kevyn Stewart FOX 5 Atlanta,"https://t.co/zu3qYqDQvJ 

Drug used in diabetes treatment Mounjaro helped dieters shed 60 pounds, study finds",en,0,0,0,0,52,"<a href=""http://twitter.com/download/android"" rel=""nofollow"">Twitter for Android</a>",https://x.com/Fox5KevynStew/status/1714693049597452715,False,False,2026-04-08T22:15:38.248117+00:00
1714672698222403696,mounjaro_weight,mounjaro,weight,2023-10-18T16:00:02+00:00,WebMD,WebMD,"People at high risk of getting type 2 diabetes lost on average more than 18% of their weight when taking the weight loss drug tirzepatide, according to recent clinical trial results. https://t.co/ONAS1JlxJQ https://t.co/MfGhlohDdB",en,0,5,26,0,8485,"<a href=""https://prod1.sprinklr.com"" rel=""nofollow"">Sprinklr Publishing</a>",https://x.com/WebMD/status/1714672698222403696,False,False,2026-04-08T22:15:38.248117+00:00
1714639468634784137,mounjaro_weight,mounjaro,weight,2023-10-18T13:48:00+00:00,PennMedicine,Penn Medicine,"A new study led by Thomas Wadden, PhD, shows the medicine in the diabetes drug Mounjaro helped people with #obesity or who are overweight lose about 60 pounds on average. @AP https://t.co/gfbqeQkTzA",en,6,0,2,1,1777,"<a href=""https://www.sprinklr.com"" rel=""nofollow"">Sprinklr</a>",https://x.com/PennMedicine/status/1714639468634784137,False,False,2026-04-08T22:15:38.248117+00:00
1714510892120096899,mounjaro_weight,mounjaro,weight,2023-10-18T05:17:05+00:00,RadiantC20888,Radiant Revival Aesthetics & Weight Loss Clinic,Did you know that Tirzepatide consistently leads to significant weight loss? It's becoming an increasingly appealing option for patients aiming to manage their health while shedding excess pounds. https://t.co/gjYoUifEWW,en,0,0,0,0,17,"<a href=""https://mobile.twitter.com"" rel=""nofollow"">Twitter Web App</a>",https://x.com/RadiantC20888/status/1714510892120096899,False,False,2026-04-08T22:15:38.248117+00:00
1714505988068577364,mounjaro_weight,mounjaro,weight,2023-10-18T04:57:36+00:00,drnewbold,Rich Newbold,Tirzepatide (Mounjaro) Helped People Lose Over 60 Pounds in New Study - Everyday Health https://t.co/10JDGQ5m7z,en,0,0,0,0,21,"<a href=""http://twitter.com/download/iphone"" rel=""nofollow"">Twitter for iPhone</a>",https://x.com/drnewbold/status/1714505988068577364,False,False,2026-04-08T22:15:38.248117+00:00
1714450805401506191,mounjaro_weight,mounjaro,weight,2023-10-18T01:18:19+00:00,Internewscast1,Internewscast,"Study finds Mounjaro, a diabetes treatment drug, assists dieters in losing 60 pounds https://t.co/eB41WIh0Hx",en,0,0,0,0,17,"<a href=""https://internewscast.com/"" rel=""nofollow"">Internewscast11653709155012583</a>",https://x.com/Internewscast1/status/1714450805401506191,False,False,2026-04-08T22:15:38.248117+00:00
1714384309430227034,mounjaro_weight,mounjaro,weight,2023-10-17T20:54:05+00:00,Cindy63306167,Cindy,"Drug used in diabetes treatment Mounjaro helped dieters shed 60 pounds, study finds https://t.co/kBtuzK7eub",en,0,0,0,0,23,"<a href=""https://mobile.twitter.com"" rel=""nofollow"">Twitter Web App</a>",https://x.com/Cindy63306167/status/1714384309430227034,False,False,2026-04-08T22:15:38.248117+00:00
1714340736445911373,mounjaro_weight,mounjaro,weight,2023-10-17T18:00:57+00:00,wvua23,WVUA 23,"The medicine in the diabetes drug Mounjaro helped people with obesity or who are overweight lose at least a quarter of their body weight, or about 60 pounds on average, when combined with intensive diet and exercise, a new study shows.

https://t.co/xAsoi13NhE",en,0,0,0,0,330,"<a href=""https://www.hootsuite.com"" rel=""nofollow"">Hootsuite Inc.</a>",https://x.com/wvua23/status/1714340736445911373,False,False,2026-04-08T22:15:38.249114+00:00
1714334109764337751,mounjaro_weight,mounjaro,weight,2023-10-17T17:34:37+00:00,DianaNu84941814,Diana Nunez,Diabetes Drug Mounjaro Helped Dieters Lose 60 Pounds    👀 https://t.co/6aEgf98I4W,en,0,0,0,0,21,"<a href=""http://twitter.com/download/iphone"" rel=""nofollow"">Twitter for iPhone</a>",https://x.com/DianaNu84941814/status/1714334109764337751,False,False,2026-04-08T22:15:38.249114+00:00
1714332950555476351,mounjaro_weight,mounjaro,weight,2023-10-17T17:30:00+00:00,ETPanache,ET Panache,"A new study shows that the diabetes drug Mounjaro, when combined with intensive diet and exercise, helped people with obesity or who are overweight lose at least a quarter of their body weight, or about 60 pounds on average.
https://t.co/U0P91ycOzN",en,0,0,1,0,85,"<a href=""https://mobile.twitter.com"" rel=""nofollow"">Twitter Web App</a>",https://x.com/ETPanache/status/1714332950555476351,False,False,2026-04-08T22:15:38.249114+00:00
1714288917497958838,mounjaro_weight,mounjaro,weight,2023-10-17T14:35:02+00:00,BuzzKnight4,Buzz Knight,"Drug used in diabetes treatment Mounjaro helped dieters shed 60 pounds, study finds https://t.co/ptE7exX8xa",en,0,0,0,0,13,"<a href=""http://twitter.com/download/android"" rel=""nofollow"">Twitter for Android</a>",https://x.com/BuzzKnight4/status/1714288917497958838,False,False,2026-04-08T22:15:38.249114+00:00
1714269888972468502,mounjaro_weight,mounjaro,weight,2023-10-17T13:19:25+00:00,KSL5TV,KSL 5 TV,"A new study finds that medicine in the diabetes drug Mounjaro helped people with obesity or who are overweight lose at least a quarter of their body weight - about 60 pounds on average.
https://t.co/t7AO7OnhEX",en,0,0,0,0,1745,"<a href=""https://mobile.twitter.com"" rel=""nofollow"">Twitter Web App</a>",https://x.com/KSL5TV/status/1714269888972468502,False,False,2026-04-08T22:15:38.249114+00:00
1714221126988038235,mounjaro_weight,mounjaro,weight,2023-10-17T10:05:40+00:00,mywaypress,mywaypress,"Drug used in diabetes treatment Mounjaro helped dieters shed 60 pounds, study finds https://t.co/fCot5aGsp0",en,0,0,0,0,17,"<a href=""https://mobile.twitter.com"" rel=""nofollow"">Twitter Web App</a>",https://x.com/mywaypress/status/1714221126988038235,False,False,2026-04-08T22:15:38.249114+00:00
1714187503283171435,mounjaro_weight,mounjaro,weight,2023-10-17T07:52:03+00:00,lifesciencesmag,The Lifesciences Magazine,"Drug Used To Treat Diabetes Mounjaro Aided Dieters In Losing 60 Pounds, Research Reveals
When used in conjunction with a strict diet and regular exercise
Read More: https://t.co/Yh8onmgc6f
#diabetes #type #t #health #diabetic #diabetestype #diabetesawareness https://t.co/6ietXsprnG",en,0,0,0,0,24,"<a href=""https://mobile.twitter.com"" rel=""nofollow"">Twitter Web App</a>",https://x.com/lifesciencesmag/status/1714187503283171435,False,False,2026-04-08T22:15:38.249114+00:00
1714185751108186423,mounjaro_weight,mounjaro,weight,2023-10-17T07:45:05+00:00,KXAN_News,KXAN News,"Drug used in diabetes treatment Mounjaro helped dieters shed 60 pounds, study finds | Participants in both groups lost about 7% of their body weight, or almost 17 pounds (8 kilograms), during the diet-and-exercise phase. READ MORE: https://t.co/jzMLeQFUb6",en,1,0,0,0,3177,"<a href=""http://www.socialflow.com"" rel=""nofollow"">SocialFlow</a>",https://x.com/KXAN_News/status/1714185751108186423,False,False,2026-04-08T22:15:38.249114+00:00
1714179512391381339,mounjaro_weight,mounjaro,weight,2023-10-17T07:20:18+00:00,darupprecht,D. A. Rupprecht,"Drug used in diabetes treatment Mounjaro helped dieters shed 60 pounds, study finds https://t.co/TYGdfqO4RD",en,0,0,0,0,20,"<a href=""https://mobile.twitter.com"" rel=""nofollow"">Twitter Web App</a>",https://x.com/darupprecht/status/1714179512391381339,False,False,2026-04-08T22:15:38.249114+00:00
1714156840240435402,mounjaro_weight,mounjaro,weight,2023-10-17T05:50:12+00:00,FOX5Atlanta,FOX 5 Atlanta,"Mounjaro, typically for diabetes treatment, helped dieters lose 60 pounds in new study  https://t.co/y4WkFFwWS6",en,2,0,1,0,1307,"<a href=""https://trueanthem.com"" rel=""nofollow"">trueanthem_pro2</a>",https://x.com/FOX5Atlanta/status/1714156840240435402,False,False,2026-04-08T22:15:39.090467+00:00
1714149751338172558,mounjaro_weight,mounjaro,weight,2023-10-17T05:22:02+00:00,Realtime_india,Realtimeindia,"Drug used in diabetes treatment Mounjaro helped dieters shed 60 pounds, study finds, ET HealthWorld
https://t.co/KsJmsjhnTY",en,0,0,0,0,34,"<a href=""https://mobile.twitter.com"" rel=""nofollow"">Twitter Web App</a>",https://x.com/Realtime_india/status/1714149751338172558,False,False,2026-04-08T22:15:39.090467+00:00
1714106456977674740,mounjaro_weight,mounjaro,weight,2023-10-17T02:30:00+00:00,WGNMorningNews,WGN Morning News,"The medicine in the diabetes drug Mounjaro helped people with obesity or who are overweight lose at least a quarter of their body weight, or about 60 pounds on average, when combined with intensive diet and exercise, a new study shows.
https://t.co/lJa8L0DJa0",en,1,0,2,0,3175,"<a href=""https://mobile.twitter.com"" rel=""nofollow"">Twitter Web App</a>",https://x.com/WGNMorningNews/status/1714106456977674740,False,False,2026-04-08T22:15:39.090467+00:00
1714095182868521068,mounjaro_weight,mounjaro,weight,2023-10-17T01:45:12+00:00,fox13seattle,FOX 13 Seattle,"Mounjaro, typically for diabetes treatment, helped dieters lose 60 pounds in new study  https://t.co/N7wNMLqK1m",en,0,0,0,0,1908,"<a href=""https://trueanthem.com"" rel=""nofollow"">trueanthem_pro2</a>",https://x.com/fox13seattle/status/1714095182868521068,False,False,2026-04-08T22:15:39.090467+00:00
1714093883674522081,mounjaro_weight,mounjaro,weight,2023-10-17T01:40:02+00:00,YourNewsNet,NEWSnet,"Mounjaro, Used in Diabetes Treatment, Helped Dieters Shed Average of 60 Pounds, Study Finds | Click the image to read more ⬇ https://t.co/ikVDcRKsGG",en,0,0,0,0,36,"<a href=""https://www.socialnewsdesk.com"" rel=""nofollow"">Social News Desk (N)</a>",https://x.com/YourNewsNet/status/1714093883674522081,False,False,2026-04-08T22:15:39.090467+00:00
1714067220832178684,mounjaro_weight,mounjaro,weight,2023-10-16T23:54:05+00:00,sfastlicht,sfastlicht,"Drug used in diabetes treatment Mounjaro helped dieters shed 60 pounds, study finds https://t.co/7N7Rwbezf2",en,0,0,0,0,41,"<a href=""http://twitter.com/download/iphone"" rel=""nofollow"">Twitter for iPhone</a>",https://x.com/sfastlicht/status/1714067220832178684,False,False,2026-04-08T22:15:39.090467+00:00
1714066702583898556,mounjaro_weight,mounjaro,weight,2023-10-16T23:52:02+00:00,ZuckerbergRpt,The Free Press Review,"Drug Used in Diabetes Treatment Mounjaro Helped Dieters Shed 60 Pounds, Study Finds https://t.co/4UALK7TWVa",en,0,0,0,0,22,"<a href=""https://ifttt.com"" rel=""nofollow"">IFTTT</a>",https://x.com/ZuckerbergRpt/status/1714066702583898556,False,False,2026-04-08T22:15:39.090467+00:00
1714055620507361581,mounjaro_weight,mounjaro,weight,2023-10-16T23:08:00+00:00,1healthreporter,Health Reporter,"Tirzepatide, the ""King Kong"" of weight loss jabs, is turning heads with outstanding results. In a recent study, Tirzepatide users lost nearly a fifth more weight than those who didn't. 📉  

Find out more: https://t.co/tbZRITpZqD

#Tirzepatide #WeightLoss",en,0,0,0,0,35,"<a href=""https://mobile.twitter.com"" rel=""nofollow"">Twitter Web App</a>",https://x.com/1healthreporter/status/1714055620507361581,False,False,2026-04-08T22:15:39.091464+00:00
1714034450286198808,mounjaro_weight,mounjaro,weight,2023-10-16T21:43:52+00:00,WINYRadio,WINY Radio,"FROM THE WINY RADIO NEWSROOM: Drug used in diabetes treatment Mounjaro helped dieters shed 60 pounds, study finds
(AP)
https://t.co/Tzc9YLKgDY",en,0,0,0,0,120,"<a href=""https://mobile.twitter.com"" rel=""nofollow"">Twitter Web App</a>",https://x.com/WINYRadio/status/1714034450286198808,False,False,2026-04-08T22:15:39.091464+00:00
1714031273314856988,mounjaro_weight,mounjaro,weight,2023-10-16T21:31:15+00:00,FOX5Atlanta,FOX 5 Atlanta,"Mounjaro, typically for diabetes treatment, helped dieters lose 60 pounds in new study  https://t.co/r7LYxDZJak",en,0,0,1,0,1868,"<a href=""https://trueanthem.com"" rel=""nofollow"">trueanthem_pro2</a>",https://x.com/FOX5Atlanta/status/1714031273314856988,False,False,2026-04-08T22:15:39.091464+00:00
1714030965301854213,mounjaro_weight,mounjaro,weight,2023-10-16T21:30:01+00:00,WebMD,WebMD,"People at high risk of getting type 2 diabetes lost on average more than 18% of their weight when taking the weight loss drug tirzepatide, according to recent clinical trial results. https://t.co/wU0zgqr69T https://t.co/K2Av8ncxUW",en,1,4,24,0,8372,"<a href=""https://prod1.sprinklr.com"" rel=""nofollow"">Sprinklr Publishing</a>",https://x.com/WebMD/status/1714030965301854213,False,False,2026-04-08T22:15:39.091464+00:00
1714025303113179220,mounjaro_weight,mounjaro,weight,2023-10-16T21:07:31+00:00,MedPipeline,MedPipeline,"In Study, Diabetes Drug Mounjaro Helped Dieters Shed an Average of 60 Pounds - https://t.co/4p51GMOVMT MedNews https://t.co/2eHxJMjuSc #Mounjaro",en,0,0,0,0,62,"<a href=""https://mobile.twitter.com"" rel=""nofollow"">Twitter Web App</a>",https://x.com/MedPipeline/status/1714025303113179220,False,False,2026-04-08T22:15:39.091464+00:00
1714022928965374309,mounjaro_weight,mounjaro,weight,2023-10-16T20:58:05+00:00,CabbageTV,Shawn Cabbagestalk,"Drug used in diabetes treatment Mounjaro helped dieters shed 60 pounds, study finds https://t.co/wUq5e1b1un",en,0,0,0,0,51,"<a href=""https://dlvrit.com/"" rel=""nofollow"">dlvr.it</a>",https://x.com/CabbageTV/status/1714022928965374309,False,False,2026-04-08T22:15:39.091464+00:00
1714019633408221365,mounjaro_weight,mounjaro,weight,2023-10-16T20:45:00+00:00,syracusedotcom,syracuse.com,"Diabetes drug Mounjaro helps dieters lose 60 pounds, study finds https://t.co/t9Py8mmVQj",en,0,0,0,0,1204,"<a href=""https://twitter.com"" rel=""nofollow"">TweetDeck Web App</a>",https://x.com/syracusedotcom/status/1714019633408221365,False,False,2026-04-08T22:15:39.091464+00:00
1714008311081906449,mounjaro_weight,mounjaro,weight,2023-10-16T20:00:00+00:00,HealthNewsFL,Health News Florida,Study: Drug  in diabetes treatment Mounjaro helped dieters shed 60 pounds https://t.co/4LbguSu0et,en,0,0,0,0,57,"<a href=""https://mobile.twitter.com"" rel=""nofollow"">Twitter Web App</a>",https://x.com/HealthNewsFL/status/1714008311081906449,False,False,2026-04-08T22:15:39.091464+00:00
1714007889906372728,mounjaro_weight,mounjaro,weight,2023-10-16T19:58:20+00:00,bioethicsdotcom,bioethics.com,"Drug Used in Diabetes Treatment Mounjaro Helped Dieters Shed 60 Pounds, Study Finds https://t.co/YplBfZOyTp",en,0,0,0,0,73,"<a href=""https://ifttt.com"" rel=""nofollow"">IFTTT</a>",https://x.com/bioethicsdotcom/status/1714007889906372728,False,False,2026-04-08T22:15:39.092462+00:00
1713994424231846184,mounjaro_weight,mounjaro,weight,2023-10-16T19:04:49+00:00,TribLIVE,TribLIVE.com,"The medicine in the diabetes drug Mounjaro helped people with obesity or who are overweight lose at least a quarter of their body weight, or about 60 pounds on average, when combined with intensive diet and exercise, a new study shows.  https://t.co/6M7fvJdP2r",en,0,0,1,0,1357,"<a href=""https://sproutsocial.com"" rel=""nofollow"">Sprout Social</a>",https://x.com/TribLIVE/status/1713994424231846184,False,False,2026-04-08T22:15:39.092462+00:00
1713982755128635533,mounjaro_weight,mounjaro,weight,2023-10-16T18:18:27+00:00,Drugscom,Drugs.com,"In Study, Diabetes Drug #Mounjaro Helped Dieters Shed an Average of 60 Pounds - https://t.co/WUMvhGZARe",en,0,1,1,0,368,"<a href=""http://www.drugs.com"" rel=""nofollow"">Drugs.com</a>",https://x.com/Drugscom/status/1713982755128635533,False,False,2026-04-08T22:15:39.092462+00:00
1713982014469091665,mounjaro_weight,mounjaro,weight,2023-10-16T18:15:31+00:00,FOX29philly,FOX 29,"Mounjaro, typically for diabetes treatment, helped dieters lose 60 pounds in new study  https://t.co/WWX2ouXBkh",en,0,0,0,0,2508,"<a href=""https://trueanthem.com"" rel=""nofollow"">trueanthem_pro2</a>",https://x.com/FOX29philly/status/1713982014469091665,False,False,2026-04-08T22:15:39.092462+00:00
1713978639048397231,mounjaro_weight,mounjaro,weight,2023-10-16T18:02:06+00:00,WVNS59News,WVNS 59News,"The medicine in the diabetes drug Mounjaro helped people with obesity or who are overweight lose at least a quarter of their body weight, or about 60 pounds on average when combined with intensive diet and exercise, a new study shows.
https://t.co/FjjKswRBLX",en,0,0,4,0,288,"<a href=""http://www.socialflow.com"" rel=""nofollow"">SocialFlow</a>",https://x.com/WVNS59News/status/1713978639048397231,False,False,2026-04-08T22:15:39.092462+00:00
1713974360262754408,mounjaro_weight,mounjaro,weight,2023-10-16T17:45:06+00:00,StarAdvertiser,Star-Advertiser,"The medicine in the diabetes drug #Mounjaro helped people with obesity or who are overweight lose at least a quarter of their body weight, or about 60 pounds on average, when combined with intensive diet and exercise, a new study shows.

More: https://t.co/Adp6wFoehP",en,0,0,2,0,1012,"<a href=""https://app.sendible.com"" rel=""nofollow"">Sendible</a>",https://x.com/StarAdvertiser/status/1713974360262754408,False,False,2026-04-08T22:15:40.090953+00:00
1713971740785721353,mounjaro_weight,mounjaro,weight,2023-10-16T17:34:41+00:00,DarrinFRobinson,Darrin Robinson,"IT DOESNT WORK WITHOUT MAHOR DIET CHANGE. YOU DONT NEED PILLS!

""The medicine in the diabetes drug Mounjaro helped people with obesity lose about 27 kilograms (60 pounds) on average, when combined with INTENSIVE DIET and EXERCISE, a new study shows.""

https://t.co/MZa0w187Bg",en,0,0,1,0,75,"<a href=""http://twitter.com/download/android"" rel=""nofollow"">Twitter for Android</a>",https://x.com/DarrinFRobinson/status/1713971740785721353,False,False,2026-04-08T22:15:40.091948+00:00
1713966823614406665,mounjaro_weight,mounjaro,weight,2023-10-16T17:15:09+00:00,fox13seattle,FOX 13 Seattle,"Mounjaro, typically for diabetes treatment, helped dieters lose 60 pounds in new study  https://t.co/H5PEgMFYtE",en,0,1,2,0,1372,"<a href=""https://trueanthem.com"" rel=""nofollow"">trueanthem_pro2</a>",https://x.com/fox13seattle/status/1713966823614406665,False,False,2026-04-08T22:15:40.091948+00:00
1713966790995526061,mounjaro_weight,mounjaro,weight,2023-10-16T17:15:01+00:00,NEWSMAX,NEWSMAX,"The medicine in the diabetes drug Mounjaro helped people with obesity or who are overweight lose at least a quarter of their body weight, or about 60 pounds on average, when combined with intensive diet and exercise, a new study shows. https://t.co/hPNQ2tnd85",en,11,15,56,2,29700,"<a href=""http://www.socialbakers.com/"" rel=""nofollow"">Emplifi</a>",https://x.com/NEWSMAX/status/1713966790995526061,False,False,2026-04-08T22:15:40.091948+00:00
1713949575453495577,mounjaro_weight,mounjaro,weight,2023-10-16T16:06:37+00:00,CharlesBLedford,Charles B. Ledford,"Drug used in diabetes treatment Mounjaro helped dieters shed 60 pounds, study finds
https://t.co/cgokZ348VS",en,0,0,0,0,21,"<a href=""http://twitter.com/download/android"" rel=""nofollow"">Twitter for Android</a>",https://x.com/CharlesBLedford/status/1713949575453495577,False,False,2026-04-08T22:15:40.091948+00:00
1713946797415321782,mounjaro_weight,mounjaro,weight,2023-10-16T15:55:34+00:00,AmberOwens18,Amber Deese Owens,Mounjaro helps patients lose 60+ pounds in study https://t.co/9QHXrm2aun https://t.co/Lk0etfsf3L,en,0,0,0,0,102,"<a href=""https://dlvrit.com/"" rel=""nofollow"">dlvr.it</a>",https://x.com/AmberOwens18/status/1713946797415321782,False,False,2026-04-08T22:15:40.091948+00:00
1713945656144835028,mounjaro_weight,mounjaro,weight,2023-10-16T15:51:02+00:00,stalbertgazette,St Albert Gazette,"Drug used in diabetes treatment Mounjaro helped dieters shed 60 pounds, study finds https://t.co/SEffO29N6H",en,0,0,0,0,220,"<a href=""https://www.socialnewsdesk.com"" rel=""nofollow"">Social News Desk (Q)</a>",https://x.com/stalbertgazette/status/1713945656144835028,False,False,2026-04-08T22:15:40.091948+00:00
1713945655121469691,mounjaro_weight,mounjaro,weight,2023-10-16T15:51:02+00:00,WestlockNews,Westlock News,"Drug used in diabetes treatment Mounjaro helped dieters shed 60 pounds, study finds https://t.co/MNAXxyx0KL",en,0,0,0,0,59,"<a href=""https://www.socialnewsdesk.com"" rel=""nofollow"">Social News Desk (Q)</a>",https://x.com/WestlockNews/status/1713945655121469691,False,False,2026-04-08T22:15:40.091948+00:00
1713945654060339258,mounjaro_weight,mounjaro,weight,2023-10-16T15:51:02+00:00,BarrheadLeader,Barrhead Leader,"Drug used in diabetes treatment Mounjaro helped dieters shed 60 pounds, study finds https://t.co/Yxmb92Xlp7",en,0,0,0,0,25,"<a href=""https://www.socialnewsdesk.com"" rel=""nofollow"">Social News Desk (Q)</a>",https://x.com/BarrheadLeader/status/1713945654060339258,False,False,2026-04-08T22:15:40.091948+00:00
1713945653921960349,mounjaro_weight,mounjaro,weight,2023-10-16T15:51:02+00:00,AthaAdvocate,Athabasca Advocate,"Drug used in diabetes treatment Mounjaro helped dieters shed 60 pounds, study finds https://t.co/YUpfPamLhk",en,0,0,0,0,34,"<a href=""https://www.socialnewsdesk.com"" rel=""nofollow"">Social News Desk (Q)</a>",https://x.com/AthaAdvocate/status/1713945653921960349,False,False,2026-04-08T22:15:40.091948+00:00
1713945653749907515,mounjaro_weight,mounjaro,weight,2023-10-16T15:51:02+00:00,rmoutlook,Rocky Mountain Outlook,"Drug used in diabetes treatment Mounjaro helped dieters shed 60 pounds, study finds https://t.co/NppLaKuIYP",en,0,0,0,0,351,"<a href=""https://www.socialnewsdesk.com"" rel=""nofollow"">Social News Desk (Q)</a>",https://x.com/rmoutlook/status/1713945653749907515,False,False,2026-04-08T22:15:40.091948+00:00
1713944918224236797,mounjaro_weight,mounjaro,weight,2023-10-16T15:48:06+00:00,BvilleNouvelle,Bonnyville Nouvelle,"Drug used in diabetes treatment Mounjaro helped dieters shed 60 pounds, study finds https://t.co/wJVEfYx2hg",en,0,0,0,0,39,"<a href=""https://www.socialnewsdesk.com"" rel=""nofollow"">Social News Desk (Q)</a>",https://x.com/BvilleNouvelle/status/1713944918224236797,False,False,2026-04-08T22:15:40.091948+00:00
1713944900851392819,mounjaro_weight,mounjaro,weight,2023-10-16T15:48:02+00:00,LLT_ColdLake,LakelandTODAY_ColdLake,"Drug used in diabetes treatment Mounjaro helped dieters shed 60 pounds, study finds https://t.co/qV4Z6VCg1P",en,0,0,0,0,23,"<a href=""https://www.socialnewsdesk.com"" rel=""nofollow"">Social News Desk (Q)</a>",https://x.com/LLT_ColdLake/status/1713944900851392819,False,False,2026-04-08T22:15:40.091948+00:00
1713944900180279320,mounjaro_weight,mounjaro,weight,2023-10-16T15:48:02+00:00,TandCTODAY,TownandCountryTODAY,"Drug used in diabetes treatment Mounjaro helped dieters shed 60 pounds, study finds https://t.co/O13QuEAyP9",en,0,0,0,0,18,"<a href=""https://www.socialnewsdesk.com"" rel=""nofollow"">Social News Desk (J)</a>",https://x.com/TandCTODAY/status/1713944900180279320,False,False,2026-04-08T22:15:40.091948+00:00
1713944899970560086,mounjaro_weight,mounjaro,weight,2023-10-16T15:48:02+00:00,LLBPOSTnews,LLBPOST,"Drug used in diabetes treatment Mounjaro helped dieters shed 60 pounds, study finds https://t.co/JDo0jkl0Il",en,0,0,0,0,29,"<a href=""https://www.socialnewsdesk.com"" rel=""nofollow"">Social News Desk (Q)</a>",https://x.com/LLBPOSTnews/status/1713944899970560086,False,False,2026-04-08T22:15:40.092945+00:00
1713944899958059021,mounjaro_weight,mounjaro,weight,2023-10-16T15:48:02+00:00,StPaulJournal,St. Paul Journal,"Drug used in diabetes treatment Mounjaro helped dieters shed 60 pounds, study finds https://t.co/N9u2kZF3LM",en,0,0,0,0,66,"<a href=""https://www.socialnewsdesk.com"" rel=""nofollow"">Social News Desk (Q)</a>",https://x.com/StPaulJournal/status/1713944899958059021,False,False,2026-04-08T22:15:40.092945+00:00
1713944899395928326,mounjaro_weight,mounjaro,weight,2023-10-16T15:48:02+00:00,ab_primetimes,Alberta Prime Times,"The medicine in the diabetes drug Mounjaro helped people with obesity or who are overweight lose at least a quarter of their body weight, or about 60 pounds on average, when combined with intensive diet and exercise, a new study shows. https://t.co/58AIaFEkNn",en,0,0,0,0,27,"<a href=""https://www.socialnewsdesk.com"" rel=""nofollow"">Social News Desk (Q)</a>",https://x.com/ab_primetimes/status/1713944899395928326,False,False,2026-04-08T22:15:40.092945+00:00
1713944899383337019,mounjaro_weight,mounjaro,weight,2023-10-16T15:48:02+00:00,LakelandToday,LakelandTODAY,"Drug used in diabetes treatment Mounjaro helped dieters shed 60 pounds, study finds https://t.co/VHlO8ikXdQ",en,0,0,0,0,20,"<a href=""https://www.socialnewsdesk.com"" rel=""nofollow"">Social News Desk (Q)</a>",https://x.com/LakelandToday/status/1713944899383337019,False,False,2026-04-08T22:15:40.092945+00:00
1713944898787758180,mounjaro_weight,mounjaro,weight,2023-10-16T15:48:02+00:00,WesternWheel,Western Wheel,"Drug used in diabetes treatment Mounjaro helped dieters shed 60 pounds, study finds https://t.co/aN9XgLZLpT",en,0,0,0,0,185,"<a href=""https://www.socialnewsdesk.com"" rel=""nofollow"">Social News Desk (Q)</a>",https://x.com/WesternWheel/status/1713944898787758180,False,False,2026-04-08T22:15:40.092945+00:00
1713944898477428803,mounjaro_weight,mounjaro,weight,2023-10-16T15:48:02+00:00,TheAlbertan_,The Albertan,"Drug used in diabetes treatment Mounjaro helped dieters shed 60 pounds, study finds https://t.co/sKGLtzojgU",en,0,0,0,0,44,"<a href=""https://www.socialnewsdesk.com"" rel=""nofollow"">Social News Desk (Q)</a>",https://x.com/TheAlbertan_/status/1713944898477428803,False,False,2026-04-08T22:15:40.092945+00:00
1713944649344172394,mounjaro_weight,mounjaro,weight,2023-10-16T15:47:02+00:00,rockyviewweekly,RockyViewWeekly,"Drug used in diabetes treatment Mounjaro helped dieters shed 60 pounds, study finds https://t.co/DEpNFS6N2b",en,0,0,0,0,58,"<a href=""https://www.socialnewsdesk.com"" rel=""nofollow"">Social News Desk (Q)</a>",https://x.com/rockyviewweekly/status/1713944649344172394,False,False,2026-04-08T22:15:40.888656+00:00
1713944156849004953,mounjaro_weight,mounjaro,weight,2023-10-16T15:45:05+00:00,reaganroy,Reagan Roy-Young,"The medicine in the diabetes drug Mounjaro helped people with obesity or who are overweight lose at least a quarter of their body weight, or about 60 pounds on average, when combined with intensive diet and exercise, a new study shows. https://t.co/PUgOYh3tBF",en,0,0,1,0,98,"<a href=""http://erased27600613_X90OHPCkk8.com"" rel=""nofollow"">erased27600613_X90OHPCkk8</a>",https://x.com/reaganroy/status/1713944156849004953,False,False,2026-04-08T22:15:40.888656+00:00
1713944156786041200,mounjaro_weight,mounjaro,weight,2023-10-16T15:45:05+00:00,kytxcbs19,KYTX CBS19,"The medicine in the diabetes drug Mounjaro helped people with obesity or who are overweight lose at least a quarter of their body weight, or about 60 pounds on average, when combined with intensive diet and exercise, a new study shows. https://t.co/7zX4VyB8FV",en,0,0,0,0,100,"<a href=""https://www.socialnewsdesk.com"" rel=""nofollow"">Social News Desk (Q)</a>",https://x.com/kytxcbs19/status/1713944156786041200,False,False,2026-04-08T22:15:40.888656+00:00
1713940516721562051,mounjaro_weight,mounjaro,weight,2023-10-16T15:30:37+00:00,HealthDayTweets,HealthDay News,"Achieving your weight-loss goals may be a reality 💪 A new trial using the diabetes drug Mounjaro combined with exercise 🚲 and diet 🥗 has demonstrated that even overweight and obese individuals can lose up 60 pounds 🤩 #WeightLoss #HealthGoals #Diabetes

https://t.co/PZ0QcBIuo0 https://t.co/Q9ihsndDTj",en,0,0,1,0,51,"<a href=""https://www.hootsuite.com"" rel=""nofollow"">Hootsuite Inc.</a>",https://x.com/HealthDayTweets/status/1713940516721562051,False,False,2026-04-08T22:15:40.888656+00:00
1713924097401381323,mounjaro_weight,mounjaro,weight,2023-10-16T14:25:22+00:00,RaviRomo,Ravi Romo,"Drug used in diabetes treatment Mounjaro helped dieters shed 60 pounds, study finds https://t.co/0OfN0QHLIP",en,0,0,0,0,23,"<a href=""https://mobile.twitter.com"" rel=""nofollow"">Twitter Web App</a>",https://x.com/RaviRomo/status/1713924097401381323,False,False,2026-04-08T22:15:40.888656+00:00
1713920271105589545,mounjaro_weight,mounjaro,weight,2023-10-16T14:10:10+00:00,moneyballinvest,Moneyball Investing 🌌,"$PEP $NVO $LLY $KO $WMT $TGT $CVS

There is a lot of chatter around the impact #ozempic and similar treatments may have on food companies and grocery stores. 🛒

I'll admit, each night when I watch tv there is a non-stop barage of ads for #ozempic , rybelsus, jardiance, and mounjaro. 📺📣

These treatments have mass global appeal. 🌎

But to say that these drugs could put a dent in retail outlets seems like a stretch. Remember, businesses like $PEP and $KO have been battling the competition for decades. And sometimes this competition comes in the form of dieting fads. 👀

$PEP CFO recently spoke about the impacts #ozempic is having on its snacking biz. I was pretty surprised (and encouraged) by his insights. 🤔

If you're interested in learning how these appetite-curbing medications are impacting food companies, consider reading my memo below 👇",en,1,1,0,0,344,"<a href=""https://mobile.twitter.com"" rel=""nofollow"">Twitter Web App</a>",https://x.com/moneyballinvest/status/1713920271105589545,False,False,2026-04-08T22:15:40.889666+00:00
1713910229488775663,mounjaro_weight,mounjaro,weight,2023-10-16T13:30:16+00:00,wnct9,WNCT,"The medicine in the diabetes drug Mounjaro helped people with obesity or who are overweight lose at least a quarter of their body weight, or about 60 pounds on average when combined with intensive diet and exercise, a new study shows. https://t.co/Ywu7I8mqEC",en,0,0,0,0,193,"<a href=""http://www.socialflow.com"" rel=""nofollow"">SocialFlow</a>",https://x.com/wnct9/status/1713910229488775663,False,False,2026-04-08T22:15:40.889666+00:00
1713909018190585898,mounjaro_weight,mounjaro,weight,2023-10-16T13:25:27+00:00,DeviantTruMasta,Deviant Tru Masta,"https://t.co/AbpGzjQM42

The medicine in the diabetes drug Mounjaro helped people with obesity or who are overweight lose at least a quarter of their body weight, or about 60 pounds on...",en,0,0,0,0,19,"<a href=""http://twitter.com/download/android"" rel=""nofollow"">Twitter for Android</a>",https://x.com/DeviantTruMasta/status/1713909018190585898,False,False,2026-04-08T22:15:40.889666+00:00
1713902686670668241,mounjaro_weight,mounjaro,weight,2023-10-16T13:00:17+00:00,FOX5Atlanta,FOX 5 Atlanta,"Mounjaro, typically for diabetes treatment, helped dieters lose 60 pounds in new study  https://t.co/v89Yi0Tbjf",en,0,0,3,0,1576,"<a href=""https://trueanthem.com"" rel=""nofollow"">trueanthem_pro2</a>",https://x.com/FOX5Atlanta/status/1713902686670668241,False,False,2026-04-08T22:15:40.889666+00:00
1713898842091884657,mounjaro_weight,mounjaro,weight,2023-10-16T12:45:01+00:00,KRLD,1080 KRLD,"Drug used in diabetes treatment Mounjaro helped dieters shed 60 pounds, study finds https://t.co/vYxzXJQWn3",en,0,0,0,0,530,"<a href=""https://sproutsocial.com"" rel=""nofollow"">Sprout Social</a>",https://x.com/KRLD/status/1713898842091884657,False,False,2026-04-08T22:15:40.889666+00:00
1713897338643571019,mounjaro_weight,mounjaro,weight,2023-10-16T12:39:02+00:00,ACinNYC2K19,"Aaron R.Chidakel, MD",Study: Adults participating in a 12-week lifestyle intervention followed by 72  weeks of tirzepatide lost a mean 24.3% of their body weight. https://t.co/CKty4CEmU0 #Mounjaro #GLP1 #WeightLoss #obesity #health,en,0,0,0,0,119,"<a href=""https://mobile.twitter.com"" rel=""nofollow"">Twitter Web App</a>",https://x.com/ACinNYC2K19/status/1713897338643571019,False,False,2026-04-08T22:15:40.889666+00:00
1713897001400541556,mounjaro_weight,mounjaro,weight,2023-10-16T12:37:42+00:00,ProMarketNotes,ProMarketNotes,"#EliLilly's (#LLY) #diabetes drug #Mounjaro helped people shed a quarter of their weight. On average, patients lost 60 pounds (27 kilograms). Mounjaro was approved in the United States in May 2022. https://t.co/pti7BDsdMa",en,1,0,0,0,192,"<a href=""https://mobile.twitter.com"" rel=""nofollow"">Twitter Web App</a>",https://x.com/ProMarketNotes/status/1713897001400541556,False,False,2026-04-08T22:15:40.889666+00:00
1713895765129486783,mounjaro_weight,mounjaro,weight,2023-10-16T12:32:47+00:00,nvilleledger,Nashville Ledger,"Drug used in diabetes treatment Mounjaro helped dieters shed 60 pounds, study finds https://t.co/e693QXHrm8",en,0,0,0,0,84,"<a href=""https://www.hootsuite.com"" rel=""nofollow"">Hootsuite Inc.</a>",https://x.com/nvilleledger/status/1713895765129486783,False,False,2026-04-08T22:15:40.889666+00:00
1713882738351059067,mounjaro_weight,mounjaro,weight,2023-10-16T11:41:01+00:00,FOX61News,FOX61,"Drug used in diabetes treatment Mounjaro helped dieters shed 60 pounds, study finds https://t.co/WBwxabczNa",en,0,0,1,0,992,"<a href=""https://www.socialnewsdesk.com"" rel=""nofollow"">Social News Desk (J)</a>",https://x.com/FOX61News/status/1713882738351059067,False,False,2026-04-08T22:15:40.889666+00:00
1713881983758028857,mounjaro_weight,mounjaro,weight,2023-10-16T11:38:01+00:00,newscentermaine,NEWS CENTER Maine,"Drug used in diabetes treatment Mounjaro helped dieters shed 60 pounds, study finds https://t.co/Kjpxg0ShSK",en,1,0,2,0,2062,"<a href=""https://www.socialnewsdesk.com"" rel=""nofollow"">Social News Desk (J)</a>",https://x.com/newscentermaine/status/1713881983758028857,False,False,2026-04-08T22:15:40.890663+00:00
1713879837780390394,mounjaro_weight,mounjaro,weight,2023-10-16T11:29:30+00:00,DunyaNews,Dunya News,"Drug used in diabetes treatment Mounjaro helped dieters shed 60 pounds, study finds
https://t.co/YcESTfM5ek",en,0,1,3,0,2593,"<a href=""https://mobile.twitter.com"" rel=""nofollow"">Twitter Web App</a>",https://x.com/DunyaNews/status/1713879837780390394,False,False,2026-04-08T22:15:40.890663+00:00
1713879599971733570,mounjaro_weight,mounjaro,weight,2023-10-16T11:28:33+00:00,NewsmaxHealth,NEWSMAX Health,Diabetes Drug Mounjaro Helped Dieters Lose 60 Pounds https://t.co/Bel0qcWnVt,en,0,0,0,0,43,"<a href=""https://dlvrit.com/"" rel=""nofollow"">dlvr.it</a>",https://x.com/NewsmaxHealth/status/1713879599971733570,False,False,2026-04-08T22:15:40.890663+00:00
1713872304973959247,mounjaro_weight,mounjaro,weight,2023-10-16T10:59:34+00:00,nasser_mo3gza,Ńasser 1️⃣ Million Tweets 🐦,"Drug used in diabetes treatment Mounjaro helped dieters shed 60 pounds, study finds - Yahoo Finance https://t.co/INAX8UWkIW [via @googlenews] https://t.co/bOfsiCUgzK",en,0,0,0,0,8,"<a href=""https://dlvrit.com/"" rel=""nofollow"">dlvr.it</a>",https://x.com/nasser_mo3gza/status/1713872304973959247,False,False,2026-04-08T22:15:40.890663+00:00
1713869297322500402,mounjaro_weight,mounjaro,weight,2023-10-16T10:47:37+00:00,lindawolfeugc,Linda Wolfe +50 UGC,"Compounded meds work fine and it’s the only affordable option for so many people. I can’t afford 1,000 a month. I lost 70 pounds and am at a healthy weight for the first time in my life. When Mounjaro becomes affordable I will switch back but until then, I have no other choice than to use compounded meds.",en,1,0,2,0,401,"<a href=""http://twitter.com/download/iphone"" rel=""nofollow"">Twitter for iPhone</a>",https://x.com/lindawolfeugc/status/1713869297322500402,False,True,2026-04-08T22:15:40.890663+00:00
1713864915679662415,mounjaro_weight,mounjaro,weight,2023-10-16T10:30:12+00:00,fox6now,FOX6 News,"Mounjaro, typically for diabetes treatment, helped dieters lose 60 pounds in new study  https://t.co/srgoDZOLip",en,0,0,0,0,998,"<a href=""https://trueanthem.com"" rel=""nofollow"">trueanthem_pro2</a>",https://x.com/fox6now/status/1713864915679662415,False,False,2026-04-08T22:15:40.890663+00:00
1713857538158997928,mounjaro_weight,mounjaro,weight,2023-10-16T10:00:53+00:00,FOX10Phoenix,FOX 10 Phoenix,"Mounjaro, typically for diabetes treatment, helped dieters lose 60 pounds in new study  https://t.co/TZwWUBwtCS",en,0,0,2,0,1714,"<a href=""https://trueanthem.com"" rel=""nofollow"">trueanthem_pro2</a>",https://x.com/FOX10Phoenix/status/1713857538158997928,False,False,2026-04-08T22:15:41.629928+00:00
1713845990325637256,mounjaro_weight,mounjaro,weight,2023-10-16T09:15:00+00:00,WDRBNews,WDRB News,"Drug used in diabetes treatment Mounjaro helped dieters shed 60 pounds, study finds https://t.co/QCHjjWd7SO",en,0,0,3,0,2041,"<a href=""https://www.socialnewsdesk.com"" rel=""nofollow"">Social News Desk (E)</a>",https://x.com/WDRBNews/status/1713845990325637256,False,False,2026-04-08T22:15:41.629928+00:00
1713842255667024118,mounjaro_weight,mounjaro,weight,2023-10-16T09:00:10+00:00,nbcbayarea,NBC Bay Area,"The medicine in the diabetes drug Mounjaro helped people with obesity or who are overweight lose at least a quarter of their body weight, or about 60 pounds on average, when combined with intensive diet and exercise, a new study shows. https://t.co/Eps4p7Wu9x",en,1,0,1,0,2585,"<a href=""http://www.socialflow.com"" rel=""nofollow"">SocialFlow</a>",https://x.com/nbcbayarea/status/1713842255667024118,False,False,2026-04-08T22:15:41.629928+00:00
1713830940210823198,mounjaro_weight,mounjaro,weight,2023-10-16T08:15:12+00:00,fox5dc,FOX 5 DC,"Mounjaro, typically for diabetes treatment, helped dieters lose 60 pounds in new study  https://t.co/YZs9CpvPW0",en,0,0,0,0,1917,"<a href=""https://trueanthem.com"" rel=""nofollow"">trueanthem_pro2</a>",https://x.com/fox5dc/status/1713830940210823198,False,False,2026-04-08T22:15:41.629928+00:00
1713828294083109138,mounjaro_weight,mounjaro,weight,2023-10-16T08:04:41+00:00,nbcwashington,NBC4 Washington,"The medicine in the diabetes drug Mounjaro helped people with obesity or who are overweight lose at least a quarter of their body weight, or about 60 pounds on average, when combined with intensive diet and exercise, a new study shows. https://t.co/kS5OWYg1BD",en,1,1,3,0,3690,"<a href=""http://www.socialflow.com"" rel=""nofollow"">SocialFlow</a>",https://x.com/nbcwashington/status/1713828294083109138,False,False,2026-04-08T22:15:41.629928+00:00
1713827233167519779,mounjaro_weight,mounjaro,weight,2023-10-16T08:00:28+00:00,WR_Record,Waterloo Region Record,"Drug used in diabetes treatment Mounjaro helped dieters shed 60 pounds, study finds
https://t.co/UEzMLof6MB",en,0,0,1,0,1134,"<a href=""https://app.agorapulse.com"" rel=""nofollow"">Agorapulse app</a>",https://x.com/WR_Record/status/1713827233167519779,False,False,2026-04-08T22:15:41.629928+00:00
1713827119954800975,mounjaro_weight,mounjaro,weight,2023-10-16T08:00:01+00:00,jobrx,JobRx.com,"Drug used in diabetes treatment Mounjaro helped dieters shed 60 pounds, study finds

The medicine in the diabetes drug Mounjaro helped people with obesity or who are overweight lose at least a quarter of their body weight, or about 60 pounds on ...

https://t.co/A7jqr2u9c1 https://t.co/dcGyiJDzYo",en,0,0,0,0,58,"<a href=""https://buffer.com"" rel=""nofollow"">Buffer App</a>",https://x.com/jobrx/status/1713827119954800975,False,False,2026-04-08T22:15:41.630923+00:00
1713812791201611975,mounjaro_weight,mounjaro,weight,2023-10-16T07:03:05+00:00,keloland,KELOLAND News,"The medicine in the diabetes drug Mounjaro helped people with obesity or who are overweight lose at least a quarter of their body weight, or about 60 pounds on average when combined with intensive diet and exercise, a new study shows.
https://t.co/8SjbJhlLT3 https://t.co/25x5MP6Hoe",en,2,0,0,0,2540,"<a href=""http://www.socialflow.com"" rel=""nofollow"">SocialFlow</a>",https://x.com/keloland/status/1713812791201611975,False,False,2026-04-08T22:15:41.630923+00:00
1713798380672131556,mounjaro_weight,mounjaro,weight,2023-10-16T06:05:49+00:00,DunyaNews,Dunya News,"Drug used in diabetes treatment Mounjaro helped dieters shed 60 pounds, study finds
https://t.co/UcfoHcQnPA https://t.co/NEWWHrjTCk",en,2,0,7,0,3548,"<a href=""https://mobile.twitter.com"" rel=""nofollow"">Twitter Web App</a>",https://x.com/DunyaNews/status/1713798380672131556,False,False,2026-04-08T22:15:41.630923+00:00
1713781872013050269,mounjaro_weight,mounjaro,weight,2023-10-16T05:00:13+00:00,DCNewsNow,DC News Now,"The medicine in the diabetes drug Mounjaro helped people with obesity or who are overweight lose at least a quarter of their body weight, or about 60 pounds on average when combined with intensive diet and exercise, a new study shows.
https://t.co/LN9NCOBTpb",en,0,0,0,0,431,"<a href=""http://www.socialflow.com"" rel=""nofollow"">SocialFlow</a>",https://x.com/DCNewsNow/status/1713781872013050269,False,False,2026-04-08T22:15:41.630923+00:00
1713770522356449295,mounjaro_weight,mounjaro,weight,2023-10-16T04:15:07+00:00,fox5ny,FOX 5 NY,"Mounjaro, typically for diabetes treatment, helped dieters lose 60 pounds in new study  https://t.co/AuNQP2Uba4",en,1,0,1,0,920,"<a href=""https://trueanthem.com"" rel=""nofollow"">trueanthem_pro2</a>",https://x.com/fox5ny/status/1713770522356449295,False,False,2026-04-08T22:15:41.630923+00:00
1713767315886453018,mounjaro_weight,mounjaro,weight,2023-10-16T04:02:23+00:00,KGETnews,KGET 17 News,"The medicine in the diabetes drug Mounjaro helped people with obesity or who are overweight lose at least a quarter of their body weight, or about 60 pounds on average when combined with intensive diet and exercise, a new study shows. https://t.co/wPI2wOgcPn https://t.co/43Y6qjsAIE",en,0,1,3,0,1996,"<a href=""http://www.socialflow.com"" rel=""nofollow"">SocialFlow</a>",https://x.com/KGETnews/status/1713767315886453018,False,False,2026-04-08T22:15:41.630923+00:00
1713766049290547490,mounjaro_weight,mounjaro,weight,2023-10-16T03:57:21+00:00,MyWayOnNow,OnNow,"The medicine in the diabetes drug #Mounjaro helped people with obesity or who are overweight lose at least a quarter of their body weight, or about 60 pounds on average, when combined with intensive diet and exercise, a new study shows. https://t.co/FPJtAooUrB #newsnow #diabetes",en,0,0,0,0,71,"<a href=""http://twitter.com/download/android"" rel=""nofollow"">Twitter for Android</a>",https://x.com/MyWayOnNow/status/1713766049290547490,False,False,2026-04-08T22:15:41.630923+00:00
1713762981505380507,mounjaro_weight,mounjaro,weight,2023-10-16T03:45:09+00:00,fox7austin,FOX 7 Austin,"Mounjaro, typically for diabetes treatment, helped dieters lose 60 pounds in new study  https://t.co/vhmTp55rJr",en,0,0,1,0,1180,"<a href=""https://trueanthem.com"" rel=""nofollow"">trueanthem_pro2</a>",https://x.com/fox7austin/status/1713762981505380507,False,False,2026-04-08T22:15:41.631919+00:00
1713759239196291300,mounjaro_weight,mounjaro,weight,2023-10-16T03:30:17+00:00,fox35orlando,FOX 35 Orlando,"Mounjaro, typically for diabetes treatment, helped dieters lose 60 pounds in new study  https://t.co/t8rq5T5HbD",en,0,1,0,0,1711,"<a href=""https://trueanthem.com"" rel=""nofollow"">trueanthem_pro2</a>",https://x.com/fox35orlando/status/1713759239196291300,False,False,2026-04-08T22:15:41.631919+00:00
1713756772287099320,mounjaro_weight,mounjaro,weight,2023-10-16T03:20:29+00:00,fox32news,FOX 32 News,"Mounjaro, typically for diabetes treatment, helped dieters lose 60 pounds in new study  https://t.co/kLjyEqQBSo",en,1,0,2,1,2241,"<a href=""https://trueanthem.com"" rel=""nofollow"">trueanthem_pro2</a>",https://x.com/fox32news/status/1713756772287099320,False,False,2026-04-08T22:15:41.631919+00:00
1713756239895679130,mounjaro_weight,mounjaro,weight,2023-10-16T03:18:22+00:00,qadeer444,Qadeer Manda,"Eli Lilly's diabetes drug Mounjaro helps people lose 25% of body weight or 60 pounds on average, study says
https://t.co/9QZTXWj8T5",en,0,0,0,0,26,"<a href=""https://mobile.twitter.com"" rel=""nofollow"">Twitter Web App</a>",https://x.com/qadeer444/status/1713756239895679130,False,False,2026-04-08T22:15:41.631919+00:00
1713755442092851644,mounjaro_weight,mounjaro,weight,2023-10-16T03:15:12+00:00,FOX9,FOX 9,"Mounjaro, typically for diabetes treatment, helped dieters lose 60 pounds in new study  https://t.co/XeCFsWGsQC",en,0,0,1,0,2910,"<a href=""https://trueanthem.com"" rel=""nofollow"">trueanthem_pro2</a>",https://x.com/FOX9/status/1713755442092851644,False,False,2026-04-08T22:15:41.631919+00:00
1713746264393740354,mounjaro_weight,mounjaro,weight,2023-10-16T02:38:43+00:00,CP24,CP24,"Drug used in diabetes treatment Mounjaro helped dieters shed 60 pounds, study finds
https://t.co/NDzjXJIOhr https://t.co/XDaeIagLyo",en,6,6,17,0,54403,"<a href=""https://mobile.twitter.com"" rel=""nofollow"">Twitter Web App</a>",https://x.com/CP24/status/1713746264393740354,False,False,2026-04-08T22:15:41.631919+00:00
1713744106248093977,mounjaro_weight,mounjaro,weight,2023-10-16T02:30:09+00:00,FOX29philly,FOX 29,"Mounjaro, typically for diabetes treatment, helped dieters lose 60 pounds in new study  https://t.co/g28yqujxtD",en,0,0,2,0,3679,"<a href=""https://trueanthem.com"" rel=""nofollow"">trueanthem_pro2</a>",https://x.com/FOX29philly/status/1713744106248093977,False,False,2026-04-08T22:15:42.381574+00:00
1713742826641494198,mounjaro_weight,mounjaro,weight,2023-10-16T02:25:04+00:00,6News,WATE 6 On Your Side,"Drug in diabetes treatment Mounjaro helped dieters shed 60 pounds, study finds https://t.co/WeepQv0ycP",en,2,1,1,0,1747,"<a href=""http://www.socialflow.com"" rel=""nofollow"">SocialFlow</a>",https://x.com/6News/status/1713742826641494198,False,False,2026-04-08T22:15:42.382570+00:00
1713736725367849059,mounjaro_weight,mounjaro,weight,2023-10-16T02:00:49+00:00,livenowfox,LiveNOW from FOX,"Mounjaro, typically for diabetes treatment, helped dieters lose 60 pounds in new study  https://t.co/9iFakrRaeO",en,0,1,0,0,171,"<a href=""https://trueanthem.com"" rel=""nofollow"">trueanthem_pro2</a>",https://x.com/livenowfox/status/1713736725367849059,False,False,2026-04-08T22:15:42.382570+00:00
1713734840623988980,mounjaro_weight,mounjaro,weight,2023-10-16T01:53:20+00:00,setopati,Setopati,"Drug used in diabetes treatment Mounjaro helped dieters shed 60 pounds, study finds https://t.co/mrZVKKbtyi",en,0,0,2,0,1250,"<a href=""https://mobile.twitter.com"" rel=""nofollow"">Twitter Web App</a>",https://x.com/setopati/status/1713734840623988980,False,False,2026-04-08T22:15:42.382570+00:00
1713734768058138821,mounjaro_weight,mounjaro,weight,2023-10-16T01:53:03+00:00,BillBusha,Billy The Dragon 🐉,"https://t.co/kYKZkzEmBM

The medicine in the diabetes drug Mounjaro helped people with obesity or who are overweight lose at least a quarter of their body weight, or about 60 pounds on...",en,0,0,0,0,64,"<a href=""http://twitter.com/download/android"" rel=""nofollow"">Twitter for Android</a>",https://x.com/BillBusha/status/1713734768058138821,False,False,2026-04-08T22:15:42.382570+00:00
1713729499211391101,mounjaro_weight,mounjaro,weight,2023-10-16T01:32:06+00:00,anupsoans,Anup Soans,"@EliLillyandCo’s  Mounjaro helped dieters shed 60 pounds, study finds 

https://t.co/8dimTV48kv via @qz https://t.co/rnxHOA4tQx",en,0,0,0,0,37,"<a href=""http://twitter.com/download/iphone"" rel=""nofollow"">Twitter for iPhone</a>",https://x.com/anupsoans/status/1713729499211391101,False,False,2026-04-08T22:15:42.382570+00:00
1713726615929180395,mounjaro_weight,mounjaro,weight,2023-10-16T01:20:39+00:00,FOX10Phoenix,FOX 10 Phoenix,"Mounjaro, typically for diabetes treatment, helped dieters lose 60 pounds in new study  https://t.co/wX9VnV7lna",en,1,0,3,0,2892,"<a href=""https://trueanthem.com"" rel=""nofollow"">trueanthem_pro2</a>",https://x.com/FOX10Phoenix/status/1713726615929180395,False,False,2026-04-08T22:15:42.382570+00:00
1713726316770660669,mounjaro_weight,mounjaro,weight,2023-10-16T01:19:28+00:00,timethief,timethief Canadian forever🍁🦫 🇨🇦,"Drug used in #diabetes treatment Mounjaro helped dieters shed 60 pounds, study finds. The drug made by Eli Lilly &amp; Co. has the potential to be one of the  most powerful medical treatments for #obesity to date, outside experts  said. https://t.co/OZelZEIV9N via @CdnPressNews",en,0,0,0,0,130,"<a href=""https://mobile.twitter.com"" rel=""nofollow"">Twitter Web App</a>",https://x.com/timethief/status/1713726316770660669,False,False,2026-04-08T22:15:42.382570+00:00
1713721197605908782,mounjaro_weight,mounjaro,weight,2023-10-16T00:59:07+00:00,Rhossoff,Richard Ossoff,"https://t.co/GckhNeQMXk

The medicine in the diabetes drug Mounjaro helped people with obesity or who are overweight lose at least a quarter of their body weight, or about 60 pounds on...",en,0,0,0,0,31,"<a href=""http://twitter.com/download/android"" rel=""nofollow"">Twitter for Android</a>",https://x.com/Rhossoff/status/1713721197605908782,False,False,2026-04-08T22:15:42.383567+00:00
1713719691976360380,mounjaro_weight,mounjaro,weight,2023-10-16T00:53:08+00:00,DelontaYoung,Delonta Young,"https://t.co/ppGBTfy8BW

The medicine in the diabetes drug Mounjaro helped people with obesity or who are overweight lose at least a quarter of their body weight, or about 60 pounds on...",en,0,0,0,0,12,"<a href=""http://twitter.com/download/android"" rel=""nofollow"">Twitter for Android</a>",https://x.com/DelontaYoung/status/1713719691976360380,False,False,2026-04-08T22:15:42.383567+00:00
1713717202203848769,mounjaro_weight,mounjaro,weight,2023-10-16T00:43:14+00:00,EndocrineToday,Endocrine Today,"Tirzepatide conferred an additional 18.4% weight loss for adults with #obesity who had already lost 6.9% of their body weight during intensive lifestyle intervention, according to data from SURMOUNT-3. #OW2023 @ObesityWeek @drard @ArianaMChao 
https://t.co/RQOFlg09xD",en,0,4,7,0,924,"<a href=""https://mobile.twitter.com"" rel=""nofollow"">Twitter Web App</a>",https://x.com/EndocrineToday/status/1713717202203848769,False,False,2026-04-08T22:15:42.383567+00:00
1713716745028984866,mounjaro_weight,mounjaro,weight,2023-10-16T00:41:25+00:00,RaneeSulfridge,Ranee Sulfridge,"Mounjaro, typically for diabetes treatment, helped dieters lose 60 pounds in new study

https://t.co/GSz0q9pSGs
😯😯",en,0,0,0,0,157,"<a href=""http://twitter.com/download/android"" rel=""nofollow"">Twitter for Android</a>",https://x.com/RaneeSulfridge/status/1713716745028984866,False,False,2026-04-08T22:15:42.383567+00:00
1713715816904929364,mounjaro_weight,mounjaro,weight,2023-10-16T00:37:44+00:00,NewsNation,NewsNation,"The medicine in the diabetes drug Mounjaro helped people lose at least a quarter of their body weight, or about 60 pounds on average when combined with intensive diet and exercise, a new study shows. https://t.co/LY4697EgSA",en,1,3,9,0,8734,"<a href=""http://www.socialflow.com"" rel=""nofollow"">SocialFlow</a>",https://x.com/NewsNation/status/1713715816904929364,False,False,2026-04-08T22:15:42.383567+00:00
1713713881346949241,mounjaro_weight,mounjaro,weight,2023-10-16T00:30:03+00:00,WRAL,WRAL NEWS in NC,"Drug used in diabetes treatment Mounjaro helped dieters shed 60 pounds, study finds https://t.co/U7X6iY6Ydx",en,0,0,1,0,4196,"<a href=""http://erased27600613_X90OHPCkk8.com"" rel=""nofollow"">erased27600613_X90OHPCkk8</a>",https://x.com/WRAL/status/1713713881346949241,False,False,2026-04-08T22:15:42.383567+00:00
1713708337035190294,mounjaro_weight,mounjaro,weight,2023-10-16T00:08:01+00:00,RamZar1,RamZar,"Drug used in diabetes treatment Mounjaro helped dieters shed 60 pounds, study finds (from @AP) https://t.co/yHnsHnngdi",en,0,0,0,0,12,"<a href=""http://twitter.com/download/iphone"" rel=""nofollow"">Twitter for iPhone</a>",https://x.com/RamZar1/status/1713708337035190294,False,False,2026-04-08T22:15:42.383567+00:00
1713706410075095051,mounjaro_weight,mounjaro,weight,2023-10-16T00:00:21+00:00,AP,The Associated Press,"The medicine in the diabetes drug Mounjaro helped people with obesity or who are overweight lose at least a quarter of their body weight, or about 60 pounds on average, when combined with intensive diet and exercise, a new study shows. https://t.co/rVnUIJqLgJ",en,42,61,194,8,277554,"<a href=""https://trueanthem.com"" rel=""nofollow"">trueanthem_pro2</a>",https://x.com/AP/status/1713706410075095051,False,False,2026-04-08T22:15:42.384564+00:00
1713696268076146982,mounjaro_weight,mounjaro,weight,2023-10-15T23:20:03+00:00,8NewsNow,8 News Now,"The medicine in the diabetes drug Mounjaro helped people with obesity or who are overweight lose at least a quarter of their body weight, or about 60 pounds on average when combined with intensive diet and exercise, a new study shows. #8NN
https://t.co/scIDcDatLI",en,2,0,2,0,2699,"<a href=""http://www.socialflow.com"" rel=""nofollow"">SocialFlow</a>",https://x.com/8NewsNow/status/1713696268076146982,False,False,2026-04-08T22:15:42.384564+00:00
1713690835848454264,mounjaro_weight,mounjaro,weight,2023-10-15T22:58:28+00:00,WashTimes,The Washington Times,"The medicine in the diabetes drug Mounjaro helped people with obesity or who are overweight lose at least a quarter of their body weight, or about 60 pounds on average, when combined with intensive diet and exercise, a new study shows. https://t.co/RE0bTNKvgI",en,1,1,1,0,1513,"<a href=""http://www.socialflow.com"" rel=""nofollow"">SocialFlow</a>",https://x.com/WashTimes/status/1713690835848454264,False,False,2026-04-08T22:15:42.384564+00:00
1713683720287264919,mounjaro_weight,mounjaro,weight,2023-10-15T22:30:12+00:00,th_conversation,This Is The Conversation Project,"Drug used in diabetes treatment Mounjaro helped dieters shed 60 pounds, study finds   https://t.co/z3DlU2OqJu",en,0,0,1,0,15,"<a href=""https://www.hootsuite.com"" rel=""nofollow"">Hootsuite Inc.</a>",https://x.com/th_conversation/status/1713683720287264919,False,False,2026-04-08T22:15:42.384564+00:00
1713681579409617141,mounjaro_weight,mounjaro,weight,2023-10-15T22:21:41+00:00,StCatStandard,The St. Catharines Standard,"Drug used in diabetes treatment Mounjaro helped dieters shed 60 pounds, study finds https://t.co/GigQf6HTyj via @stcatstandard",en,0,0,0,0,310,"<a href=""https://mobile.twitter.com"" rel=""nofollow"">Twitter Web App</a>",https://x.com/StCatStandard/status/1713681579409617141,False,False,2026-04-08T22:15:42.384564+00:00
1713681269161165122,mounjaro_weight,mounjaro,weight,2023-10-15T22:20:27+00:00,WellandTribune,The Tribune 🇨🇦,"Drug used in diabetes treatment Mounjaro helped dieters shed 60 pounds, study finds https://t.co/I3JoUtBEyB via @WellandTribune",en,0,0,0,0,108,"<a href=""https://mobile.twitter.com"" rel=""nofollow"">Twitter Web App</a>",https://x.com/WellandTribune/status/1713681269161165122,False,False,2026-04-08T22:15:43.301611+00:00
1713679936458723750,mounjaro_weight,mounjaro,weight,2023-10-15T22:15:10+00:00,fox5dc,FOX 5 DC,"Mounjaro, typically for diabetes treatment, helped dieters lose 60 pounds in new study  https://t.co/1CcYfXeK35",en,0,1,4,0,3341,"<a href=""https://trueanthem.com"" rel=""nofollow"">trueanthem_pro2</a>",https://x.com/fox5dc/status/1713679936458723750,False,False,2026-04-08T22:15:43.301611+00:00
1713675640531042503,mounjaro_weight,mounjaro,weight,2023-10-15T21:58:05+00:00,WJBF,WJBF,"The medicine in the diabetes drug Mounjaro helped people with obesity or who are overweight lose at least a quarter of their body weight, or about 60 pounds on average when combined with intensive diet and exercise, a new study shows.
https://t.co/veqrHzJKcG",en,1,0,0,0,812,"<a href=""http://www.socialflow.com"" rel=""nofollow"">SocialFlow</a>",https://x.com/WJBF/status/1713675640531042503,False,False,2026-04-08T22:15:43.302608+00:00
1713661136904577121,mounjaro_weight,mounjaro,weight,2023-10-15T21:00:27+00:00,FOX13News,FOX 13 Tampa Bay,"Mounjaro, typically for diabetes treatment, helped dieters lose 60 pounds in new study  https://t.co/Ag8JP5BTJ4",en,1,0,0,0,3980,"<a href=""https://trueanthem.com"" rel=""nofollow"">trueanthem_pro2</a>",https://x.com/FOX13News/status/1713661136904577121,False,False,2026-04-08T22:15:43.302608+00:00
1713655515031470258,mounjaro_weight,mounjaro,weight,2023-10-15T20:38:07+00:00,Iamvisionrz,🕯️visionrz,"Eli Lilly's diabetes drug Mounjaro helps people lose 25% of body weight or 60 pounds on average, study says
https://t.co/fLsiU6TroW",en,0,0,0,0,20,"<a href=""https://mobile.twitter.com"" rel=""nofollow"">Twitter Web App</a>",https://x.com/Iamvisionrz/status/1713655515031470258,False,False,2026-04-08T22:15:43.302608+00:00
1713653007915909257,mounjaro_weight,mounjaro,weight,2023-10-15T20:28:09+00:00,sports5_news1,今日も明日もスポーツニュース,"Drug used in diabetes treatment Mounjaro helped dieters shed 60 pounds, study finds - Yahoo Finance https://t.co/dZ8CBZpu7v",en,0,0,0,0,23,"<a href=""https://dlvrit.com/"" rel=""nofollow"">dlvr.it</a>",https://x.com/sports5_news1/status/1713653007915909257,False,False,2026-04-08T22:15:43.302608+00:00
1713649142730510700,mounjaro_weight,mounjaro,weight,2023-10-15T20:12:48+00:00,nasser_mo3gza,Ńasser 1️⃣ Million Tweets 🐦,"Drug used in diabetes treatment Mounjaro helped dieters shed 60 pounds, study finds - Yahoo Finance https://t.co/bMxIi5h7Om [via @googlenews] https://t.co/EH2sun2JIx",en,0,0,0,0,14,"<a href=""https://dlvrit.com/"" rel=""nofollow"">dlvr.it</a>",https://x.com/nasser_mo3gza/status/1713649142730510700,False,False,2026-04-08T22:15:43.302608+00:00
1713645973161873522,mounjaro_weight,mounjaro,weight,2023-10-15T20:00:12+00:00,WMBDNews,WMBD News,"The medicine in the diabetes drug Mounjaro helped people with obesity or who are overweight lose at least a quarter of their body weight, or about 60 pounds on average when combined with intensive diet and exercise, a new study shows.

https://t.co/gUsTViqhnu",en,0,0,0,0,462,"<a href=""http://www.socialflow.com"" rel=""nofollow"">SocialFlow</a>",https://x.com/WMBDNews/status/1713645973161873522,False,False,2026-04-08T22:15:43.302608+00:00
1713644159209255287,mounjaro_weight,mounjaro,weight,2023-10-15T19:53:00+00:00,StarTribune,The Minnesota Star Tribune,"Drug used in diabetes treatment Mounjaro helped dieters shed 60 pounds, study finds https://t.co/Tp0ygUSMZ7",en,6,0,3,0,7384,"<a href=""https://mobile.twitter.com"" rel=""nofollow"">Twitter Web App</a>",https://x.com/StarTribune/status/1713644159209255287,False,False,2026-04-08T22:15:43.302608+00:00
1713640154961981838,mounjaro_weight,mounjaro,weight,2023-10-15T19:37:05+00:00,dubailifecoach,Dubai Life Coach - Lee Levy,"Drug used in diabetes treatment Mounjaro helped dieters shed 60 pounds, study finds - Yahoo Finance https://t.co/cckwPJdN6T",en,0,0,0,0,14,"<a href=""https://dlvrit.com/"" rel=""nofollow"">dlvr.it</a>",https://x.com/dubailifecoach/status/1713640154961981838,False,False,2026-04-08T22:15:43.302608+00:00
1713638443790582034,mounjaro_weight,mounjaro,weight,2023-10-15T19:30:17+00:00,fox7austin,FOX 7 Austin,"Mounjaro, typically for diabetes treatment, helped dieters lose 60 pounds in new study  https://t.co/sEOvlr3jtd",en,1,0,1,0,1480,"<a href=""https://trueanthem.com"" rel=""nofollow"">trueanthem_pro2</a>",https://x.com/fox7austin/status/1713638443790582034,False,False,2026-04-08T22:15:43.302608+00:00
1713638293013688505,mounjaro_weight,mounjaro,weight,2023-10-15T19:29:41+00:00,helpYOUgetGAINS,#HelpYouGetGAINS,"Drug used in diabetes treatment Mounjaro helped dieters shed 60 pounds, study finds https://t.co/lDfRB2ls0S",en,0,0,0,0,22,"<a href=""http://twitter.com/download/iphone"" rel=""nofollow"">Twitter for iPhone</a>",https://x.com/helpYOUgetGAINS/status/1713638293013688505,False,False,2026-04-08T22:15:43.303605+00:00
1713636166355021934,mounjaro_weight,mounjaro,weight,2023-10-15T19:21:14+00:00,Stettlernews,Stettler Independent,Drug used in diabetes treatment Mounjaro helped dieters shed 60 pounds: study https://t.co/GSYey90FXS,en,0,0,0,0,17,"<a href=""https://dlvrit.com/"" rel=""nofollow"">dlvr.it</a>",https://x.com/Stettlernews/status/1713636166355021934,False,False,2026-04-08T22:15:43.303605+00:00
1713635432502861901,mounjaro_weight,mounjaro,weight,2023-10-15T19:18:19+00:00,TrailDailyTimes,Trail Times,Drug used in diabetes treatment Mounjaro helped dieters shed 60 pounds: study https://t.co/DMqCa6be5w,en,0,0,0,0,56,"<a href=""https://dlvrit.com/"" rel=""nofollow"">dlvr.it</a>",https://x.com/TrailDailyTimes/status/1713635432502861901,False,False,2026-04-08T22:15:43.303605+00:00
1713635409346122236,mounjaro_weight,mounjaro,weight,2023-10-15T19:18:14+00:00,BashawStarNews,Bashaw Star,Drug used in diabetes treatment Mounjaro helped dieters shed 60 pounds: study https://t.co/ghT8hj5bav,en,0,0,0,0,18,"<a href=""https://dlvrit.com/"" rel=""nofollow"">dlvr.it</a>",https://x.com/BashawStarNews/status/1713635409346122236,False,False,2026-04-08T22:15:43.303605+00:00
1713635243922534779,mounjaro_weight,mounjaro,weight,2023-10-15T19:17:34+00:00,KLFY,KLFY NEWS 10,"Drug used in diabetes treatment Mounjaro helped dieters shed 60 pounds, study finds https://t.co/lEbCoOdbs9",en,0,0,1,0,443,"<a href=""http://www.socialflow.com"" rel=""nofollow"">SocialFlow</a>",https://x.com/KLFY/status/1713635243922534779,False,False,2026-04-08T22:15:43.303605+00:00
1713635125911785539,mounjaro_weight,mounjaro,weight,2023-10-15T19:17:06+00:00,Stettlernews,Stettler Independent,Drug used in diabetes treatment Mounjaro helped dieters shed 60 pounds: study https://t.co/xWs0AzHU2D,en,0,0,0,0,17,"<a href=""https://dlvrit.com/"" rel=""nofollow"">dlvr.it</a>",https://x.com/Stettlernews/status/1713635125911785539,False,False,2026-04-08T22:15:43.303605+00:00
1713635026347450651,mounjaro_weight,mounjaro,weight,2023-10-15T19:16:42+00:00,RedDeerAdvocate,Red Deer Advocate,Drug used in diabetes treatment Mounjaro helped dieters shed 60 pounds: study https://t.co/K6gzhcaq3C,en,0,0,0,0,304,"<a href=""https://dlvrit.com/"" rel=""nofollow"">dlvr.it</a>",https://x.com/RedDeerAdvocate/status/1713635026347450651,False,False,2026-04-08T22:15:43.303605+00:00
1713634675590418738,mounjaro_weight,mounjaro,weight,2023-10-15T19:15:19+00:00,NorthernView,Prince Rupert Northern View,Drug used in diabetes treatment Mounjaro helped dieters shed 60 pounds: study https://t.co/q0PqB4N92s,en,0,0,0,0,53,"<a href=""https://dlvrit.com/"" rel=""nofollow"">dlvr.it</a>",https://x.com/NorthernView/status/1713634675590418738,False,False,2026-04-08T22:15:43.303605+00:00
1713634658179756215,mounjaro_weight,mounjaro,weight,2023-10-15T19:15:14+00:00,rimbeyreview,Rimbey Review,Drug used in diabetes treatment Mounjaro helped dieters shed 60 pounds: study https://t.co/tO3g5AwHf3,en,0,0,0,0,18,"<a href=""https://dlvrit.com/"" rel=""nofollow"">dlvr.it</a>",https://x.com/rimbeyreview/status/1713634658179756215,False,False,2026-04-08T22:15:43.303605+00:00
1713634651892531617,mounjaro_weight,mounjaro,weight,2023-10-15T19:15:13+00:00,LacombeExpress,Lacombe Express,Drug used in diabetes treatment Mounjaro helped dieters shed 60 pounds: study https://t.co/7tAt5vJzm4,en,0,0,0,0,35,"<a href=""https://dlvrit.com/"" rel=""nofollow"">dlvr.it</a>",https://x.com/LacombeExpress/status/1713634651892531617,False,False,2026-04-08T22:30:03.016123+00:00
1713634651057828070,mounjaro_weight,mounjaro,weight,2023-10-15T19:15:13+00:00,PonokaNews,Ponoka News,Drug used in diabetes treatment Mounjaro helped dieters shed 60 pounds: study https://t.co/6qEhkrI7zM,en,0,0,0,0,70,"<a href=""https://dlvrit.com/"" rel=""nofollow"">dlvr.it</a>",https://x.com/PonokaNews/status/1713634651057828070,False,False,2026-04-08T22:30:03.016123+00:00
1713634619235438913,mounjaro_weight,mounjaro,weight,2023-10-15T19:15:05+00:00,fox5ny,FOX 5 NY,"Mounjaro, typically for diabetes treatment, helped dieters lose 60 pounds in new study  https://t.co/WrLEdHDffy",en,0,0,1,0,946,"<a href=""https://trueanthem.com"" rel=""nofollow"">trueanthem_pro2</a>",https://x.com/fox5ny/status/1713634619235438913,False,False,2026-04-08T22:30:03.016123+00:00
1713634140417912988,mounjaro_weight,mounjaro,weight,2023-10-15T19:13:11+00:00,zipjet,zipjet,"@EricTopol @bijans @NatureMedicine After 12 weeks on* Mounjaro I lost 12.2% (and that is after losing 10 pounds BEFORE going on Mounjaro). 

* Only took 4 shots in the 12 weeks.",en,2,0,4,0,2663,"<a href=""https://mobile.twitter.com"" rel=""nofollow"">Twitter Web App</a>",https://x.com/zipjet/status/1713634140417912988,False,True,2026-04-08T22:30:03.016123+00:00
1713633495732621592,mounjaro_weight,mounjaro,weight,2023-10-15T19:10:37+00:00,100Mile,100 Mile Free Press,Drug used in diabetes treatment Mounjaro helped dieters shed 60 pounds: study https://t.co/JrGy8ZEK3a,en,0,0,0,0,43,"<a href=""https://dlvrit.com/"" rel=""nofollow"">dlvr.it</a>",https://x.com/100Mile/status/1713633495732621592,False,False,2026-04-08T22:30:03.016123+00:00
1713632750346125414,mounjaro_weight,mounjaro,weight,2023-10-15T19:07:40+00:00,CVRecord,Comox Valley Record,Drug used in diabetes treatment Mounjaro helped dieters shed 60 pounds: study https://t.co/eU4XUjRwGV https://t.co/50dd9c4NYK,en,0,0,0,0,157,"<a href=""https://dlvrit.com/"" rel=""nofollow"">dlvr.it</a>",https://x.com/CVRecord/status/1713632750346125414,False,False,2026-04-08T22:30:03.016123+00:00
1713632740275532254,mounjaro_weight,mounjaro,weight,2023-10-15T19:07:37+00:00,LC_Chronicle,Ladysmith Chronicle,Drug used in diabetes treatment Mounjaro helped dieters shed 60 pounds: study https://t.co/RY3Nopz9CR https://t.co/bva5ADfYq0,en,0,0,0,0,47,"<a href=""https://dlvrit.com/"" rel=""nofollow"">dlvr.it</a>",https://x.com/LC_Chronicle/status/1713632740275532254,False,False,2026-04-08T22:30:03.016123+00:00
1713632733984182560,mounjaro_weight,mounjaro,weight,2023-10-15T19:07:36+00:00,CowichanCitizen,Cowichan Citizen,Drug used in diabetes treatment Mounjaro helped dieters shed 60 pounds: study https://t.co/jfiPialnvp https://t.co/Quf864UhNj,en,0,0,0,0,92,"<a href=""https://dlvrit.com/"" rel=""nofollow"">dlvr.it</a>",https://x.com/CowichanCitizen/status/1713632733984182560,False,False,2026-04-08T22:30:03.016123+00:00
1713632732549722344,mounjaro_weight,mounjaro,weight,2023-10-15T19:07:35+00:00,LakeCowGazette,Lake Cowichan Gazette,Drug used in diabetes treatment Mounjaro helped dieters shed 60 pounds: study https://t.co/UuszlfUAJu https://t.co/mLX8fal27s,en,0,0,0,0,30,"<a href=""https://dlvrit.com/"" rel=""nofollow"">dlvr.it</a>",https://x.com/LakeCowGazette/status/1713632732549722344,False,False,2026-04-08T22:30:03.016123+00:00
1713632651482218547,mounjaro_weight,mounjaro,weight,2023-10-15T19:07:16+00:00,LangleyTimes,Langley Advance Times,Drug used in diabetes treatment Mounjaro helped dieters shed 60 pounds: study https://t.co/FOjvYtWayS https://t.co/7jxNhJgPsv,en,0,0,0,0,206,"<a href=""https://dlvrit.com/"" rel=""nofollow"">dlvr.it</a>",https://x.com/LangleyTimes/status/1713632651482218547,False,False,2026-04-08T22:30:03.017120+00:00
1713632489049338108,mounjaro_weight,mounjaro,weight,2023-10-15T19:06:37+00:00,NorDelReporter,North Delta Reporter,Drug used in diabetes treatment Mounjaro helped dieters shed 60 pounds: study https://t.co/45SRkX4NVK https://t.co/ur0K8gnd2k,en,0,0,0,0,29,"<a href=""https://dlvrit.com/"" rel=""nofollow"">dlvr.it</a>",https://x.com/NorDelReporter/status/1713632489049338108,False,False,2026-04-08T22:30:03.017120+00:00
1713632487929446770,mounjaro_weight,mounjaro,weight,2023-10-15T19:06:37+00:00,CloverdaleNews,Cloverdale Reporter,Drug used in diabetes treatment Mounjaro helped dieters shed 60 pounds: study https://t.co/60F8MQFtXw https://t.co/Xu9Y3WvzXP,en,0,0,0,0,86,"<a href=""https://dlvrit.com/"" rel=""nofollow"">dlvr.it</a>",https://x.com/CloverdaleNews/status/1713632487929446770,False,False,2026-04-08T22:30:03.017120+00:00
1713632487816200630,mounjaro_weight,mounjaro,weight,2023-10-15T19:06:37+00:00,SookeNews,Sooke News Mirror,Drug used in diabetes treatment Mounjaro helped dieters shed 60 pounds: study https://t.co/4HbwiDNdqe https://t.co/J3joVqnxyC,en,0,0,0,0,93,"<a href=""https://dlvrit.com/"" rel=""nofollow"">dlvr.it</a>",https://x.com/SookeNews/status/1713632487816200630,False,False,2026-04-08T22:30:03.017120+00:00
1713632480576913483,mounjaro_weight,mounjaro,weight,2023-10-15T19:06:35+00:00,TheProgress,Chilliwack Progress,Drug used in diabetes treatment Mounjaro helped dieters shed 60 pounds: study https://t.co/PjeUTSPpYf https://t.co/hPYL0R7ogt,en,0,0,0,0,211,"<a href=""https://dlvrit.com/"" rel=""nofollow"">dlvr.it</a>",https://x.com/TheProgress/status/1713632480576913483,False,False,2026-04-08T22:30:03.017120+00:00
1713632476617486797,mounjaro_weight,mounjaro,weight,2023-10-15T19:06:34+00:00,AldergroveStar,Aldergrove Star,Drug used in diabetes treatment Mounjaro helped dieters shed 60 pounds: study https://t.co/NxxaWfiVEF https://t.co/NG2FANPEM6,en,0,0,0,0,39,"<a href=""https://dlvrit.com/"" rel=""nofollow"">dlvr.it</a>",https://x.com/AldergroveStar/status/1713632476617486797,False,False,2026-04-08T22:30:03.017120+00:00
1713632393884762193,mounjaro_weight,mounjaro,weight,2023-10-15T19:06:15+00:00,saanichnews,Saanich News,Drug used in diabetes treatment Mounjaro helped dieters shed 60 pounds: study https://t.co/BBxkR80hrD https://t.co/OCQ94OlIzP,en,0,0,0,0,284,"<a href=""https://dlvrit.com/"" rel=""nofollow"">dlvr.it</a>",https://x.com/saanichnews/status/1713632393884762193,False,False,2026-04-08T22:30:03.017120+00:00
1713632393847066681,mounjaro_weight,mounjaro,weight,2023-10-15T19:06:15+00:00,MapleRidgeNews,Maple Ridge-Pitt Meadows News,Drug used in diabetes treatment Mounjaro helped dieters shed 60 pounds: study https://t.co/qwkP37jMUw https://t.co/ssXkzlGbjc,en,1,0,0,0,295,"<a href=""https://dlvrit.com/"" rel=""nofollow"">dlvr.it</a>",https://x.com/MapleRidgeNews/status/1713632393847066681,False,False,2026-04-08T22:30:03.017120+00:00
1713632393368830344,mounjaro_weight,mounjaro,weight,2023-10-15T19:06:14+00:00,OakBayNews,Oak Bay News,Drug used in diabetes treatment Mounjaro helped dieters shed 60 pounds: study https://t.co/HlR8h9wn08 https://t.co/Jdka8VtYa2,en,0,0,0,0,123,"<a href=""https://dlvrit.com/"" rel=""nofollow"">dlvr.it</a>",https://x.com/OakBayNews/status/1713632393368830344,False,False,2026-04-08T22:30:03.017120+00:00
1713632393175904733,mounjaro_weight,mounjaro,weight,2023-10-15T19:06:14+00:00,SurreyNowLeader,Surrey Now-Leader,Drug used in diabetes treatment Mounjaro helped dieters shed 60 pounds: study https://t.co/vrLyOayvMb https://t.co/kQD8ubQFBA,en,0,0,1,0,368,"<a href=""https://dlvrit.com/"" rel=""nofollow"">dlvr.it</a>",https://x.com/SurreyNowLeader/status/1713632393175904733,False,False,2026-04-08T22:30:03.017120+00:00
1713632379695415378,mounjaro_weight,mounjaro,weight,2023-10-15T19:06:11+00:00,MissionRecord,Mission City Record,Drug used in diabetes treatment Mounjaro helped dieters shed 60 pounds: study https://t.co/9ZibwYKIs7 https://t.co/xw2seJisFl,en,0,0,0,0,45,"<a href=""https://dlvrit.com/"" rel=""nofollow"">dlvr.it</a>",https://x.com/MissionRecord/status/1713632379695415378,False,False,2026-04-08T22:30:03.017120+00:00
1713632377145274612,mounjaro_weight,mounjaro,weight,2023-10-15T19:06:11+00:00,NIGazette,North Island Gazette,Drug used in diabetes treatment Mounjaro helped dieters shed 60 pounds: study https://t.co/HP6lyncdsQ https://t.co/BtjW0OdEYj,en,0,0,0,0,15,"<a href=""https://dlvrit.com/"" rel=""nofollow"">dlvr.it</a>",https://x.com/NIGazette/status/1713632377145274612,False,False,2026-04-08T22:30:03.903873+00:00
1713632376725901617,mounjaro_weight,mounjaro,weight,2023-10-15T19:06:11+00:00,ParksvilleNews,Parksville-Qualicum Beach News,Drug used in diabetes treatment Mounjaro helped dieters shed 60 pounds: study https://t.co/cdLQq7G4HB https://t.co/RqMnAYeAT4,en,0,0,0,0,72,"<a href=""https://dlvrit.com/"" rel=""nofollow"">dlvr.it</a>",https://x.com/ParksvilleNews/status/1713632376725901617,False,False,2026-04-08T22:30:03.903873+00:00
1713632314897453271,mounjaro_weight,mounjaro,weight,2023-10-15T19:05:56+00:00,abc4utah,ABC4 News,"The medicine in the diabetes drug Mounjaro helped people with obesity or who are overweight lose at least a quarter of their body weight, or about 60 pounds on average when combined with intensive diet and exercise, a new study shows.
https://t.co/d6JZdetrbK",en,1,0,2,0,950,"<a href=""http://www.socialflow.com"" rel=""nofollow"">SocialFlow</a>",https://x.com/abc4utah/status/1713632314897453271,False,False,2026-04-08T22:30:03.903873+00:00
1713632143904227506,mounjaro_weight,mounjaro,weight,2023-10-15T19:05:15+00:00,PeaceArchNews,Peace Arch News,Drug used in diabetes treatment Mounjaro helped dieters shed 60 pounds: study https://t.co/S1qt836GFu https://t.co/hwPsTTfa6f,en,0,0,0,0,122,"<a href=""https://dlvrit.com/"" rel=""nofollow"">dlvr.it</a>",https://x.com/PeaceArchNews/status/1713632143904227506,False,False,2026-04-08T22:30:03.904870+00:00
1713632133376561396,mounjaro_weight,mounjaro,weight,2023-10-15T19:05:12+00:00,GoldstreamNews,Goldstream News Gazette,Drug used in diabetes treatment Mounjaro helped dieters shed 60 pounds: study https://t.co/LfEWjcaPHn https://t.co/nwLD3NGe1j,en,0,0,0,0,97,"<a href=""https://dlvrit.com/"" rel=""nofollow"">dlvr.it</a>",https://x.com/GoldstreamNews/status/1713632133376561396,False,False,2026-04-08T22:30:03.904870+00:00
1713632129933050205,mounjaro_weight,mounjaro,weight,2023-10-15T19:05:12+00:00,VictoriaNews,Victoria News,Drug used in diabetes treatment Mounjaro helped dieters shed 60 pounds: study https://t.co/olQJM0sRdc https://t.co/fMh6Xjm7qN,en,0,0,0,0,376,"<a href=""https://dlvrit.com/"" rel=""nofollow"">dlvr.it</a>",https://x.com/VictoriaNews/status/1713632129933050205,False,False,2026-04-08T22:30:03.904870+00:00
1713631989344125197,mounjaro_weight,mounjaro,weight,2023-10-15T19:04:38+00:00,AgassizObserver,Agassiz Harrison Observer,Drug used in diabetes treatment Mounjaro helped dieters shed 60 pounds: study https://t.co/6F7JdzsjBc https://t.co/elnjWok0zc,en,0,0,0,0,26,"<a href=""https://dlvrit.com/"" rel=""nofollow"">dlvr.it</a>",https://x.com/AgassizObserver/status/1713631989344125197,False,False,2026-04-08T22:30:03.904870+00:00
1713631988970918225,mounjaro_weight,mounjaro,weight,2023-10-15T19:04:38+00:00,CRMirror,Campbell River Mirror,Drug used in diabetes treatment Mounjaro helped dieters shed 60 pounds: study https://t.co/bL4mqWvIKl https://t.co/rlvXkdsNc5,en,0,0,0,0,173,"<a href=""https://dlvrit.com/"" rel=""nofollow"">dlvr.it</a>",https://x.com/CRMirror/status/1713631988970918225,False,False,2026-04-08T22:30:03.904870+00:00
1713631988832473521,mounjaro_weight,mounjaro,weight,2023-10-15T19:04:38+00:00,AbbyNews,Abbotsford News,Drug used in diabetes treatment Mounjaro helped dieters shed 60 pounds: study https://t.co/FAjlXsjnTT https://t.co/bc6BYc4CWD,en,0,0,1,0,497,"<a href=""https://dlvrit.com/"" rel=""nofollow"">dlvr.it</a>",https://x.com/AbbyNews/status/1713631988832473521,False,False,2026-04-08T22:30:03.904870+00:00
1713631878119641143,mounjaro_weight,mounjaro,weight,2023-10-15T19:04:12+00:00,AlberniNews,Alberni Valley News,Drug used in diabetes treatment Mounjaro helped dieters shed 60 pounds: study https://t.co/qzh7Oi0khe,en,0,0,0,0,72,"<a href=""https://dlvrit.com/"" rel=""nofollow"">dlvr.it</a>",https://x.com/AlberniNews/status/1713631878119641143,False,False,2026-04-08T22:30:03.904870+00:00
1713630883133964791,mounjaro_weight,mounjaro,weight,2023-10-15T19:00:14+00:00,fox32news,FOX 32 News,"Mounjaro, typically for diabetes treatment, helped dieters lose 60 pounds in new study  https://t.co/enkYMFilsh",en,0,0,1,0,1578,"<a href=""https://trueanthem.com"" rel=""nofollow"">trueanthem_pro2</a>",https://x.com/fox32news/status/1713630883133964791,False,False,2026-04-08T22:30:03.904870+00:00
1713627224233177217,mounjaro_weight,mounjaro,weight,2023-10-15T18:45:42+00:00,alimarketingpk,Sidra Actor,"Eli Lilly's diabetes drug Mounjaro helps people lose 25% of body weight or 60 pounds on average, study says
https://t.co/sjwilWMlJA",en,0,0,0,0,14,"<a href=""https://mobile.twitter.com"" rel=""nofollow"">Twitter Web App</a>",https://x.com/alimarketingpk/status/1713627224233177217,False,False,2026-04-08T22:30:03.904870+00:00
1713627133367427232,mounjaro_weight,mounjaro,weight,2023-10-15T18:45:20+00:00,FOX9,FOX 9,"Mounjaro, typically for diabetes treatment, helped dieters lose 60 pounds in new study  https://t.co/98Rnd5RK1g",en,1,0,3,0,2623,"<a href=""https://trueanthem.com"" rel=""nofollow"">trueanthem_pro2</a>",https://x.com/FOX9/status/1713627133367427232,False,False,2026-04-08T22:30:03.904870+00:00
1713625542904426561,mounjaro_weight,mounjaro,weight,2023-10-15T18:39:01+00:00,AndyVermaut,Andy Vermaut,Andy Vermaut shares:New weight-loss blockbuster drug emerges from study showing Mounjaro helps people lose 25% of their body weight of 60 pounds on average: Eli Lilly's diabetes drug has the potential to be one of the most powerful medical… https://t.co/atTGctubDZ Thank you.,en,0,0,0,0,25,"<a href=""https://dlvrit.com/"" rel=""nofollow"">dlvr.it</a>",https://x.com/AndyVermaut/status/1713625542904426561,False,False,2026-04-08T22:30:03.904870+00:00
1713621837089747177,mounjaro_weight,mounjaro,weight,2023-10-15T18:24:18+00:00,AOL,AOL.com,"Drug used in diabetes treatment Mounjaro helped dieters shed 60 pounds, study finds https://t.co/5PjTfreF8Z https://t.co/vXaIP6MkMB",en,0,0,0,0,323,"<a href=""http://www.socialflow.com"" rel=""nofollow"">SocialFlow</a>",https://x.com/AOL/status/1713621837089747177,False,False,2026-04-08T22:30:03.905866+00:00
1713619498845057077,mounjaro_weight,mounjaro,weight,2023-10-15T18:15:00+00:00,TribLIVE,TribLIVE.com,"The medicine in the diabetes drug Mounjaro helped people with obesity or who are overweight lose at least a quarter of their body weight, or about 60 pounds on average, when combined with intensive diet and exercise, a new study shows.  https://t.co/6M7fvJdP2r",en,0,0,0,0,1411,"<a href=""https://sproutsocial.com"" rel=""nofollow"">Sprout Social</a>",https://x.com/TribLIVE/status/1713619498845057077,False,False,2026-04-08T22:30:03.905866+00:00
1713618351618977926,mounjaro_weight,mounjaro,weight,2023-10-15T18:10:27+00:00,WAVY_News,WAVY TV 10,"The medicine in the diabetes drug Mounjaro helped people with obesity or who are overweight lose at least a quarter of their body weight, or about 60 pounds on average when combined with intensive diet and exercise, a new study shows.

https://t.co/h14o11Ju3a",en,0,0,2,0,2260,"<a href=""http://www.socialflow.com"" rel=""nofollow"">SocialFlow</a>",https://x.com/WAVY_News/status/1713618351618977926,False,False,2026-04-08T22:30:03.905866+00:00
1713618017400324165,mounjaro_weight,mounjaro,weight,2023-10-15T18:09:07+00:00,FOX21News,FOX21 News,"The medicine in the diabetes drug Mounjaro helped people with obesity or who are overweight lose at least a quarter of their body weight when combined with intensive diet and exercise, a new study shows.

Dieters shed 60 pounds on average with diabetes
https://t.co/rKUCzxjZYO",en,0,0,0,0,572,"<a href=""https://mobile.twitter.com"" rel=""nofollow"">Twitter Web App</a>",https://x.com/FOX21News/status/1713618017400324165,False,False,2026-04-08T22:30:03.905866+00:00
1713617186583945569,mounjaro_weight,mounjaro,weight,2023-10-15T18:05:49+00:00,WGNNews,WGN TV News,"The medicine in the diabetes drug Mounjaro helped people with obesity or who are overweight lose at least a quarter of their body weight, or about 60 pounds on average when combined with intensive diet and exercise, a new study shows
https://t.co/3IhTHlvjaF",en,2,1,5,0,6363,"<a href=""https://mobile.twitter.com"" rel=""nofollow"">Twitter Web App</a>",https://x.com/WGNNews/status/1713617186583945569,False,False,2026-04-08T22:30:03.905866+00:00
1713617126412488769,mounjaro_weight,mounjaro,weight,2023-10-15T18:05:35+00:00,WGNMorningNews,WGN Morning News,"The medicine in the diabetes drug Mounjaro helped people with obesity or who are overweight lose at least a quarter of their body weight, or about 60 pounds on average when combined with intensive diet and exercise, a new study shows

https://t.co/JoVUDeB87w",en,0,0,3,0,1897,"<a href=""https://mobile.twitter.com"" rel=""nofollow"">Twitter Web App</a>",https://x.com/WGNMorningNews/status/1713617126412488769,False,False,2026-04-08T22:30:03.905866+00:00
1713606814804169175,mounjaro_weight,mounjaro,weight,2023-10-15T17:24:36+00:00,kfxkfox51,KFXK FOX51,"Drug used in diabetes treatment Mounjaro helped dieters shed 60 pounds, study finds https://t.co/lSCLcL1jCX",en,0,0,0,0,61,"<a href=""http://www.socialflow.com"" rel=""nofollow"">SocialFlow</a>",https://x.com/kfxkfox51/status/1713606814804169175,False,False,2026-04-08T22:30:04.737401+00:00
1713605673433346264,mounjaro_weight,mounjaro,weight,2023-10-15T17:20:04+00:00,news6wkmg,News 6 WKMG,"Drug used in diabetes treatment Mounjaro helped dieters shed 60 pounds, study finds https://t.co/ePAFT1xG1E",en,0,0,0,0,802,"<a href=""http://erased27585878_8vFw9nUtSt.com"" rel=""nofollow"">erased27585878_8vFw9nUtSt</a>",https://x.com/news6wkmg/status/1713605673433346264,False,False,2026-04-08T22:30:04.738401+00:00
1713605211170758822,mounjaro_weight,mounjaro,weight,2023-10-15T17:18:14+00:00,WashTimesLocal,Washington Times Local,"The medicine in the diabetes drug Mounjaro helped people with obesity or who are overweight lose at least a quarter of their body weight, or about 60 pounds on average, when combined with intensive diet and exercise, a new study shows. https://t.co/GVEqm4vK5D",en,0,0,0,0,35,"<a href=""http://www.socialflow.com"" rel=""nofollow"">SocialFlow</a>",https://x.com/WashTimesLocal/status/1713605211170758822,False,False,2026-04-08T22:30:04.738401+00:00
1713604257591824758,mounjaro_weight,mounjaro,weight,2023-10-15T17:14:26+00:00,8NEWS,8News WRIC Richmond,"Drug used in diabetes treatment Mounjaro helped dieters shed 60 pounds, study finds https://t.co/adky1xeECz",en,0,0,0,0,735,"<a href=""http://www.socialflow.com"" rel=""nofollow"">SocialFlow</a>",https://x.com/8NEWS/status/1713604257591824758,False,False,2026-04-08T22:30:04.738401+00:00
1713599885067297151,mounjaro_weight,mounjaro,weight,2023-10-15T16:57:04+00:00,mekamalmustafa,Kamal Mustafa ✪,"Drug used in diabetes treatment Mounjaro helped dieters shed 60 pounds, study finds https://t.co/IBZ8JB43ic",en,0,0,0,0,8,"<a href=""https://ifttt.com"" rel=""nofollow"">IFTTT</a>",https://x.com/mekamalmustafa/status/1713599885067297151,False,False,2026-04-08T22:30:04.763831+00:00
1713599803806875699,mounjaro_weight,mounjaro,weight,2023-10-15T16:56:45+00:00,SunSentinel,South Florida Sun Sentinel,"Drug used in diabetes treatment Mounjaro helped dieters shed 60 pounds, study finds https://t.co/9kH1tbL1qA",en,1,0,3,1,3633,"<a href=""https://help.twitter.com/en/using-twitter/how-to-tweet#source-labels"" rel=""nofollow"">SocialFlow app</a>",https://x.com/SunSentinel/status/1713599803806875699,False,False,2026-04-08T22:30:04.763831+00:00
1713599749780283812,mounjaro_weight,mounjaro,weight,2023-10-15T16:56:32+00:00,EricTopol,Eric Topol,"Just published @NatureMedicine 
Randomized trial of tirzepatide (Mounjaro) vs placebo *after* 12 weeks of intensive lifestyle intervention and &gt;5% weight loss
https://t.co/zfbMsgK1sF
At 72 weeks, Placebo group gained 2.5% weight back; GLP-1 drug lost additional 18.4% body weight https://t.co/dQMswdm0Cz",en,20,220,775,20,284820,"<a href=""https://mobile.twitter.com"" rel=""nofollow"">Twitter Web App</a>",https://x.com/EricTopol/status/1713599749780283812,False,False,2026-04-08T22:30:04.763831+00:00
1713599077416345783,mounjaro_weight,mounjaro,weight,2023-10-15T16:53:51+00:00,WVNYWFFF,ABC22 & FOX44,"Drug used in diabetes treatment Mounjaro helped dieters shed 60 pounds, study finds https://t.co/ELCgdNhH5P",en,0,0,0,0,172,"<a href=""http://www.socialflow.com"" rel=""nofollow"">SocialFlow</a>",https://x.com/WVNYWFFF/status/1713599077416345783,False,False,2026-04-08T22:30:04.763831+00:00
1713598116299993332,mounjaro_weight,mounjaro,weight,2023-10-15T16:50:02+00:00,KSTP,KSTP,A new study finds that the medicine in the diabetes drug Mounjaro helped people with obesity or who are overweight lose at least a quarter of their body weight. That's about 60 pounds on average. The people also did three months of intensive diet and ex... https://t.co/32owcpgTOl,en,2,0,1,0,4628,"<a href=""http://erased27596258_EoczWB7fCa.com"" rel=""nofollow"">erased27596258_EoczWB7fCa</a>",https://x.com/KSTP/status/1713598116299993332,False,False,2026-04-08T22:30:04.764828+00:00
1713592768130327031,mounjaro_weight,mounjaro,weight,2023-10-15T16:28:47+00:00,wrblnews3,WRBL News 3,"Drug used in diabetes treatment Mounjaro helped dieters shed 60 pounds, study finds https://t.co/tOucSoOS7k",en,0,0,1,0,181,"<a href=""http://www.socialflow.com"" rel=""nofollow"">SocialFlow</a>",https://x.com/wrblnews3/status/1713592768130327031,False,False,2026-04-08T22:30:04.764828+00:00
1713591993438249368,mounjaro_weight,mounjaro,weight,2023-10-15T16:25:42+00:00,TorontoStarLife,Toronto Star Culture,"Drug used in diabetes treatment Mounjaro helped dieters shed 60 pounds, study finds https://t.co/eqgY9sr58o",en,0,0,0,0,84,"<a href=""http://www.socialflow.com"" rel=""nofollow"">SocialFlow</a>",https://x.com/TorontoStarLife/status/1713591993438249368,False,False,2026-04-08T22:30:04.764828+00:00
1713591941017878850,mounjaro_weight,mounjaro,weight,2023-10-15T16:25:30+00:00,KXNewsMinot,KX News - Minot,"Drug used in diabetes treatment Mounjaro helped dieters shed 60 pounds, study finds https://t.co/OWOAceUqVs",en,0,0,0,0,145,"<a href=""http://www.socialflow.com"" rel=""nofollow"">SocialFlow</a>",https://x.com/KXNewsMinot/status/1713591941017878850,False,False,2026-04-08T22:30:04.765824+00:00
1713591940996862219,mounjaro_weight,mounjaro,weight,2023-10-15T16:25:30+00:00,KXMB,KX News,"Drug used in diabetes treatment Mounjaro helped dieters shed 60 pounds, study finds https://t.co/Z4sr61od4u",en,0,0,0,0,288,"<a href=""http://www.socialflow.com"" rel=""nofollow"">SocialFlow</a>",https://x.com/KXMB/status/1713591940996862219,False,False,2026-04-08T22:30:04.765824+00:00
1713591873447641120,mounjaro_weight,mounjaro,weight,2023-10-15T16:25:14+00:00,KWKTFOX44,KWKT FOX 44,"Drug used in diabetes treatment Mounjaro helped dieters shed 60 pounds, study finds https://t.co/yEtSIIu9SK",en,0,0,0,0,90,"<a href=""http://www.socialflow.com"" rel=""nofollow"">SocialFlow</a>",https://x.com/KWKTFOX44/status/1713591873447641120,False,False,2026-04-08T22:30:04.765824+00:00
1713590854773055746,mounjaro_weight,mounjaro,weight,2023-10-15T16:21:11+00:00,todaysdealsnow,todaysdealsnow,"https://t.co/P3Mnf1NTJI Drug used in diabetes treatment Mounjaro helped dieters shed 60 pounds, study finds https://t.co/2mJtSDwfGV",en,0,0,0,0,6,"<a href=""https://dlvrit.com/"" rel=""nofollow"">dlvr.it</a>",https://x.com/todaysdealsnow/status/1713590854773055746,False,False,2026-04-08T22:30:04.765824+00:00
1713588597222519175,mounjaro_weight,mounjaro,weight,2023-10-15T16:12:13+00:00,CabbageTV,Shawn Cabbagestalk,"Drug used in diabetes treatment Mounjaro helped dieters shed 60 pounds, study finds https://t.co/n5XF7KsDJK",en,0,0,0,0,39,"<a href=""https://dlvrit.com/"" rel=""nofollow"">dlvr.it</a>",https://x.com/CabbageTV/status/1713588597222519175,False,False,2026-04-08T22:30:04.765824+00:00
1713587834337087736,mounjaro_weight,mounjaro,weight,2023-10-15T16:09:11+00:00,WFXRnews,WFXR News,"Drug used in diabetes treatment Mounjaro helped dieters shed 60 pounds, study finds https://t.co/rIU0Pd8Gu4",en,0,0,0,0,51,"<a href=""http://www.socialflow.com"" rel=""nofollow"">SocialFlow</a>",https://x.com/WFXRnews/status/1713587834337087736,False,False,2026-04-08T22:30:04.765824+00:00
1713587537329951033,mounjaro_weight,mounjaro,weight,2023-10-15T16:08:00+00:00,YourFox18,Fox 18 KLJB,"Drug used in diabetes treatment Mounjaro helped dieters shed 60 pounds, study finds https://t.co/D1r1MxGcGm",en,0,0,0,0,51,"<a href=""http://www.socialflow.com"" rel=""nofollow"">SocialFlow</a>",https://x.com/YourFox18/status/1713587537329951033,False,False,2026-04-08T22:30:04.766821+00:00
1713587178847297763,mounjaro_weight,mounjaro,weight,2023-10-15T16:06:35+00:00,Nascar_News,NASCAR News,"Drug used in diabetes treatment Mounjaro helped dieters shed 60 pounds, study finds https://t.co/Si30GVaEzM",en,0,0,0,0,62,"<a href=""https://dlvrit.com/"" rel=""nofollow"">dlvr.it</a>",https://x.com/Nascar_News/status/1713587178847297763,False,False,2026-04-08T22:30:04.766821+00:00
1713215888659505269,mounjaro_weight,mounjaro,weight,2023-10-14T15:31:12+00:00,Ed_Realist,EdReal,"@jbarro When I went on Mounjaro, it slightly affected my appetite, but nothing major. I ate roughly the same amount of calories but lost weight slowly. I've widened the dosage time since paying for it myself and weight loss is even slower, but it's great.",en,1,0,2,0,104,"<a href=""https://mobile.twitter.com"" rel=""nofollow"">Twitter Web App</a>",https://x.com/Ed_Realist/status/1713215888659505269,False,True,2026-04-08T22:30:05.662128+00:00
1713215373661856017,mounjaro_weight,mounjaro,weight,2023-10-14T15:29:09+00:00,Ed_Realist,EdReal,"@jbarro I'm on Mounjaro. I've lost 40 pounds, 60 pounds total (20 before drug). I agree they are game changers, but just for an alternate story: I am not a compulsive eater, didn't have trouble cutting cals and carbs, but still didn't lose weight. https://t.co/8e7iG2OhPk",en,2,0,1,0,665,"<a href=""https://mobile.twitter.com"" rel=""nofollow"">Twitter Web App</a>",https://x.com/Ed_Realist/status/1713215373661856017,False,True,2026-04-08T22:30:05.662128+00:00
1713181121079296114,mounjaro_weight,mounjaro,weight,2023-10-14T13:13:03+00:00,zipjet,zipjet,"MOUNJARO LOG – 5 mg Week 13, Days 86-92

Injection Day 88, (Shots on days 0, 11, 28, 61, 88).

Weight 218.1 Loss 1.4 Cumulative loss 31.9 pounds.  New low.

Trailing 4-week average weight loss per week, 2.2 pounds.

Projected burn: 2,200 no exercise beyond normal, none.

Calorie intake average: 992

Diet: Proteins, fiber,  Strawberries and Blueberries

Effects: Appetite Satiation good up to the shot on Day 88 but decided to do the shot anyway, shot induced nausea, avoided vomiting this time on day after the shot.

Adverse effects: gas, burping.

Sleep factors: Two days of poor sleep after the shot only returning to more normal on the 3rd night.
Weight loss fair at 1.4 pounds, maintaining over 2 pounds per week on 4 week trailing average is good.",en,1,0,2,0,562,"<a href=""https://mobile.twitter.com"" rel=""nofollow"">Twitter Web App</a>",https://x.com/zipjet/status/1713181121079296114,False,True,2026-04-08T22:30:05.662128+00:00
1712603428445155537,mounjaro_weight,mounjaro,weight,2023-10-12T22:57:30+00:00,Tellit007,Tellit Likeitis,"@ElieJarrougeMD @JohnWebbMD If diet, lifestyle and ""willpower"" fixed obesity, then please explain how only 2% of the folks on placebo lost weight and the average Tirzepatide treated folks lost 21.3% of starting weight. Both used same dietary intervention. Magically less willpower in placebo folks?",en,0,0,3,0,64,"<a href=""http://twitter.com/download/android"" rel=""nofollow"">Twitter for Android</a>",https://x.com/Tellit007/status/1712603428445155537,False,True,2026-04-08T22:30:05.662128+00:00
1712589352344424670,mounjaro_weight,mounjaro,weight,2023-10-12T22:01:34+00:00,BodyUtah,Utah Body and Soul,"Transform your life with Utah Body &amp; Souls Weight Loss Program! Shed pounds &amp; regain confidence with our revolutionary program featuring #Semaaglutide and #Tirzepatide, no diet or exercise required. Tailored plans real results. Get started now! #WeightLossJourney #BodyConfidence https://t.co/TcOlTq6i7x",en,1,0,0,0,183,"<a href=""https://mobile.twitter.com"" rel=""nofollow"">Twitter Web App</a>",https://x.com/BodyUtah/status/1712589352344424670,False,False,2026-04-08T22:30:05.663125+00:00
1712468610856403045,mounjaro_weight,mounjaro,weight,2023-10-12T14:01:47+00:00,SemaglutideT,SemaglutideTherapy,"How does Tirzepatide work? It boosts satiety, curbs appetite, &amp; regulates metabolism! It improves blood sugar control, promotes fat metabolism &amp; even increases thermogenesis. Say goodbye to uncontrollable cravings. Visit https://t.co/YSZ7EKvz7l. https://t.co/tzme2RIQPe",en,0,0,0,0,294,"<a href=""https://www.hootsuite.com"" rel=""nofollow"">Hootsuite Inc.</a>",https://x.com/SemaglutideT/status/1712468610856403045,False,False,2026-04-08T22:30:05.663125+00:00
1712411203799265380,mounjaro_weight,mounjaro,weight,2023-10-12T10:13:40+00:00,christinajrodtv,Christina Cochrell Rodriguez,Local Santa Maria Woman loses 85 lbs with the help of Mounjaro https://t.co/zPY9NEbrMt via @YouTube,en,0,0,1,0,91,"<a href=""http://twitter.com/download/iphone"" rel=""nofollow"">Twitter for iPhone</a>",https://x.com/christinajrodtv/status/1712411203799265380,False,False,2026-04-08T22:30:05.663125+00:00
1712307853023650257,mounjaro_weight,mounjaro,weight,2023-10-12T03:22:59+00:00,ChzyToast87,ChzyToast87,They call it the “Mounjaro move on”. When yo girl dump you cuz she lost 90 LBs in 4 months.,en,0,0,0,0,82,"<a href=""http://twitter.com/download/iphone"" rel=""nofollow"">Twitter for iPhone</a>",https://x.com/ChzyToast87/status/1712307853023650257,False,False,2026-04-08T22:30:05.663125+00:00
1712253787967005025,mounjaro_weight,mounjaro,weight,2023-10-11T23:48:09+00:00,rsrindy,Indy 🇺🇸🗣🏗,"Insider knowledge.  My wife became type 2.  Mounjaro was incredible.  She lost almost 40 lbs and A1C <6 under six months.

It just so happens she has ezchema and irritable bowel.  Both conditions improved.

When I saw the weight loss and glucose control, I bought.  When she told me about the ezchema, I bought more.  And again when she commented about irritable bowel.

She is now off Mounjaro and glucose is under control.

$750/month and worth every penny.",en,1,0,4,0,1165,"<a href=""http://twitter.com/download/iphone"" rel=""nofollow"">Twitter for iPhone</a>",https://x.com/rsrindy/status/1712253787967005025,False,True,2026-04-08T22:30:05.663125+00:00
1712194464830427277,mounjaro_weight,mounjaro,weight,2023-10-11T19:52:26+00:00,PNav57,MVPnav🤘🏽,"@RUBBERTO3 To be honest it started with a little cheating, I took Mounjaro, it curbed my appetite and basically made it to where I wasn’t hungry or craved any food and I would feel full very quickly so I didn’t eat much only when I ate.  So that made it easier to change my diet…",en,3,0,8,0,352,"<a href=""http://twitter.com/download/iphone"" rel=""nofollow"">Twitter for iPhone</a>",https://x.com/PNav57/status/1712194464830427277,False,True,2026-04-08T22:30:05.663125+00:00
1712151593557111040,mounjaro_weight,mounjaro,weight,2023-10-11T17:02:04+00:00,NGHealthClinic,NexGen Health and Wellness,"Get that added boost to help shed unwanted pounds with a once weekly shot of Tirzepatide. The new weight loss drug that works by helping you feel full on less food and slowing the passage of food through your digestive tract.💉

Learn more about weight loss options designed to... https://t.co/WdLW9HUNff",en,0,0,0,0,53,"<a href=""https://www.cloudcampaign.com"" rel=""nofollow"">Cloud Campaign</a>",https://x.com/NGHealthClinic/status/1712151593557111040,False,False,2026-04-08T22:30:05.663125+00:00
1711723396185108513,mounjaro_weight,mounjaro,weight,2023-10-10T12:40:34+00:00,LeolucaRandisi,Leoluca Randisi 🇺🇦,"@celainesasmr Celaine after a morning walk for exercise I've lost over 20 pounds on Mounjaro!, I'm now relaxing watching your Detailed Cranial Nerve Exam video from last week on my 50 inch 4K HD TV! 🌸🌸🌸😊 https://t.co/ENLezeWzl4",en,0,1,0,0,188,"<a href=""http://twitter.com/download/android"" rel=""nofollow"">Twitter for Android</a>",https://x.com/LeolucaRandisi/status/1711723396185108513,False,False,2026-04-08T22:30:05.664121+00:00
1711690546316476925,mounjaro_weight,mounjaro,weight,2023-10-10T10:30:02+00:00,TradeSplaining,Trade Splaining Podcast,"""As sales of appetite-suppressing drugs such as Ozempic and Mounjaro skyrocket, Corporate America is grappling with the question: How does a less-hungry, less-impulse-prone consumer affect my business model?"" 

Cc: @PattonLes
https://t.co/m9cvVCAqzD",en,0,0,2,0,134,"<a href=""http://twitter.com/download/android"" rel=""nofollow"">Twitter for Android</a>",https://x.com/TradeSplaining/status/1711690546316476925,False,False,2026-04-08T22:30:05.664121+00:00
1711575160094896341,mounjaro_weight,mounjaro,weight,2023-10-10T02:51:32+00:00,_AnonHater_,Anon Hater,"Feeling good. It’s complicated - I just started 10mg on Monday. I’ve been on it since May and I’m only down 22lbs, but I have rheumatoid arthritis and just got over a major flare and 2 months on prednisone. Idk if you’re familiar with pred but it basically makes the Mounjaro null. So for the last 2 months I’ve been the same weight. But! I’m finally off pred and just started 10mg so I’m hoping it starts back up again! No major symptoms but I can def tell my appetite has diminished significantly and I get full really easily.",en,1,0,0,0,229,"<a href=""http://twitter.com/download/iphone"" rel=""nofollow"">Twitter for iPhone</a>",https://x.com/_AnonHater_/status/1711575160094896341,False,True,2026-04-08T22:30:06.474008+00:00
1711534912266760198,mounjaro_weight,mounjaro,weight,2023-10-10T00:11:36+00:00,Sjfms1Steven,SJFSB,"@zipjet Been 4 months for me w/o Mounjaro (script is still in fridge). Start weight 380 6’2”, after 4 months, 349.  Just shy of 8lb/mo.

As long as I Ave 8 lb/mo, I’ll wait to try the shots.  Congrats on your progress!!!",en,1,0,2,0,110,"<a href=""http://twitter.com/download/iphone"" rel=""nofollow"">Twitter for iPhone</a>",https://x.com/Sjfms1Steven/status/1711534912266760198,False,True,2026-04-08T22:30:06.474008+00:00
1711478554708361520,mounjaro_weight,mounjaro,weight,2023-10-09T20:27:39+00:00,ichheiBejoshua,Josh.pyyr,"In as much as AI is the buzz in 2023 disrupting tech &amp; businesses, appetite-suppressing drugs like Ozempic &amp; Mounjaro are disrupting the food market. The more people take these drugs, the less food they consume, the more weight they lose, reducing the rev of food &amp; retail biz.",en,1,0,1,0,95,"<a href=""http://twitter.com/download/iphone"" rel=""nofollow"">Twitter for iPhone</a>",https://x.com/ichheiBejoshua/status/1711478554708361520,False,False,2026-04-08T22:30:06.475003+00:00
1711470658360684944,mounjaro_weight,mounjaro,weight,2023-10-09T19:56:17+00:00,thereallsu777,Phillip Burleigh,"@TeaRose89 @ZackStrength ""Thanks to genetics I’ll always battle being plus size but my blood work is mint.""

lol what a crock of shit!!! you arent plus sized, you are 330 lbs at 5'6. you are beyond morbidly obese. Ur genetics didnt do that. Get on mounjaro, it will show u the laws of thermodynamics work.",en,0,0,1,0,53,"<a href=""https://mobile.twitter.com"" rel=""nofollow"">Twitter Web App</a>",https://x.com/thereallsu777/status/1711470658360684944,False,False,2026-04-08T22:30:06.475003+00:00
1711064159465390286,mounjaro_weight,mounjaro,weight,2023-10-08T17:01:00+00:00,jobrx,JobRx.com,"Ozempic for Weight Loss Is Disrupting Companies’ Business Model

As sales of appetite-suppressing drugs such as Ozempic and Mounjaro skyrocket, Corporate America is grappling with the question: How does a less-hungry, less-impulse-prone consumer ...

https://t.co/cEJsnUVcGZ https://t.co/6wc9bN9wKM",en,0,0,1,0,178,"<a href=""https://buffer.com"" rel=""nofollow"">Buffer App</a>",https://x.com/jobrx/status/1711064159465390286,False,False,2026-04-08T22:30:06.475003+00:00
1710735066215682392,mounjaro_weight,mounjaro,weight,2023-10-07T19:13:18+00:00,JoanBreibart,Joan Breibart,"Mounjaro may aid weight loss, lower blood sugar in people with type 2 diabetes - https://t.co/qVSsf9rQpO #GoogleAlerts Does window too!  Salvation from Science  Wellness Bitches get lost. #80bites",en,0,0,0,0,61,"<a href=""https://mobile.twitter.com"" rel=""nofollow"">Twitter Web App</a>",https://x.com/JoanBreibart/status/1710735066215682392,False,False,2026-04-08T22:30:06.475003+00:00
1710658842173055327,mounjaro_weight,mounjaro,weight,2023-10-07T14:10:25+00:00,menakadoshi,menaka doshi,"As sales of appetite-suppressing drugs such as Ozempic and Mounjaro skyrocket, Corporate America is grappling with the question: How does a less-hungry, less-impulse-prone consumer affect my business model?
 https://t.co/3AkBcg51zp",en,3,2,24,2,5190,"<a href=""http://twitter.com/download/android"" rel=""nofollow"">Twitter for Android</a>",https://x.com/menakadoshi/status/1710658842173055327,False,False,2026-04-08T22:30:06.475003+00:00
1710609764273561636,mounjaro_weight,mounjaro,weight,2023-10-07T10:55:24+00:00,zipjet,zipjet,"MOUNJARO LOG – 5 mg Week 12, Days 79-85

No Injection period, (Shots on days 0, 11, 28, 61).

Weight 219.5 Loss 1.8 Cumulative loss 30.5 pounds.  New low.

Trailing 4 week average weight loss per week, 2.2 pounds.
Projected burn: 2,200 no exercise beyond normal, none.

Calorie intake average: 1,214
Diet: Proteins, fiber,  Strawberries and Blueberries

Effects: Appetite Satiation good,  stomach settled.
Adverse effects: gas, burping.
Sleep factors all good:  REM, Deep, Ox, Breathing, Low heart, HRV (Oura)
Weight loss good, maintaining over 2 pounds per week on 4 week trailing average.",en,2,0,4,0,606,"<a href=""https://mobile.twitter.com"" rel=""nofollow"">Twitter Web App</a>",https://x.com/zipjet/status/1710609764273561636,False,True,2026-04-08T22:30:06.475003+00:00
1710569036327915611,mounjaro_weight,mounjaro,weight,2023-10-07T08:13:33+00:00,kristenofak,inTheAk,@elonmusk @Walmart Saved my life on Mounjaro. The constant hunger is gone. Quiet. I’ve lost 110 pounds in a year.,en,0,0,1,0,66,"<a href=""http://twitter.com/download/iphone"" rel=""nofollow"">Twitter for iPhone</a>",https://x.com/kristenofak/status/1710569036327915611,False,True,2026-04-08T22:30:06.475003+00:00
1710518677727313988,mounjaro_weight,mounjaro,weight,2023-10-07T04:53:27+00:00,Ourharveyclan,Golfmom,"@Babygravy9 My sister takes Mounjaro. Not only has she lost significant weight, it helped her quit tobacco and alcohol. Studies on addiction are promising. It's injectable willpower and it is POWERFUL.
https://t.co/oHfj0tnNFu",en,0,0,3,0,460,"<a href=""https://mobile.twitter.com"" rel=""nofollow"">Twitter Web App</a>",https://x.com/Ourharveyclan/status/1710518677727313988,False,True,2026-04-08T22:30:06.475003+00:00
1710517033564324247,mounjaro_weight,mounjaro,weight,2023-10-07T04:46:55+00:00,Pixie_Dust_21,Dara_Michelle,@leadlagreport I have a friend that takes Mounjaro and to my knowledge isn’t diabetic. She’s lost a ton of weight.  She’s the thinnest she’s ever been in her entire life. She lost the weight fast. How healthy is that? 🙏 she’ll be ok.,en,0,0,1,0,146,"<a href=""http://twitter.com/download/iphone"" rel=""nofollow"">Twitter for iPhone</a>",https://x.com/Pixie_Dust_21/status/1710517033564324247,False,True,2026-04-08T22:30:06.476001+00:00
1710513806844043520,mounjaro_weight,mounjaro,weight,2023-10-07T04:34:06+00:00,Desotapop,Dessy 🇻🇦,My appetite has disappeared. The mounjaro is working again.,en,0,0,5,0,106,"<a href=""http://twitter.com/download/iphone"" rel=""nofollow"">Twitter for iPhone</a>",https://x.com/Desotapop/status/1710513806844043520,False,False,2026-04-08T22:30:06.476001+00:00
1710482308573106238,mounjaro_weight,mounjaro,weight,2023-10-07T02:28:56+00:00,JPZfitness,"Joe Zucchi, PA-C, CPT",Adults with obesity using tirzepatide maintain ‘remarkable’ weight loss at 88 weeks - Adults lost a mean 25.3% of body weight at 88 weeks in the SURMOUNT-4 trial https://t.co/1ejqC6vKKw,en,0,0,1,0,79,"<a href=""https://mobile.twitter.com"" rel=""nofollow"">Twitter Web App</a>",https://x.com/JPZfitness/status/1710482308573106238,False,False,2026-04-08T22:30:06.476001+00:00
1710472575891964304,mounjaro_weight,mounjaro,weight,2023-10-07T01:50:15+00:00,esteco2,esteco 🍑 💎 🌺 🍝 🩺🦩🍊,nene confused why she gained two pounds while on vacation when she was eating and drinking more than usual while taking mounjaro 🥴 #RHOA https://t.co/g8rJsWWrvT,en,1,1,4,0,1111,"<a href=""http://twitter.com/download/iphone"" rel=""nofollow"">Twitter for iPhone</a>",https://x.com/esteco2/status/1710472575891964304,False,False,2026-04-08T22:30:06.476001+00:00
1710338919798055100,mounjaro_weight,mounjaro,weight,2023-10-06T16:59:09+00:00,itsKARY_,k a r y.,"This video of N*N* talking about her experience with mounjaro is sending me to oblivion. 

LMFAOOOOOOOOOOOOOOOOOOOOO!!! https://t.co/Ry1BD6kXKI",en,94,298,2649,187,334704,"<a href=""http://twitter.com/download/iphone"" rel=""nofollow"">Twitter for iPhone</a>",https://x.com/itsKARY_/status/1710338919798055100,False,False,2026-04-08T22:30:06.476001+00:00
1710459962952941936,mounjaro_weight,mounjaro,weight,2023-10-07T01:00:08+00:00,tprusk,Tim Rusk,"@elonmusk @Walmart I am currently taking Mounjaro, basically, Ozempic x 2. Two and a half months in and down 8% body weight. I have been active all my life. In my late 30s I was riding my road bike 200+ miles per week. But, still fat. I’ve lost weight before on diets, but this is totally different.",en,0,0,0,0,117,"<a href=""http://twitter.com/#!/download/ipad"" rel=""nofollow"">Twitter for iPad</a>",https://x.com/tprusk/status/1710459962952941936,False,True,2026-04-08T22:30:06.476001+00:00
1710456321122705878,mounjaro_weight,mounjaro,weight,2023-10-07T00:45:40+00:00,SabrinaSalazar,Sabrina Salazar,Week 1 of Mounjaro. No side effects like Ozempic. I’ve noticed better levels from my glucose monitor. This has been a prayer answered for almost a year!,en,0,0,2,0,266,"<a href=""http://twitter.com/download/iphone"" rel=""nofollow"">Twitter for iPhone</a>",https://x.com/SabrinaSalazar/status/1710456321122705878,False,False,2026-04-08T22:30:06.476001+00:00
1710437510352945191,mounjaro_weight,mounjaro,weight,2023-10-06T23:30:55+00:00,thehandytek,Mike Everett,"@elonmusk @Walmart I have been taking Mounjaro for 3ish months now. My A1C went from 9.1 to 5, have no appetite  (not a bad thing here), and lost nearly 20 lbs. If I lose my insurance, I won't be able to afford it.",en,0,0,2,0,118,"<a href=""http://twitter.com/download/android"" rel=""nofollow"">Twitter for Android</a>",https://x.com/thehandytek/status/1710437510352945191,False,True,2026-04-08T22:30:06.476001+00:00
1710425893821132822,mounjaro_weight,mounjaro,weight,2023-10-06T22:44:45+00:00,grichl,Richard.💀 ❤️ Memecoin,"Is it?

I've been on a few different similar meds and none of them have been addictive for me. First thing I tried, Metformin, I quit taking within my first three weeks. Got tired of diarrhea, vomiting, and my blood sugars not actually improving much. Trulicity also made me sick, but much less so, except it did nothing for my sugars, tried that for a bit longer.
Mounjaro, I get some really bad stomach pains and have vomited a few times, but my blood sugars are a lot better and my appetite is healthier. My energy levels suck for other reasons, but I'm actually starting to have some energy too. I've been on it for going on two months now. It doesn't feel addictive at all, and I've even missed dosages a couple of times (took it when I remembered though).

I don't think these are a good idea for type 1 kids, because the sudden lows could be hard to manage and I'm not certain about the hormonal changes aspect, but as a type 1 adult who's been  T1 for 27 years and struggling severely in the last 8 years, I'm kinda hoping Mounjaro's the thing that saves my limbs and eyesight.
I'm 35 and I've already got neuropathy and mild retinopathy so even if it were addictive I'd probably try to keep up with it. It would be cool if diabetes meds could be for diabetics, but I see that there are advantages for non-diabetics too, at least for weight loss.",en,2,0,1,0,304,"<a href=""http://twitter.com/download/android"" rel=""nofollow"">Twitter for Android</a>",https://x.com/grichl/status/1710425893821132822,False,True,2026-04-08T22:30:06.476996+00:00
1710404627387052536,mounjaro_weight,mounjaro,weight,2023-10-06T21:20:15+00:00,ChiChiMom8,ChiChiMom,"@LadyJustice4512 @elonmusk @Walmart Same on mounjaro since May, 50 pounds gone.  Never felt better!",en,0,0,9,0,140,"<a href=""http://twitter.com/download/android"" rel=""nofollow"">Twitter for Android</a>",https://x.com/ChiChiMom8/status/1710404627387052536,False,True,2026-04-08T22:30:06.476996+00:00
1710403597739892752,mounjaro_weight,mounjaro,weight,2023-10-06T21:16:10+00:00,ChiChiMom8,ChiChiMom,"@MarchandSurgery @elonmusk @Walmart My A1C was 10 in April, put on mounjaro.  Lost 45 pounds and A1C is now 5.4!",en,0,0,3,0,171,"<a href=""http://twitter.com/download/android"" rel=""nofollow"">Twitter for Android</a>",https://x.com/ChiChiMom8/status/1710403597739892752,False,True,2026-04-08T22:30:06.476996+00:00
1710403172920102945,mounjaro_weight,mounjaro,weight,2023-10-06T21:14:28+00:00,Eternal_EB,Sachin,"@MartyChargin Yeps, seems like Ozempic and Mounjaro reduce appetite and lower the need for junk...I mean snack...food. $LLY and $NVO are up &gt;70% since the last year",en,0,0,0,0,156,"<a href=""https://mobile.twitter.com"" rel=""nofollow"">Twitter Web App</a>",https://x.com/Eternal_EB/status/1710403172920102945,False,True,2026-04-08T22:30:07.368019+00:00
1710402967000486358,mounjaro_weight,mounjaro,weight,2023-10-06T21:13:39+00:00,Volguy15,🍊Chris °|||||||° GB🍊,"@elonmusk @Walmart Tell that to my damn insurance company who won’t approve my Mounjaro prescription, that helped me with diet and exercise, to lose 100+ pounds.",en,0,0,0,0,40,"<a href=""http://twitter.com/download/iphone"" rel=""nofollow"">Twitter for iPhone</a>",https://x.com/Volguy15/status/1710402967000486358,False,True,2026-04-08T22:30:07.369016+00:00
1710393580907360643,mounjaro_weight,mounjaro,weight,2023-10-06T20:36:21+00:00,wearitlikeadiva,Wear It Like A Diva - Just call me “Diva”,@patriot_melissa I’m on Mounjaro. I love it because I have ME/CFS/Fibro &amp; it has reduced my inflammation by 60%. I have lost 30lbs but I have adrenal issues. On it for life due to insulin resistance &amp; can’t lose on my own. I pay $400 through a telehealth company. Was paying $25 but coupon expired,en,1,0,2,0,442,"<a href=""http://twitter.com/download/iphone"" rel=""nofollow"">Twitter for iPhone</a>",https://x.com/wearitlikeadiva/status/1710393580907360643,False,True,2026-04-08T22:30:07.369016+00:00
1710392380367532507,mounjaro_weight,mounjaro,weight,2023-10-06T20:31:35+00:00,donnadelights,Donna Deplorable,@elonmusk @Walmart I’ve lost 25 lbs so far on mounjaro,en,0,0,0,0,36,"<a href=""http://twitter.com/download/iphone"" rel=""nofollow"">Twitter for iPhone</a>",https://x.com/donnadelights/status/1710392380367532507,False,True,2026-04-08T22:30:07.369016+00:00
1710286086507725220,mounjaro_weight,mounjaro,weight,2023-10-06T13:29:13+00:00,PropThinker,PropThink,"$LLY Mounjaro (GLP/GIP) SURMOUNT-4 study at EASD2023

First 36 weeks, all pts got TZ
Followed by 52 wk randomisation to TZ or placebo

At the end of 88 weeks: 
-Mounjaro arm lost 26% bw
-Placebo arm saw weight rebound, but still 9.5% below starting weight

$NVO $GPCR $VKTX $TERN https://t.co/5qgrsM3fRv",en,1,3,14,1,8878,"<a href=""https://mobile.twitter.com"" rel=""nofollow"">Twitter Web App</a>",https://x.com/PropThinker/status/1710286086507725220,False,False,2026-04-08T22:30:07.369016+00:00
1709993469186343265,mounjaro_weight,mounjaro,weight,2023-10-05T18:06:27+00:00,grisham_shrew60,Ayatolldya Iran was TOAST!! - Paws for Persia!,@scribbledname_ I can only speak for Mounjaro. I've lost over 40 pounds since July with only mild bouts of nausea.,en,1,0,0,0,214,"<a href=""http://twitter.com/download/android"" rel=""nofollow"">Twitter for Android</a>",https://x.com/grisham_shrew60/status/1709993469186343265,False,True,2026-04-08T22:30:07.369016+00:00
1709949069140058445,mounjaro_weight,mounjaro,weight,2023-10-05T15:10:02+00:00,TradingJ420,Enigma,"@OracleNYSE My wife’s hair started falling out when she was on Mounjaro, not worth losing a few pounds imo",en,0,0,0,0,113,"<a href=""http://twitter.com/download/iphone"" rel=""nofollow"">Twitter for iPhone</a>",https://x.com/TradingJ420/status/1709949069140058445,False,True,2026-04-08T22:30:07.369016+00:00
1709753663327977892,mounjaro_weight,mounjaro,weight,2023-10-05T02:13:33+00:00,Kim_Wolfe63,JourneyBleu | Sleeves Up! 🏳️‍🌈🌊🗳✌️📚✍🏻🏈,"On Mounjaro for better diabetes control. Have lost about 25 lbs in four months. Readings are much better, I’m never hungry, and I no longer crave chocolate or candy, which is a relief. What sorcery is this?",en,3,0,3,0,221,"<a href=""http://twitter.com/download/iphone"" rel=""nofollow"">Twitter for iPhone</a>",https://x.com/Kim_Wolfe63/status/1709753663327977892,False,False,2026-04-08T22:30:07.369016+00:00
1708858441199190098,mounjaro_weight,mounjaro,weight,2023-10-02T14:56:16+00:00,Madawgamexy,Madison Aguilar,I’m almost a pound away from loosing 70 pounds . Thanks mounjaro and also me comiting to do better for myself ❤️ https://t.co/dX6SeGezZO,en,0,0,1,0,309,"<a href=""http://twitter.com/download/iphone"" rel=""nofollow"">Twitter for iPhone</a>",https://x.com/Madawgamexy/status/1708858441199190098,False,False,2026-04-08T22:30:07.369016+00:00
1708522503386132713,mounjaro_weight,mounjaro,weight,2023-10-01T16:41:22+00:00,19Defender86,JB🇺🇸,"It’s crazy that health insurance companies have chosen to stop covering Mounjaro shots. So many people have lost weight &amp; are now healthier. It’s clear that the gov, insurance carriers, &amp; healthcare want you sick and dying to keep making them rich. 
Mounjaro is $1500 a month now.",en,0,0,0,0,138,"<a href=""http://twitter.com/download/iphone"" rel=""nofollow"">Twitter for iPhone</a>",https://x.com/19Defender86/status/1708522503386132713,False,False,2026-04-08T22:30:07.369016+00:00
1708496130282053830,mounjaro_weight,mounjaro,weight,2023-10-01T14:56:34+00:00,LeolucaRandisi,Leoluca Randisi 🇺🇦,@FATFabandthick When I was 175 pounds women checked me out all the time! I got the second glance like you walk by you get a glance then they turn around a second time to check you out! Used to get that all the time but I got up to 275 pounds on Mounjaro I am now down to 257 pounds!,en,1,0,0,0,37,"<a href=""http://twitter.com/download/android"" rel=""nofollow"">Twitter for Android</a>",https://x.com/LeolucaRandisi/status/1708496130282053830,False,True,2026-04-08T22:30:07.369016+00:00
1708098963885134256,mounjaro_weight,mounjaro,weight,2023-09-30T12:38:22+00:00,zipjet,zipjet,"MOUNJARO LOG – 5 mg Week 11, Days 72-78

No Injection period, (Shots on days 0, 11, 28, 61).

Weight 221.3 Loss 0.8 Cumulative loss 28.7 pounds. Did hit new low interim low 220.3.

Trailing 4 week average weight loss per week, 2.1 pounds.
Projected burn: 2,300 no exercise beyond normal, none.

Calorie intake average: 1214

Diet: Proteins, fiber,  Strawberries and Blueberries

Effects: Appetite Satiation good,  stomach settled.

Adverse effects: gas, burping.
Sleep factors all good:  REM, Deep, Ox, Breathing, Low heart, HRV (Oura)

Weight loss slowed.",en,1,0,1,0,540,"<a href=""https://mobile.twitter.com"" rel=""nofollow"">Twitter Web App</a>",https://x.com/zipjet/status/1708098963885134256,False,True,2026-04-08T22:30:07.369016+00:00
1707944529255366957,mounjaro_weight,mounjaro,weight,2023-09-30T02:24:42+00:00,thankyulex,youtube: thankyulex,@47Akmargiela @missnatalienunn Meanwhile I’m on Mounjaro -117 lbs down don’t hate ask your doc for some too,en,1,0,5,0,682,"<a href=""http://twitter.com/download/iphone"" rel=""nofollow"">Twitter for iPhone</a>",https://x.com/thankyulex/status/1707944529255366957,False,True,2026-04-08T22:30:07.369016+00:00
1707399924424351911,mounjaro_weight,mounjaro,weight,2023-09-28T14:20:38+00:00,ChicagoRob1968,Robert Myers,"So, just got back from the Doctor.  Down 25 pounds in the last 3 months.  Mine is solely Mounjaro.  Blood taken for A1C.  Here's hoping for a 7.5!!!",en,0,0,2,0,138,"<a href=""https://mobile.twitter.com"" rel=""nofollow"">Twitter Web App</a>",https://x.com/ChicagoRob1968/status/1707399924424351911,False,False,2026-04-08T22:30:07.369016+00:00
1707063140930752804,mounjaro_weight,mounjaro,weight,2023-09-27T16:02:23+00:00,BriLong_312,ℬℜ∣⍲ⁿ⋒Ⓐ   |⊙∩❡,Another week another pound already down 3 pounds since starting #mounjaro 3 weeks ago #weightlossjourney,en,0,0,0,0,147,"<a href=""http://twitter.com/download/iphone"" rel=""nofollow"">Twitter for iPhone</a>",https://x.com/BriLong_312/status/1707063140930752804,False,False,2026-04-08T22:30:07.370011+00:00
1706162788488622487,mounjaro_weight,mounjaro,weight,2023-09-25T04:24:42+00:00,RadiantC20888,Radiant Revival Aesthetics & Weight Loss Clinic,"Discover the power of Tirzepatide for remarkable weight loss results! Say goodbye to excess pounds and hello to a healthier you. Grab your Trizepatide injections today for just $799.00 and start your journey to a better you!
Learn more at 📷 https://t.co/syUrpnnNoM https://t.co/U3uj27Q3JC",en,0,0,1,0,74,"<a href=""https://mobile.twitter.com"" rel=""nofollow"">Twitter Web App</a>",https://x.com/RadiantC20888/status/1706162788488622487,False,False,2026-04-08T22:30:08.337517+00:00
1706051639122297265,mounjaro_weight,mounjaro,weight,2023-09-24T21:03:02+00:00,abelian_groupie,Contessa,"@flawedaxioms This is 40 pounds lost naturally, 20 pounds lost with mounjaro",en,2,0,38,2,4949,"<a href=""https://mobile.twitter.com"" rel=""nofollow"">Twitter Web App</a>",https://x.com/abelian_groupie/status/1706051639122297265,False,True,2026-04-08T22:30:08.337517+00:00
1706042137589215380,mounjaro_weight,mounjaro,weight,2023-09-24T20:25:16+00:00,rogertippingII,Roger Tipping II,@monitoringbias Extremely high natural appetite. On Tirzepatide now and no longer have any trouble controlling energy intake.,en,0,0,0,0,57,"<a href=""http://twitter.com/download/iphone"" rel=""nofollow"">Twitter for iPhone</a>",https://x.com/rogertippingII/status/1706042137589215380,False,True,2026-04-08T22:30:08.337517+00:00
1706019189574475802,mounjaro_weight,mounjaro,weight,2023-09-24T18:54:05+00:00,KingJoeMidas,King Midas,"Lauren Manzo Loses 30 Lbs With Mounjaro, Earlier than &amp; After Pics

https://t.co/xWmamLNUkz https://t.co/1njRVDTlYF",en,0,0,0,0,109,"<a href=""https://publer.com"" rel=""nofollow"">Publer.com</a>",https://x.com/KingJoeMidas/status/1706019189574475802,False,False,2026-04-08T22:30:08.338513+00:00
1706008063902147051,mounjaro_weight,mounjaro,weight,2023-09-24T18:09:53+00:00,BrightlyAgain,Brightly,"PHOTOS: RHONJ Alum Lauren Manzo Loses 30 Pounds With Mounjaro, See Before and After Pics as She Talks Having ""Ozempic Face"" and Details Her Weight Loss Journey #RHONJ #LaurenManzo #Mounjaro #WeightLoss https://t.co/G05ESHgCPf via #realityblurb https://t.co/UWBlL343gi",en,10,1,25,0,4409,"<a href=""https://mobile.twitter.com"" rel=""nofollow"">Twitter Web App</a>",https://x.com/BrightlyAgain/status/1706008063902147051,False,False,2026-04-08T22:30:08.338513+00:00
1706005986991841716,mounjaro_weight,mounjaro,weight,2023-09-24T18:01:38+00:00,RealityBlurb,Reality Blurb,"PHOTOS: RHONJ Alum Lauren Manzo Loses 30 Pounds With Mounjaro, See Before and After Pics as She Talks Having ""Ozempic Face"" and Details Her Weight Loss Journey #RHONJ #LaurenManzo #Mounjaro #WeightLoss https://t.co/BdUqhRPhIR via @Realityblurb",en,0,0,2,0,1119,"<a href=""https://mobile.twitter.com"" rel=""nofollow"">Twitter Web App</a>",https://x.com/RealityBlurb/status/1706005986991841716,False,False,2026-04-08T22:30:08.338513+00:00
1705988254510510119,mounjaro_weight,mounjaro,weight,2023-09-24T16:51:10+00:00,graypepeat,Yung Gramps,"I cut the beer down and for the most part the booze and started hitting golf balls with a buddy of mine 2x/week and I'm losing weight like crazy rn. In fairness I did do the tirzepatide for about a month which helped alter my appetite, so there's that too",en,1,0,0,0,39,"<a href=""http://twitter.com/download/android"" rel=""nofollow"">Twitter for Android</a>",https://x.com/graypepeat/status/1705988254510510119,False,True,2026-04-08T22:30:08.338513+00:00
1705797903027994975,mounjaro_weight,mounjaro,weight,2023-09-24T04:14:46+00:00,LeolucaRandisi,Leoluca Randisi 🇺🇦,"@celainesasmr Celaine I am type 2 diabetic I was put on mounjaro it was my choice, it's not a magic medication but with exercise and healthy eating you lose weight and get good blood glucose numbers. In 5 weeks I went from 275 pounds to 257 pounds!",en,0,0,0,0,47,"<a href=""http://twitter.com/download/android"" rel=""nofollow"">Twitter for Android</a>",https://x.com/LeolucaRandisi/status/1705797903027994975,False,False,2026-04-08T22:30:08.338513+00:00
1705751470941815217,mounjaro_weight,mounjaro,weight,2023-09-24T01:10:16+00:00,LeolucaRandisi,Leoluca Randisi 🇺🇦,I'm on mounjaro losing weight I'm type 2 diabetes but this medication isn't magic you gotta eat healthy and exercise I just rode the stationary bike and I walk! I went from 275 pounds to 257 pounds in about 5 weeks!,en,0,0,3,0,237,"<a href=""http://twitter.com/download/android"" rel=""nofollow"">Twitter for Android</a>",https://x.com/LeolucaRandisi/status/1705751470941815217,False,False,2026-04-08T22:30:08.338513+00:00
1705592972711199094,mounjaro_weight,mounjaro,weight,2023-09-23T14:40:27+00:00,heavenlyjaded,Queen of Arkham,"@ItsShayDarling @DaruniaSage @XavierDLeau That's what I wanna do, just don't know how to get started. I'm on mounjaro and I lost 60 pounds and at my target weight and a1c but now I just got the sag lol",en,0,0,3,0,79,"<a href=""http://twitter.com/download/android"" rel=""nofollow"">Twitter for Android</a>",https://x.com/heavenlyjaded/status/1705592972711199094,False,True,2026-04-08T22:30:08.338513+00:00
1705589312929362358,mounjaro_weight,mounjaro,weight,2023-09-23T14:25:55+00:00,heavenlyjaded,Queen of Arkham,"@marcjshaw @PageSix @SoundoftheRaign I'm on mounjaro and it's been a life saver for my diabetes. I lost 60 pounds, I'm off of all my other diabetes meds (I was on four) and my a1c is at 5%. You will get some acute stomach pain but if you drink enough water, that will calm down 😊",en,1,0,4,0,177,"<a href=""http://twitter.com/download/android"" rel=""nofollow"">Twitter for Android</a>",https://x.com/heavenlyjaded/status/1705589312929362358,False,True,2026-04-08T22:30:08.338513+00:00
1705546767108907437,mounjaro_weight,mounjaro,weight,2023-09-23T11:36:51+00:00,zipjet,zipjet,"MOUNJARO LOG – 5 mg Week 10, Days 65-71

No Injection period, (Shots on days 0, 11, 28, 61).

Weight 222.1 Loss 4.2 Cumulative loss 27.9 pounds

Trailing 4 week average weight loss per week, 2.2 pounds.
Projected burn to: 2,300 no exercise beyond normal, none.

Calorie intake average: 802
Diet: Proteins, fiber,  Strawberries and Blueberries

Effects: Appetite Satiation good,  stomach queasy beginning of week, settled by end of week.

Adverse effects: gas, burping.
Sleep factors good by end of week:  REM, Deep, Ox, Breathing, Low heart, HRV (Oura)

After the shot on day 61 weight loss accelerated, so it is having a significant effect on top of behavioral modifications.",en,2,0,2,0,602,"<a href=""https://mobile.twitter.com"" rel=""nofollow"">Twitter Web App</a>",https://x.com/zipjet/status/1705546767108907437,False,True,2026-04-08T22:30:08.338513+00:00
1705443658013491462,mounjaro_weight,mounjaro,weight,2023-09-23T04:47:08+00:00,kLikeRussian,dae,"@CensoredMen or lose weight, warehouse job + Mounjaro ive lost 40lbs since june and we aint stopping there",en,0,0,0,0,82,"<a href=""https://mobile.twitter.com"" rel=""nofollow"">Twitter Web App</a>",https://x.com/kLikeRussian/status/1705443658013491462,False,True,2026-04-08T22:30:08.338513+00:00
1705391023499972831,mounjaro_weight,mounjaro,weight,2023-09-23T01:17:59+00:00,Momto2_Cats,MomToJust1Cat 🇺🇸 🐈‍⬛,@TheBravoLife_ I used Mounjaro for six weeks and I lost 20 pounds.  I haven’t used it since January. Even though I work out 4-5 days a week and diet I’m still another 10-20 pounds overweight.  I’m ready to go back on it so I can lose at least another 10 pounds.,en,0,0,0,0,83,"<a href=""http://twitter.com/download/iphone"" rel=""nofollow"">Twitter for iPhone</a>",https://x.com/Momto2_Cats/status/1705391023499972831,False,True,2026-04-08T22:30:08.338513+00:00
1705274432980123975,mounjaro_weight,mounjaro,weight,2023-09-22T17:34:41+00:00,Splinteredones,Mom. Pushover.,@AngelSaylor0517 @FurKidMom @LilyLuWhoT @spike_cat @CinniMini2 @fairhope71 @Brici161 @BanditoCatticus Her GP put her on Mounjaro.  She's lost 15 pounds in a month which surprisingly makes a big difference in the fit of her clothing.  She is kind of a moving target though as she expects more to come.  Going to a huge Vintage Fair tomorrow where she hopes to get cheap stuff!,en,0,0,1,0,85,"<a href=""http://twitter.com/download/android"" rel=""nofollow"">Twitter for Android</a>",https://x.com/Splinteredones/status/1705274432980123975,False,True,2026-04-08T22:30:08.338513+00:00
1705117562097279044,mounjaro_weight,mounjaro,weight,2023-09-22T07:11:21+00:00,CuckNorris503,Hunter Biden’s Crack Dealer,"@iLibertyBelle Hopefully you see this, I did the gastric sleeve, lost 200 pounds in 1 year, I was down to 260 pounds and looked amazing, I put most of it back on over time and now doing Mounjaro shots and down 75 pounds this year. My advice: the surgery is a tool, good luck",en,0,0,0,0,57,"<a href=""http://twitter.com/download/iphone"" rel=""nofollow"">Twitter for iPhone</a>",https://x.com/CuckNorris503/status/1705117562097279044,False,True,2026-04-08T22:30:08.339510+00:00
1705412151333064836,mounjaro_weight,mounjaro,weight,2023-09-23T02:41:56+00:00,BriLong_312,ℬℜ∣⍲ⁿ⋒Ⓐ   |⊙∩❡,Almost down 3lbs since starting #mounjaro #LetsGo only on week 2!! https://t.co/ge9RSRZl5Q,en,0,0,0,0,88,"<a href=""http://twitter.com/download/iphone"" rel=""nofollow"">Twitter for iPhone</a>",https://x.com/BriLong_312/status/1705412151333064836,False,False,2026-04-08T22:30:08.339510+00:00
1704877979090776273,mounjaro_weight,mounjaro,weight,2023-09-21T15:19:19+00:00,ByoungSFL,Brandon Young,Started Mounjaro 6 weeks ago at 303 lbs. first time I’ve been below 280 since before Covid. 54 more to go. https://t.co/uRg7RGh9e2,en,8,0,27,0,9953,"<a href=""http://twitter.com/download/iphone"" rel=""nofollow"">Twitter for iPhone</a>",https://x.com/ByoungSFL/status/1704877979090776273,False,False,2026-04-08T22:30:09.356283+00:00
1704481698736443595,mounjaro_weight,mounjaro,weight,2023-09-20T13:04:39+00:00,InShapeMDSA,InShapeMDSanAngelo,"Get ready to conquer your weight loss goals with Tirzepatide!

🌟 Learn how this powerful treatment can help you shed pounds and improve your overall well-being. It's time to take action! Schedule a consultation with InShapeMD San Angelo today!

📲 (325) 227-4981 https://t.co/ywksZMUOwh",en,0,0,2,0,63,"<a href=""https://app.socialowl.com/bu_connections"" rel=""nofollow"">Posting Automation v3.1</a>",https://x.com/InShapeMDSA/status/1704481698736443595,False,False,2026-04-08T22:30:09.356283+00:00
1704057759262732784,mounjaro_weight,mounjaro,weight,2023-09-19T09:00:04+00:00,FinGuiderCC,FinGuider,"4)Eli Lilly (LLY) received approval from the FDA may of last year for Tirzepatide (Mounjaro) for diabetes patients. According to phase three of trial reports, patients lost up to 16% of their body weight within 17 months of use.",en,1,0,0,0,126,"<a href=""https://mobile.twitter.com"" rel=""nofollow"">Twitter Web App</a>",https://x.com/FinGuiderCC/status/1704057759262732784,False,True,2026-04-08T22:30:09.356283+00:00
1703756670369661281,mounjaro_weight,mounjaro,weight,2023-09-18T13:03:39+00:00,InShapeMDSA,InShapeMDSanAngelo,"Get ready to conquer your weight loss goals with Tirzepatide!

🌟 Learn how this powerful treatment can help you shed pounds and improve your overall well-being. It's time to take action! Schedule a consultation with InShapeMD San Angelo today!

📲 (325) 227-4981 https://t.co/j2WlVzdvMl",en,0,0,2,0,65,"<a href=""https://app.socialowl.com/bu_connections"" rel=""nofollow"">Posting Automation v3.1</a>",https://x.com/InShapeMDSA/status/1703756670369661281,False,False,2026-04-08T22:30:09.356283+00:00
1703006266161852775,mounjaro_weight,mounjaro,weight,2023-09-16T11:21:48+00:00,zipjet,zipjet,"MOUNJARO LOG – 5 mg Week 9, Days 58-64

Injection day 61 this period, (Shots on days 0, 11, 28, 61).

Weight 226.3 Loss 2.7 Cumulative loss 23.7 pounds

Trailing 7 week average weight loss per week, 1.4 pounds.

Projected burn: 2,300 no exercise beyond normal, none.

Calorie intake average: 978

Diet: Proteins, fiber,  Strawberries and Blueberries

Effects: Appetite Satiation light therefore shot on day 61,  stomach settled.

Adverse effects after shot day 61:
Nausia returned, vomited day 62, gas, burping
Sleep factors disturbed: latency, duration, restfulness.
Sleep factors good: REM, Deep, Ox, Breathing, Low heart, HRV (Oura)

While there are signs of behavioral modification, the dose hit me much like the earlier doses. Vomiting and nausea clearly inhibit eating in the early days after the shot.",en,3,0,1,0,645,"<a href=""https://mobile.twitter.com"" rel=""nofollow"">Twitter Web App</a>",https://x.com/zipjet/status/1703006266161852775,False,True,2026-04-08T22:30:09.356283+00:00
1702806006051258878,mounjaro_weight,mounjaro,weight,2023-09-15T22:06:03+00:00,Tellit007,Tellit Likeitis,"@TheAlanAragon I don't glorify these drugs btw, I fully realize they are not a panacea and have side effect and pricing concerns. And I admit my Mounjaro (paid fully by insurance) bias, as this is the first time in my long life of diet and exercise failures I lost 45lbs and am keeping it off.",en,2,0,1,0,171,"<a href=""http://twitter.com/download/android"" rel=""nofollow"">Twitter for Android</a>",https://x.com/Tellit007/status/1702806006051258878,False,True,2026-04-08T22:30:09.356283+00:00
1702781940976259191,mounjaro_weight,mounjaro,weight,2023-09-15T20:30:25+00:00,KATSEYEKON,sylv ᓚᘏᗢ⁶,"@ChrisQuintanar1 My dad got in a clinical trial for Mounjaro and has lost 100lbs since March (360 -&gt; 260). It has helped a lot of people, perhaps you can look into it!",en,2,0,0,0,85,"<a href=""http://twitter.com/download/iphone"" rel=""nofollow"">Twitter for iPhone</a>",https://x.com/KATSEYEKON/status/1702781940976259191,False,True,2026-04-08T22:30:09.357280+00:00
1702586501941321820,mounjaro_weight,mounjaro,weight,2023-09-15T07:33:49+00:00,NURSERB72,UltraMAGARN17⭐️⭐️⭐️,@elonmusk @dogeofficialceo @elonmusk I would be incredibly grateful if you'd help pay for 6 months of Mounjaro for me. I am trying very hard to lose 60 pounds to get my health under control. Thank you for your consideration!,en,0,0,0,0,59,"<a href=""http://twitter.com/download/android"" rel=""nofollow"">Twitter for Android</a>",https://x.com/NURSERB72/status/1702586501941321820,False,True,2026-04-08T22:30:09.357280+00:00
1702403191088804199,mounjaro_weight,mounjaro,weight,2023-09-14T19:25:24+00:00,angryelderjay,Angry Elder Millennial,"#Weightloss Update!
Highest Weight: 299 lbs
Starting Weight: 295.5 lbs
Current Weight: 231.4 lbs
-21.7%

💪🏻
#mounjaro #GLP1 #joinsequence #weightlossjourney #exercise #food #Peloton https://t.co/7zSvC2fA6Y",en,4,0,8,0,957,"<a href=""http://twitter.com/download/iphone"" rel=""nofollow"">Twitter for iPhone</a>",https://x.com/angryelderjay/status/1702403191088804199,False,False,2026-04-08T22:30:09.357280+00:00
1702377002441818252,mounjaro_weight,mounjaro,weight,2023-09-14T17:41:20+00:00,KS_hairqueen,✌️Oh kayyyy_bayyyy,"144 pounds gone, thanks to #mounjaro @MounjaroHCP https://t.co/LpC3q2uREv",en,1,0,0,0,250,"<a href=""http://twitter.com/download/iphone"" rel=""nofollow"">Twitter for iPhone</a>",https://x.com/KS_hairqueen/status/1702377002441818252,False,False,2026-04-08T22:30:09.357280+00:00
1702050779299786765,mounjaro_weight,mounjaro,weight,2023-09-13T20:05:03+00:00,TxEliteHealthOn,Elite Health Online,"Want to shed some pounds before the holidays? Try Mounjaro™ (Tirzepatide)! Only one injection a week! Start by booking your free online consultation at Elite Health Online.

https://t.co/Xx8jTFaxrZ 

#HolidayWeightLoss #Tirzepatide https://t.co/tCRMbZKIno",en,0,0,0,0,61,"<a href=""https://app.sendible.com"" rel=""nofollow"">Sendible</a>",https://x.com/TxEliteHealthOn/status/1702050779299786765,False,False,2026-04-08T22:30:09.357280+00:00
1702050607106838949,mounjaro_weight,mounjaro,weight,2023-09-13T20:04:21+00:00,Buck_Atwater,Buck Atwater,"@enhancedathlete constipation and low blood pressure on mounjaro...lost alot of muscle...but yea about 30lbs came off really fast wasn't ready for that. literally no desire to eat, exercise...move for that matter. just my experience.",en,0,0,1,0,259,"<a href=""http://twitter.com/download/android"" rel=""nofollow"">Twitter for Android</a>",https://x.com/Buck_Atwater/status/1702050607106838949,False,True,2026-04-08T22:30:09.357280+00:00
1701748593328267364,mounjaro_weight,mounjaro,weight,2023-09-13T00:04:16+00:00,karlelvis,Karl Elvis,"I’ve been on #mounjaro for #diabetes #t2D since Oct, and it’s been a holy fucking pain in the ass. But the A1C progress has been amazing (not to mention, lost 50 lbs  blood pressure under control, cholesterol under control, etc). https://t.co/QW9o5m69Hd",en,2,0,1,0,424,"<a href=""http://twitter.com/download/iphone"" rel=""nofollow"">Twitter for iPhone</a>",https://x.com/karlelvis/status/1701748593328267364,False,False,2026-04-08T22:30:09.357280+00:00
1701590647004946549,mounjaro_weight,mounjaro,weight,2023-09-12T13:36:38+00:00,em29bee,Keep_AZ_Conservative🇺🇸🇺🇸🇺🇸🇺🇸,"@ElieJarrougeMD I gained weight during the height of COVID. My diabetes became uncontrolled. I've been working for a year to get back in control. Using medications, Mounjaro and Farxiga. My A1c is now, 6.1 down from 9.2. My weight is down 29 lbs. It does take time, but it's worth the effort.",en,1,0,7,0,295,"<a href=""http://twitter.com/download/android"" rel=""nofollow"">Twitter for Android</a>",https://x.com/em29bee/status/1701590647004946549,False,True,2026-04-08T22:30:09.357280+00:00
1701423358565286165,mounjaro_weight,mounjaro,weight,2023-09-12T02:31:54+00:00,ElaineInKCMO,Elaine,"@DaveEDanna Between nutrition &amp; Mounjaro, I lost 50 pounds in 9 months.",en,1,0,2,0,90,"<a href=""http://twitter.com/download/iphone"" rel=""nofollow"">Twitter for iPhone</a>",https://x.com/ElaineInKCMO/status/1701423358565286165,False,True,2026-04-08T22:30:09.357280+00:00
1701409179544506597,mounjaro_weight,mounjaro,weight,2023-09-12T01:35:33+00:00,_Ellimac__,Camille ⚖️,"Ozempic/mounjaro update:  it’s been three full months. I’m down 40 lbs, back to my pre pregnancy weight. I’m not trying to lose anymore. More importantly my A1c went from 6.0 (prediabetic) to 5.3 (normal)! Going to see how this affects gestational diabetes in a few months…",en,0,0,0,0,299,"<a href=""http://twitter.com/download/iphone"" rel=""nofollow"">Twitter for iPhone</a>",https://x.com/_Ellimac__/status/1701409179544506597,False,False,2026-04-08T22:30:09.358276+00:00
1700555978020966729,mounjaro_weight,mounjaro,weight,2023-09-09T17:05:14+00:00,fransjourney16,Tirzepatide Journey,"@CALZER0O Month 2 on #tirzepatide and down 15 pounds! 

You can get tirzepatide through Helix Chemical Supply. No script needed and fast shipping! https://t.co/5pO6CVYBR5 talbot10 for 10%",en,0,0,0,0,22,"<a href=""https://mobile.twitter.com"" rel=""nofollow"">Twitter Web App</a>",https://x.com/fransjourney16/status/1700555978020966729,False,False,2026-04-08T22:30:09.358276+00:00
1700555918013075778,mounjaro_weight,mounjaro,weight,2023-09-09T17:05:00+00:00,fransjourney16,Tirzepatide Journey,"@RickRockwelll Month 2 on #tirzepatide and down 15 pounds! 

You can get tirzepatide through Helix Chemical Supply. No script needed and fast shipping! https://t.co/5pO6CVYBR5 talbot10 for 10%",en,0,0,1,0,12,"<a href=""https://mobile.twitter.com"" rel=""nofollow"">Twitter Web App</a>",https://x.com/fransjourney16/status/1700555918013075778,False,True,2026-04-08T22:30:09.358276+00:00
1700517546116485536,mounjaro_weight,mounjaro,weight,2023-09-09T14:32:31+00:00,zipjet,zipjet,"MOUNJARO LOG – 5 mg Week 8, Days 51-57

No Injection this period, (Shots 0, 11,28).

Weight 229 Loss 1.3 Cumulative loss 21 pounds

Projected burn reduced to: 2,300 no exercise beyond normal, none.

Calorie intake average: 1017

Diet: Proteins, fiber, added Strawberries and Blueberries

Effects: Appetite Satiation persisting,  stomach settled.

Adverse effects:
Stomach settled.
Sleep factors normal.
Sleep factors good: REM, Deep, Ox, Breathing, Lowest heart rate (new low 51), HRV (Oura)

Satiation persisting day 57. I am beginning to wonder if satiation is a function of my stomach shrinking or some behavioral modification that the new patterns have caused.

Likely will dose again this week.",en,1,0,0,0,565,"<a href=""https://mobile.twitter.com"" rel=""nofollow"">Twitter Web App</a>",https://x.com/zipjet/status/1700517546116485536,False,True,2026-04-08T22:30:10.458623+00:00
1700260293908271435,mounjaro_weight,mounjaro,weight,2023-09-08T21:30:18+00:00,dolceconaffetto,annette☆,"@wutangclannad YOU CAN DO IT!! I was on mounjaro before I lost my job/insurance, and it’s a life changer",en,0,0,1,0,117,"<a href=""http://twitter.com/download/iphone"" rel=""nofollow"">Twitter for iPhone</a>",https://x.com/dolceconaffetto/status/1700260293908271435,False,True,2026-04-08T22:30:10.458623+00:00
1700175395667001410,mounjaro_weight,mounjaro,weight,2023-09-08T15:52:56+00:00,JackStrawATL,Jack Straw from ATL,@jimiuorio Not sure why this is an issue for you. I take Mounjaro for diabetes. My blood sugar control is GREATLY enhanced. As a side benefit it has greatly reduced my appetite and I am losing weight. Not sure why this concerns you.,en,1,0,0,0,50,"<a href=""http://twitter.com/download/iphone"" rel=""nofollow"">Twitter for iPhone</a>",https://x.com/JackStrawATL/status/1700175395667001410,False,True,2026-04-08T22:30:10.458623+00:00
1699809210727555547,mounjaro_weight,mounjaro,weight,2023-09-07T15:37:51+00:00,Madawgamexy,Madison Aguilar,Transformation Thursday. First picture is right before I started my weight loss . My second picture is the picture I barely took showing 3-4 months of weight loss loosing 57 pounds . Left is the first one right is the second . Feeling proud mounjaro for life ❤️ https://t.co/2tFqgC6QDQ,en,2,0,2,0,1280,"<a href=""http://twitter.com/download/iphone"" rel=""nofollow"">Twitter for iPhone</a>",https://x.com/Madawgamexy/status/1699809210727555547,False,False,2026-04-08T22:30:10.458623+00:00
1699757487509869023,mounjaro_weight,mounjaro,weight,2023-09-07T12:12:19+00:00,thankyulex,youtube: thankyulex,"@amrezy I’m on mounjaro and using it for prediabeties, obesity, non alcoholic fatty liver disease, insulin resistance, high blood pressure, metabolic syndrome meanwhile you should do your research 🧐 I’m down -112 lbs in less than a year 🤗",en,5,0,37,0,3006,"<a href=""http://twitter.com/download/iphone"" rel=""nofollow"">Twitter for iPhone</a>",https://x.com/thankyulex/status/1699757487509869023,False,True,2026-04-08T22:30:10.458623+00:00
1699205757734924417,mounjaro_weight,mounjaro,weight,2023-09-05T23:39:57+00:00,ayoitzthatGIRL,𝓚𝓻𝔂𝓼𝓽𝓪𝓵,next dose! down 15+ lbs and my a1c has gone down! #mounjaro 🙌🏽💯🙌🏽 https://t.co/4nh3Nt42ZH,en,0,0,1,0,367,"<a href=""http://twitter.com/download/iphone"" rel=""nofollow"">Twitter for iPhone</a>",https://x.com/ayoitzthatGIRL/status/1699205757734924417,False,False,2026-04-08T22:30:10.459621+00:00
1699139142259454264,mounjaro_weight,mounjaro,weight,2023-09-05T19:15:14+00:00,dougcollins2,doug collins,@LauraRiggaro My wife is on the 7.5 mounjaro and has lost 91 lbs in 9 months. Her sister was on ozympic and lost less in 12 months. Her sister still lost 60 lbs,en,2,0,3,0,356,"<a href=""http://twitter.com/download/iphone"" rel=""nofollow"">Twitter for iPhone</a>",https://x.com/dougcollins2/status/1699139142259454264,False,True,2026-04-08T22:30:10.459621+00:00
1699137589138042883,mounjaro_weight,mounjaro,weight,2023-09-05T19:09:04+00:00,ByoungSFL,Brandon Young,@Molson_Hart Down 20 lbs in the last month. Just started month 2 of mounjaro + working out and eating right. 60 more to go.,en,1,0,0,0,84,"<a href=""https://mobile.twitter.com"" rel=""nofollow"">Twitter Web App</a>",https://x.com/ByoungSFL/status/1699137589138042883,False,True,2026-04-08T22:30:10.459621+00:00
1699134248555327779,mounjaro_weight,mounjaro,weight,2023-09-05T18:55:47+00:00,MikeEastlack,Michael Eastlack,"@LauraRiggaro I did Ozempic for diabetes and lost 30 pounds. I’ve switched to Mounjaro for the past 4 weeks because it’s specifically approved for weight loss. So far no change but I’m at a lower dosage. The stomach issues are real, but for me they lasted about 5-6 weeks and now no issues.",en,1,0,1,0,346,"<a href=""http://twitter.com/download/iphone"" rel=""nofollow"">Twitter for iPhone</a>",https://x.com/MikeEastlack/status/1699134248555327779,False,True,2026-04-08T22:30:10.459621+00:00
1699127911603691859,mounjaro_weight,mounjaro,weight,2023-09-05T18:30:37+00:00,DavidCaddell3,David Caddell,"Discover Tirzepatide's Benefits: 
✅ Improved glucose control 
✅ Notable weight loss 
✅ Enhanced cardiometabolic health 
✅ Reduced appetite
 
 #EC3Health #Tirzepatide #TirzepatideAdvantage #GlucoseControl #WeightLossJourney #CardiometabolicBoost #AppetiteControl https://t.co/FascgWWLBj",en,1,0,0,0,97,"<a href=""https://www.later.com"" rel=""nofollow"">Later Media</a>",https://x.com/DavidCaddell3/status/1699127911603691859,False,False,2026-04-08T22:30:10.459621+00:00
1698897249906868363,mounjaro_weight,mounjaro,weight,2023-09-05T03:14:03+00:00,sdavis1465,Shannon Davis,@tracybeanz After I lost my mother to dementia in January and my dad in June of 2018 last year I went back to work in May after having to stay home with mom and dad since 2017. When I started work I was 326lbs. type II diabetes and put on Mounjaro. Today I am 260lbs.,en,0,0,7,0,340,"<a href=""https://mobile.twitter.com"" rel=""nofollow"">Twitter Web App</a>",https://x.com/sdavis1465/status/1698897249906868363,False,True,2026-04-08T22:30:10.459621+00:00
1698716772113797380,mounjaro_weight,mounjaro,weight,2023-09-04T15:16:53+00:00,Okhomo,O. K. L. A. H. O. M. A.,So update number two in my journey with mounjaro. I am now up to 86 pounds lost. Work is eating my lunch. So sooo busy and I hope all of you are doing good,en,1,0,12,0,419,"<a href=""http://twitter.com/download/iphone"" rel=""nofollow"">Twitter for iPhone</a>",https://x.com/Okhomo/status/1698716772113797380,False,False,2026-04-08T22:30:10.459621+00:00
1698705982652580082,mounjaro_weight,mounjaro,weight,2023-09-04T14:34:01+00:00,RAB88,Ben Denison,"11 months 98 lbs lost. 

A daily quiet time with God
A daily walk of 3+ miles (27 this weekend)
And a doc that prescribed Mounjaro https://t.co/NAOWJJScDE",en,26,4,244,3,21253,"<a href=""http://twitter.com/download/iphone"" rel=""nofollow"">Twitter for iPhone</a>",https://x.com/RAB88/status/1698705982652580082,False,False,2026-04-08T22:30:10.459621+00:00
1698502360077578709,mounjaro_weight,mounjaro,weight,2023-09-04T01:04:53+00:00,RickRockwelll,Rick Rockwelll☀️🐧,I took Tirzepatide &amp; dropped 14 lbs in 7 days! This stuff is incredible! https://t.co/0St4rSJGUG,en,11,3,200,2,8608,"<a href=""https://mobile.twitter.com"" rel=""nofollow"">Twitter Web App</a>",https://x.com/RickRockwelll/status/1698502360077578709,False,False,2026-04-08T22:30:10.459621+00:00
1698183210491162953,mounjaro_weight,mounjaro,weight,2023-09-03T03:56:42+00:00,PACPurdue96,🇺🇸🏳️‍🌈Pauline⚛️🇺🇦💉🌻😷✊🏾#Boilermaker,"I've been exercising for years, try to watch what I eat....it is never enough. Using the #Mounjaro shot for 9months was a HUGE help. I lost over 40# It was slow going &amp; I'm maintaining what I lost...but seem to be stuck...not covered by insurance &amp; the coupon expired =(",en,1,0,0,0,106,"<a href=""https://mobile.twitter.com"" rel=""nofollow"">Twitter Web App</a>",https://x.com/PACPurdue96/status/1698183210491162953,False,True,2026-04-08T22:30:10.459621+00:00
1698129544895508991,mounjaro_weight,mounjaro,weight,2023-09-03T00:23:27+00:00,ImSoWavyB718,🇩🇴 x 🇺🇸 Dev Biggaveli,@THESagerbomb Hey kacy thanks for sharing Im currently on a weight loss medication called mounjaro but contemplating getting off it and just eating cleaner and working out 3x a week 30 min maximum because I want to lose 60 pounds. Are you eating with a certain calorie as well?,en,1,0,0,1,2750,"<a href=""http://twitter.com/download/iphone"" rel=""nofollow"">Twitter for iPhone</a>",https://x.com/ImSoWavyB718/status/1698129544895508991,False,True,2026-04-08T22:30:10.459621+00:00
1697948946742526214,mounjaro_weight,mounjaro,weight,2023-09-02T12:25:49+00:00,zipjet,zipjet,"MOUNJARO LOG – 5 mg Week 7, Days 44-50

No Injection this period, (Shots 0, 11,28).

Weight 230.3 Loss 0.8 Cumulative loss 19.7 pounds

Projected burn reduced to: 2,400 no exercise beyond normal, none.

Calorie intake average: 1149

Diet: Proteins, fiber, added Strawberries and Blueberries

Effects: Appetite Satiation persisting,  stomach settled but not pre-Mounjaro norm.

Adverse effects:
Gas, burping, continues
Stomach settled not normal.
Sleep factors getting better.  Duration, latency, still disrupted.
Sleep factors good: REM, Deep, Ox, Breathing, Lowest heart rate (new low 52), HRV (Oura)

Satiation persisting day 50.

I will see if I can make it to DAY 53 OR 56, 56 WOULD BE 4 WEEKS.",en,3,0,2,0,627,"<a href=""https://mobile.twitter.com"" rel=""nofollow"">Twitter Web App</a>",https://x.com/zipjet/status/1697948946742526214,False,True,2026-04-08T22:30:11.335047+00:00
1697948277365166522,mounjaro_weight,mounjaro,weight,2023-09-02T12:23:10+00:00,CDGoble,Clark Goble,I began a GLP-1 med (#Mounjaro) in February for my #type2diabetes. I’m now down over 63 lbs. Body Fat has dropped significantly and muscle increased. Blood sugars are super controlled. I am thankful and blessed!,en,1,0,2,0,192,"<a href=""http://twitter.com/download/iphone"" rel=""nofollow"">Twitter for iPhone</a>",https://x.com/CDGoble/status/1697948277365166522,False,False,2026-04-08T22:30:11.335047+00:00
1697102546567839817,mounjaro_weight,mounjaro,weight,2023-08-31T04:22:32+00:00,ayoitzthatGIRL,𝓚𝓻𝔂𝓼𝓽𝓪𝓵,"last shot of #mounjaro 2.5 dose, next week i start on the 5.0 dose, A1C levels are down and i’ve lost a total of 15 lbs in the last month, given up sodas completely! fruit smoothies and water! https://t.co/gGS7b0Gdgn",en,0,0,0,0,273,"<a href=""http://twitter.com/download/iphone"" rel=""nofollow"">Twitter for iPhone</a>",https://x.com/ayoitzthatGIRL/status/1697102546567839817,False,False,2026-04-08T22:30:11.335047+00:00
1695902345907884126,mounjaro_weight,mounjaro,weight,2023-08-27T20:53:22+00:00,BowTiedUM,BowTied Biohacker,"@richardhoangbui @mikesulsenti @dookiebutter100 @Denis_protocol You can't even begin to compare the two

T3 increases the amount of calories you burn, Tirzepatide suppresses your appetite

Keep in mind, if you aren't deficient in T3, A LOT of those extra calories burned will be lean muscle tissue

Not worth it unless stacked with anabolics",en,0,0,5,0,1341,"<a href=""https://mobile.twitter.com"" rel=""nofollow"">Twitter Web App</a>",https://x.com/BowTiedUM/status/1695902345907884126,False,True,2026-04-08T22:30:11.335047+00:00
1695895902823530627,mounjaro_weight,mounjaro,weight,2023-08-27T20:27:46+00:00,CrossoverKiddo,Crossover Kid,"If you're 5-foot-3 and you're 300 pounds
Taxes ought not to pay for your Mounjaro rounds",en,1,0,0,0,379,"<a href=""http://twitter.com/download/iphone"" rel=""nofollow"">Twitter for iPhone</a>",https://x.com/CrossoverKiddo/status/1695895902823530627,False,False,2026-04-08T22:30:11.335047+00:00
1695784043239923950,mounjaro_weight,mounjaro,weight,2023-08-27T13:03:16+00:00,warriorhounddog,David Fitzpatrick 🇺🇸,"Politics aside for a moment.  In March of this year my Dr prescribed Mounjaro to help lower my A1C levels as a pre-diabetic.  Much like Ozempic, Mounjaro helps control blood sugar and has added weight loss benefits.  My A1C went from 7.9 to 5.6 in the first 3 months.  And with that, I have lost a total of 43 lbs in only 5 months without exercise.  I am not bragging, I’m only bringing awareness to those who are skeptical.  It’s not all good though.  If you eat the wrong foods, or too much food, you will get sick.  In the initial stages the nausea, dizziness, gastrointestinal pain, diarrhea etc… make it hard to handle, and I am still on the lower dose.  If you need to combat blood sugar, and you’re overweight, I strongly recommend Mounjaro.  I hope this helps someone. #A1C #Mounjaro #Ozempic #Diabetes #weightloss",en,0,0,2,0,246,"<a href=""http://twitter.com/download/iphone"" rel=""nofollow"">Twitter for iPhone</a>",https://x.com/warriorhounddog/status/1695784043239923950,False,False,2026-04-08T22:30:11.335047+00:00
1695550478178816212,mounjaro_weight,mounjaro,weight,2023-08-26T21:35:10+00:00,babuthomas100,Babu  Thomas,@JessicaUSAF Who needs Ozempic  or Mounjaro to lose weight?  Trump just shed a little over 100 pounds over the weekend by using the scale at the county jail 🤣🤣🤣,en,1,0,1,0,102,"<a href=""http://twitter.com/download/iphone"" rel=""nofollow"">Twitter for iPhone</a>",https://x.com/babuthomas100/status/1695550478178816212,False,True,2026-04-08T22:30:11.335047+00:00
1695438490203238591,mounjaro_weight,mounjaro,weight,2023-08-26T14:10:10+00:00,zipjet,zipjet,"MOUNJARO LOG – 5 mg Week 6, Days 37-43

No Injection this period, (Shots 0, 11,28).

Weight 231.1 Loss 2.9, Cumulative loss 18.9 pounds

Projected burn reduced to: 2,500 no exercise beyond normal, none.

Calorie intake average: 970

Diet: Proteins, fiber, added Strawberries and Blueberries

Effects: Appetite Satiation persisting,  stomach settled but not pre-Mounjaro norm.

Adverse effects:
Gas, burping, continues
Stomach settled not normal.
Sleep factors getting better.  Duration, latency, still disrupted.
Sleep factors good: REM, Deep, Ox, Breathing, Lowest heart rate (new low 53), HRV (Oura)

Satiation persisting day 43.

I will see if I can make it to 28th day interval to shots.",en,1,0,1,0,626,"<a href=""https://mobile.twitter.com"" rel=""nofollow"">Twitter Web App</a>",https://x.com/zipjet/status/1695438490203238591,False,True,2026-04-08T22:30:11.335047+00:00
1695234854705631311,mounjaro_weight,mounjaro,weight,2023-08-26T00:40:59+00:00,graysintrlude,g,Anyways. All of that to say that it’s v hard to believe I’ve lost 30lbs in 3 months on mounjaro and this medication has literally saved my life. That’s all thanks for listening love you bye!,en,0,0,3,0,122,"<a href=""http://twitter.com/download/iphone"" rel=""nofollow"">Twitter for iPhone</a>",https://x.com/graysintrlude/status/1695234854705631311,False,True,2026-04-08T22:30:11.336044+00:00
1695078703150342396,mounjaro_weight,mounjaro,weight,2023-08-25T14:20:30+00:00,kristidodge,Kristi ᴅᴏᴅɢᴇ,"@BullRoberts Very frustrating! I was using Mounjaro with great results on lowering A1C and cholesterol but that to has become so overpriced I can’t afford it anymore.  It’s strange to me that people loose weight with these medications. I never lost weight, just got to healthy lab levels!",en,1,0,1,0,101,"<a href=""http://twitter.com/download/iphone"" rel=""nofollow"">Twitter for iPhone</a>",https://x.com/kristidodge/status/1695078703150342396,False,True,2026-04-08T22:30:11.336044+00:00
1695062654002344322,mounjaro_weight,mounjaro,weight,2023-08-25T13:16:44+00:00,Kdt2114,Kandy Thompson,@DoctorTro Just starting back after losing 65 lbs doing keto/fasting 6 years ago…life got in the way and gained some back . Was taking Mounjaro for 6 months - didn’t really work and I hated the idea of putting the crap in my body. So on day 5 of OMAD and less than 20 carbs !!!,en,0,0,0,0,144,"<a href=""http://twitter.com/download/iphone"" rel=""nofollow"">Twitter for iPhone</a>",https://x.com/Kdt2114/status/1695062654002344322,False,True,2026-04-08T22:30:11.336044+00:00
1694933078290952555,mounjaro_weight,mounjaro,weight,2023-08-25T04:41:50+00:00,BrokenBoca,Michael German for Children,"#Mounjaro is a miracle drug and needs to be approved and covered by insurances for weight loss. I’ve lost over 50 pounds, I’m no longer taking blood pressure medicine, and my mood is much better compared to my self-image when I was heavier.",en,3,0,7,0,403,"<a href=""http://twitter.com/download/iphone"" rel=""nofollow"">Twitter for iPhone</a>",https://x.com/BrokenBoca/status/1694933078290952555,False,False,2026-04-08T22:30:11.336044+00:00
1694479089254724014,mounjaro_weight,mounjaro,weight,2023-08-23T22:37:51+00:00,MShelfer,Megan Shelfer,"@TheBloggess This is 100% true.  Last year my husband cheated on me and left me...I lost 30 pounds.  After gaining it back, I went on Mounjaro for diabetes...I've lost 10.

Sending love and solidarity. ❤️",en,0,0,1,0,530,"<a href=""https://mobile.twitter.com"" rel=""nofollow"">Twitter Web App</a>",https://x.com/MShelfer/status/1694479089254724014,False,True,2026-04-08T22:30:11.336044+00:00
1694415872767451348,mounjaro_weight,mounjaro,weight,2023-08-23T18:26:39+00:00,DragonBowtied,BowtiedBeardedDragon,"Btw this is with no stims/fat burners (can’t use because heart) and on cruise dose of hrt so for those of you who can/are using these things no excuses to not get absolutely shredded. 

I got to ~8% without almost any disruption to mood/energy/suffering. For the last % or so I added in the tirzepatide as an appetite suppressant and the real suffering only began the last 2 weeks",en,2,0,8,0,3029,"<a href=""http://twitter.com/download/iphone"" rel=""nofollow"">Twitter for iPhone</a>",https://x.com/DragonBowtied/status/1694415872767451348,False,True,2026-04-08T22:30:11.336044+00:00
1694376974406275320,mounjaro_weight,mounjaro,weight,2023-08-23T15:52:05+00:00,MensTotalHealth,Men's Total Health,"What Are A Few Ways Mounjaro (Tirzepatide) Works for Weight Loss?

➡️ Mounjaro helps the body release insulin when blood sugar is high.
➡️ Mounjaro helps to remove excess sugar from the blood.
➡️ Mounjaro helps to decrease your appetite thereby reducing food intake.
➡️ Mounjaro slows down how quickly food leaves the stomach. Helping you to feel fuller for longer.

Schedule an appointment and free weight loss consultation with us today to learn more about Mounjaro!

📞(504) 777-7590
💻 https://t.co/5Ykwu7QOqZ
📍3829 Veterans Memorial Blvd., Suite 101-B Metairie, LA 70002",en,0,0,1,0,400,"<a href=""https://mobile.twitter.com"" rel=""nofollow"">Twitter Web App</a>",https://x.com/MensTotalHealth/status/1694376974406275320,False,False,2026-04-08T22:30:11.336044+00:00
1694320174223028272,mounjaro_weight,mounjaro,weight,2023-08-23T12:06:23+00:00,WolffAllergy,"Dr. Garen Wolff, MD|Wolff Allergy & Asthma Detroit","I ❤️when patients bring my receptionist and I food. These candied mixed nuts 🌰were made by a member in my weight loss program. She lost 27lbs on Mounjaro. 
https://t.co/Iv0p7t9m0k",en,0,0,0,0,88,"<a href=""http://twitter.com/download/android"" rel=""nofollow"">Twitter for Android</a>",https://x.com/WolffAllergy/status/1694320174223028272,False,False,2026-04-08T22:30:11.336044+00:00
1694212785574670475,mounjaro_weight,mounjaro,weight,2023-08-23T04:59:39+00:00,ShoaibAlamKhat2,Shoaib Alam,"📊Unlocking Hope in Diabetes Management! Tirzepatide, a groundbreaking dual GIP/GLP1RA agent, shines as a beacon of progress for T2D. Clinical trials reveal remarkable gains in glycaemic control &amp; wt. loss. Kudos to the researchers!
#DiabetesResearch #TirzepatideHope 🩺",en,0,0,0,0,36,"<a href=""http://twitter.com/download/android"" rel=""nofollow"">Twitter for Android</a>",https://x.com/ShoaibAlamKhat2/status/1694212785574670475,False,False,2026-04-08T22:30:11.336044+00:00
1693916982595211681,mounjaro_weight,mounjaro,weight,2023-08-22T09:24:14+00:00,drugsincontext,Drugs in Context,"New in @drugsincontext 

Tirzepatide for type 2 diabetes

@sandersonrx &amp; Joel Marrs

#drugsincontext #type2diabetes #endocrinology #pharmaceutical

https://t.co/eRwVHrfiGZ",de,0,0,4,2,970,"<a href=""https://mobile.twitter.com"" rel=""nofollow"">Twitter Web App</a>",https://x.com/drugsincontext/status/1693916982595211681,False,False,2026-04-08T22:30:11.336044+00:00
1694140647895072869,mounjaro_weight,mounjaro,weight,2023-08-23T00:13:00+00:00,belletags,BelleTag.com,"Discover Mounjaro, the cutting-edge solution for weight loss. Say goodbye to your extra pounds and hello to a healthier you! Learn more at https://t.co/Lu6wXGsOsR",en,0,0,0,0,56,"<a href=""https://buffer.com"" rel=""nofollow"">Buffer App</a>",https://x.com/belletags/status/1694140647895072869,False,False,2026-04-08T22:30:11.336044+00:00
1694113940123308195,mounjaro_weight,mounjaro,weight,2023-08-22T22:26:53+00:00,yosyJess,yosyjess,"@PopCrave Sure, anyone can do that if have access to Mounjaro and Ozempic 
Literally your body release so much GLP hormone that curves your appetite 65% and you don’t crave food",en,0,0,0,0,98,"<a href=""http://twitter.com/download/iphone"" rel=""nofollow"">Twitter for iPhone</a>",https://x.com/yosyJess/status/1694113940123308195,False,True,2026-04-08T22:30:12.589870+00:00
1693956492515582461,mounjaro_weight,mounjaro,weight,2023-08-22T12:01:14+00:00,keto3000,keto3000,"@Outdoctrination I’m T2D, dr put me on Mounjaro,  50% less metformin, &amp; dropped a few other meds altogether, down 50 lbs, using P:E diet macros high protein (1g per lbs of ideal bodyweight) , very low carb, mod fat.  Def reduces all appetite, tolerating it well. Goal is to taper it off over 6 mos",en,0,0,1,0,265,"<a href=""http://twitter.com/download/iphone"" rel=""nofollow"">Twitter for iPhone</a>",https://x.com/keto3000/status/1693956492515582461,False,True,2026-04-08T22:30:12.589870+00:00
1693708426843471909,mounjaro_weight,mounjaro,weight,2023-08-21T19:35:31+00:00,kevbino2,Kev 🪸,"@lhill2024 Concerta, Ritalin, Mounjaro, Lisniopril/HCTZ, metoprolol, glycopyrrolate, bupropion, and Horizant. I lost the genetic lottery It’s brutal out here 💓",en,0,0,1,0,138,"<a href=""http://twitter.com/download/iphone"" rel=""nofollow"">Twitter for iPhone</a>",https://x.com/kevbino2/status/1693708426843471909,False,True,2026-04-08T22:30:12.590403+00:00
1693304732247539849,mounjaro_weight,mounjaro,weight,2023-08-20T16:51:22+00:00,peanurt5,ItsNurt,"@chump24042266 @amuse Mounjaro is better, less side effects. 38 lbs down in 5 months",en,0,0,0,0,90,"<a href=""http://twitter.com/download/iphone"" rel=""nofollow"">Twitter for iPhone</a>",https://x.com/peanurt5/status/1693304732247539849,False,True,2026-04-08T22:30:12.590403+00:00
1692930137644294394,mounjaro_weight,mounjaro,weight,2023-08-19T16:02:52+00:00,Bradley65val,Basedballs,"@Davidlaz Eli lilly launches Mounjaro, a MAJOR improvement for weight loss and CARDIO HEALTH * which kills 700,000 Americans/year. True USA's crazy pharma system fueled the progress to create the drug. Our system creates the best medicines in the world.",en,0,0,0,0,51,"<a href=""https://mobile.twitter.com"" rel=""nofollow"">Twitter Web App</a>",https://x.com/Bradley65val/status/1692930137644294394,False,True,2026-04-08T22:30:12.590403+00:00
1692927159117980106,mounjaro_weight,mounjaro,weight,2023-08-19T15:51:02+00:00,lblee58,Larry Lee,"@EliLillyandCo I hope you get your supply chain issues resolved and get Mounjaro 15mg to @cvspharmacy soon. In 2 weeks without Mounjaro my average blood glucose has gone from 105mg/dl to 120mg/dl, my GMI has gone from 5.7% to 6.2%, and I’ve gained 2 lbs.",en,0,0,1,0,91,"<a href=""http://twitter.com/#!/download/ipad"" rel=""nofollow"">Twitter for iPad</a>",https://x.com/lblee58/status/1692927159117980106,False,False,2026-04-08T22:30:12.590937+00:00
1692885271543419169,mounjaro_weight,mounjaro,weight,2023-08-19T13:04:35+00:00,zipjet,zipjet,"MOUNJARO LOG – 5 mg Week 5, Days 29-36

No Injection this period, (Shots 0, 11,28).

Weight 234 Loss 5.8, Cumulative loss 16 pounds

Projected burn reduced to: 2,600 no exercise beyond normal, none.

Calorie intake average: 934

Diet: Proteins, fiber, added Strawberries and Blueberries

Effects: Appetite Satiation persisting, queasy stomach.

Adverse effects:
Gas, burping, continues
Stomach remains unsettled up to 11 days from shot.
Sleep factors which were Degraded have improved: Duration, latency, Efficiency, Restfulness. (Oura)
Sleep factors good: REM, Deep, Ox, Breathing, Lowest heart rate, HRV (Oura)

Satiation persisting day 36.

Think I will shoot for 21 day interval to shots.

=======",en,1,0,4,0,752,"<a href=""https://mobile.twitter.com"" rel=""nofollow"">Twitter Web App</a>",https://x.com/zipjet/status/1692885271543419169,False,True,2026-04-08T22:30:12.590937+00:00
1692877285244760098,mounjaro_weight,mounjaro,weight,2023-08-19T12:32:51+00:00,GossipGEY,GremlinSlayers✋🏿✋🏿,✋🏿✋🏿😭💀💀😭✋🏿💀post Malone needs 2 stop lying about how he lost weight✋🏿✋🏿😭💀😭✋🏿💀looks like it was a ozempic mounjaro weight losssss✋🏿✋🏿😭💀💀😭✋🏿,en,0,0,0,0,149,"<a href=""http://twitter.com/download/iphone"" rel=""nofollow"">Twitter for iPhone</a>",https://x.com/GossipGEY/status/1692877285244760098,False,False,2026-04-08T22:30:12.590937+00:00
1692744506188141010,mounjaro_weight,mounjaro,weight,2023-08-19T03:45:14+00:00,7LayerMagik,7Layer | Overclock Validator,"@mattysino I think the main cause for the weight loss is just appetite suppression so the muscle vs fat breakdown might mainly depend on what diet/excercise you maintain after?

The next meta is Gipr/Glp1r agonists like Tirzepatide (side effects, like nausea, arent as bad supposedly)",en,1,0,4,0,294,"<a href=""http://twitter.com/download/android"" rel=""nofollow"">Twitter for Android</a>",https://x.com/7LayerMagik/status/1692744506188141010,False,True,2026-04-08T22:30:12.590937+00:00
1692720654884184548,mounjaro_weight,mounjaro,weight,2023-08-19T02:10:28+00:00,LaLa5580,LaLa,I’ve lost 23 pounds since July 4th. 16 of that was before tirzepatide which I started on August 5th so I feel like I should save my $500 a month and just keep doing what I was doing beforehand. #tirzepatide #mounjaro #weightloss #weightlossjourney,en,0,0,2,0,180,"<a href=""http://twitter.com/download/iphone"" rel=""nofollow"">Twitter for iPhone</a>",https://x.com/LaLa5580/status/1692720654884184548,False,False,2026-04-08T22:30:12.591470+00:00
1692691631118377271,mounjaro_weight,mounjaro,weight,2023-08-19T00:15:08+00:00,BFreeEmB,Emma 🍉,"Down 15.5lbs since the beginning of June, next Friday is my 3 month weigh in of being on Mounjaro. I have not been nearly as physically active as I should be, but I’m still happy with my progress.",en,1,0,3,0,118,"<a href=""http://twitter.com/download/iphone"" rel=""nofollow"">Twitter for iPhone</a>",https://x.com/BFreeEmB/status/1692691631118377271,False,False,2026-04-08T22:30:12.591470+00:00
1692357752553672765,mounjaro_weight,mounjaro,weight,2023-08-18T02:08:25+00:00,Tellit007,Tellit Likeitis,"@NellTho55693669 @EricTopol @NatMetabolism Real food and exercise got me all the way to 238 lbs and high blood pressure. Just added tirzepatide, problem solved.",en,0,0,0,0,85,"<a href=""http://twitter.com/download/android"" rel=""nofollow"">Twitter for Android</a>",https://x.com/Tellit007/status/1692357752553672765,False,False,2026-04-08T22:30:12.591470+00:00
1692226505688953246,mounjaro_weight,mounjaro,weight,2023-08-17T17:26:53+00:00,lulubel88,Laura,@NewsCarolyn Probably won’t happen until the manufacturer loses their patent and generic can be sold. I’m on Mounjaro. I’m down about 30 pounds down but main goal is my A1C is down.,en,1,0,2,0,480,"<a href=""http://twitter.com/download/iphone"" rel=""nofollow"">Twitter for iPhone</a>",https://x.com/lulubel88/status/1692226505688953246,False,True,2026-04-08T22:30:12.591470+00:00
1691929947814744241,mounjaro_weight,mounjaro,weight,2023-08-16T21:48:28+00:00,RonenSitty,Ronen Sitty,"@elonmusk @RampCapitalLLC @elonmusk , will you help in getting the goverment or private sector to subsidize Ozampic/Mounjaro for obese people? Think of the many lifes and the huge medical bills that will be saved! I already lost 20kg with Ozampic and see a huge improvment in my health.",en,0,0,2,0,158,"<a href=""https://mobile.twitter.com"" rel=""nofollow"">Twitter Web App</a>",https://x.com/RonenSitty/status/1691929947814744241,False,True,2026-04-08T22:30:12.592003+00:00
1691781163231113560,mounjaro_weight,mounjaro,weight,2023-08-16T11:57:15+00:00,biodiversityge1,Matthew Miller - 🧬 Biodiversity Genomics,"Re: Mounjaro.... I think that we can finally put to bed the misbelief that obesity is a moral failure . ""...metabolism and appetite are biological facts, not moral choices.""

https://t.co/9g2WaQ3DRe",en,0,0,1,0,141,"<a href=""https://mobile.twitter.com"" rel=""nofollow"">Twitter Web App</a>",https://x.com/biodiversityge1/status/1691781163231113560,False,False,2026-04-08T22:30:12.592003+00:00
1691600547105611917,mounjaro_weight,mounjaro,weight,2023-08-15T23:59:33+00:00,tommywyattblake,tommy wyatt blake,i am so tired. i’m on mounjaro for diabetes and my appetite is beyond MIA to now i get very tired when i eat. it slows me down to the point it can take a full hour or two to eat a single meal. i know i have digestive health issues cropping up &amp; other things but i’m just so tired,en,0,0,1,0,286,"<a href=""https://mobile.twitter.com"" rel=""nofollow"">Twitter Web App</a>",https://x.com/tommywyattblake/status/1691600547105611917,False,False,2026-04-08T22:30:12.592003+00:00
1691361645459574784,mounjaro_weight,mounjaro,weight,2023-08-15T08:10:14+00:00,rollins,David Rollins,"I tried #Mounjaro, it was not for me.   It gave me a 25 pound weight loss that I have since expanded to 75 pounds, however.  Willpower works. | Ozempic Settles the Obesity Debate: It’s Biology Over Willpower https://t.co/YvnHSiPzy3",en,0,0,0,0,74,"<a href=""http://twitter.com/download/android"" rel=""nofollow"">Twitter for Android</a>",https://x.com/rollins/status/1691361645459574784,False,False,2026-04-08T22:30:13.478780+00:00
1691088168899014656,mounjaro_weight,mounjaro,weight,2023-08-14T14:03:33+00:00,FoxxyMcG,"🦊 FoXxXy McG, M.S. 🦊",I was diagnosed 2 weeks ago with type II diabetes. I started Mounjaro on Aug 4th. Took my 2nd shot on Aug 11th. I've lost 10lbs and my vision improved enough I need new glasses. https://t.co/InwW8U5EYY,en,0,0,1,0,93,"<a href=""https://mobile.twitter.com"" rel=""nofollow"">Twitter Web App</a>",https://x.com/FoxxyMcG/status/1691088168899014656,False,False,2026-04-08T22:30:13.479775+00:00
1690943847688265728,mounjaro_weight,mounjaro,weight,2023-08-14T04:30:04+00:00,kayterz2no1,Kaytee,@JanesInsane Since March and yes I like it. I've lost 60 lbs since then. I'm also on Mounjaro,en,1,0,2,0,51,"<a href=""http://twitter.com/download/android"" rel=""nofollow"">Twitter for Android</a>",https://x.com/kayterz2no1/status/1690943847688265728,False,True,2026-04-08T22:30:13.479775+00:00
1690557267106476032,mounjaro_weight,mounjaro,weight,2023-08-13T02:53:56+00:00,CommonLoonatic,Amber Miller,"One month on Mounjaro
Down 32 lbs from diagnosis to today.  
Fully expect a normal A1C in 3 months. Blood glucose stable at 100 average.",en,0,0,3,0,376,"<a href=""http://twitter.com/download/android"" rel=""nofollow"">Twitter for Android</a>",https://x.com/CommonLoonatic/status/1690557267106476032,False,False,2026-04-08T22:30:13.479775+00:00
1690377867861897216,mounjaro_weight,mounjaro,weight,2023-08-12T15:01:04+00:00,chronicwell14,Chronic Wellness,"Berberine can help you manage your energy and fat metabolism better than the GLP-1 receptor agonists like Ozempic and Mounjaro! AMPK is activated, allowing your body to regulate energy expenditure and fat metabolism without suppressing your appetite.
https://t.co/AR2IENfJav",en,0,0,0,0,138,"<a href=""https://www.hootsuite.com"" rel=""nofollow"">Hootsuite Inc.</a>",https://x.com/chronicwell14/status/1690377867861897216,False,False,2026-04-08T22:30:13.479775+00:00
1690373916768751619,mounjaro_weight,mounjaro,weight,2023-08-12T14:45:22+00:00,catdadd76769738,Arkansas Ag Nerd,@LTBurnham3 @DalOBrien How is the mounjaro working for you 2tom.      I been on it 2 month almost now and have seen good results.   I had a buddy that it lowered his A1c drastically and lost 90 lbs.,en,1,0,1,0,97,"<a href=""http://twitter.com/download/iphone"" rel=""nofollow"">Twitter for iPhone</a>",https://x.com/catdadd76769738/status/1690373916768751619,False,True,2026-04-08T22:30:13.479775+00:00
1690361098229215232,mounjaro_weight,mounjaro,weight,2023-08-12T13:54:25+00:00,zipjet,zipjet,"MOUNJARO LOG – 5 mg Week 4, Days 22-29

Injection Day 28 this period, (Shots 0, 11,28). Changed injection site from stomach area to buttocks Nausea resumed but next day rather than two hours.

Weight 239.8 Gain 1.4, Cumulative loss 10.2.

Projected burn reduced to: 2,700 no exercise beyond normal, none.

Calorie intake average: 1024

Diet: Proteins, fiber, more carbs - Attended meetings where diet control lost.

Effects: Appetite Satiation persisting, no nausea until shot, stomach settled down by day 22 or 11 days from last shot.

Adverse effects:
Gas, burping, continues
Stomach remains unsettled up to 11 days from shot.
Sleep factors Degraded:  Duration, latency, Efficiency, Restfulness.  (Oura)
Sleep factors good: REM, Deep, Ox, Breathing, Lowest heart rate, HRV (Oura)

Satiation persisting day 29.

=======",en,1,0,1,0,847,"<a href=""https://mobile.twitter.com"" rel=""nofollow"">Twitter Web App</a>",https://x.com/zipjet/status/1690361098229215232,False,True,2026-04-08T22:30:13.479775+00:00
1690190857637388289,mounjaro_weight,mounjaro,weight,2023-08-12T02:37:57+00:00,oshaghenessy21,Kevin Shaughnessy🇭🇰,@AlpBugraBasat I’m an example of someone who lost 40 pounds and halved my cholesterol within a few months with mounjaro,en,1,0,0,0,127,"<a href=""http://twitter.com/download/iphone"" rel=""nofollow"">Twitter for iPhone</a>",https://x.com/oshaghenessy21/status/1690190857637388289,False,True,2026-04-08T22:30:13.479775+00:00
1689076883961397251,mounjaro_weight,mounjaro,weight,2023-08-09T00:51:25+00:00,PnutButterKidSF,Scott Fuller,@jimcramer Been on Mounjaro for a little over a year. My A1C is in the 5’s and I have gone from 251 lbs to 191 lbs. That is why Lilly will keep going higher.,en,0,0,0,0,71,"<a href=""http://twitter.com/download/iphone"" rel=""nofollow"">Twitter for iPhone</a>",https://x.com/PnutButterKidSF/status/1689076883961397251,False,True,2026-04-08T22:30:13.480772+00:00
1689059053224300544,mounjaro_weight,mounjaro,weight,2023-08-08T23:40:34+00:00,soofriends,Donna J 🇺🇸 🏳️‍🌈 🌴,"@ChristianM_28 @keeganc15 I'm taking Mounjaro and already considering whether to see if my diabetes is well enough controlled to get off it, possibly only needing metformin. Last year I was on insulin and my a1c was 12.5. Now, no more insulin and my a1c is 5.6. I wasn't obese but lost 20lbs anyway.",en,1,0,0,0,62,"<a href=""http://twitter.com/download/android"" rel=""nofollow"">Twitter for Android</a>",https://x.com/soofriends/status/1689059053224300544,False,True,2026-04-08T22:30:13.480772+00:00
1688938367541547009,mounjaro_weight,mounjaro,weight,2023-08-08T15:41:00+00:00,EACinvestor,East African Community Investor,"Can all this be attributed to MOUNJARO? 

I work in healthcare and the top insulin offerings are from Lilly. 

Patients coming back telling me how they have lost 15-30% total weight is crazy, better than Norvo Nordisk’s Ozempic

It has a weight loss blockbuster drug for sure.",en,0,0,2,0,276,"<a href=""http://twitter.com/download/iphone"" rel=""nofollow"">Twitter for iPhone</a>",https://x.com/EACinvestor/status/1688938367541547009,False,False,2026-04-08T22:30:13.480772+00:00
1688910764026040320,mounjaro_weight,mounjaro,weight,2023-08-08T13:51:19+00:00,StockMKTNewz,Evan,Eli Lilly $LLY is now the 10th largest stock in the world https://t.co/YmFLEPkWSy,en,41,150,1254,30,302079,"<a href=""http://twitter.com/download/iphone"" rel=""nofollow"">Twitter for iPhone</a>",https://x.com/StockMKTNewz/status/1688910764026040320,False,False,2026-04-08T22:30:13.480772+00:00
1688937569378025472,mounjaro_weight,mounjaro,weight,2023-08-08T15:37:50+00:00,EACinvestor,East African Community Investor,"@StockMKTNewz As someone in healthcare, This is not surprising. Eli Lilly has been successful with it’s insulin offerings

And now, it has a blockbuster in weight loss in MOUNJARO. 

We cannot stay stocked on mounjaro. And patients come back and tell me they have lost 15-30% total weight.",en,2,0,5,0,1758,"<a href=""http://twitter.com/download/iphone"" rel=""nofollow"">Twitter for iPhone</a>",https://x.com/EACinvestor/status/1688937569378025472,False,True,2026-04-08T22:30:13.480772+00:00
1688933627860537345,mounjaro_weight,mounjaro,weight,2023-08-08T15:22:10+00:00,LongYield,LongYield,"2/ $LLY

Research & Development (R&D) and Product Updates

Significant progress in the pipeline of innovative medicines, including the results of the TRAILBLAZER-ALZ 2 trial, which showed a slowing of clinical decline in Alzheimer's. Other notable advancements were in diabetes and obesity treatment with positive Phase II data on orforglipron and retatrutide, and significant weight loss results from the SURMOUNT-3 and 4 Phase III trials. 

Mounjaro, Verzenio, Jardiance, and other new products have solidified growth, and key regulatory approvals and submissions are in process.",en,1,0,0,0,117,"<a href=""https://mobile.twitter.com"" rel=""nofollow"">Twitter Web App</a>",https://x.com/LongYield/status/1688933627860537345,False,True,2026-04-08T22:30:13.480772+00:00
1688865507967983616,mounjaro_weight,mounjaro,weight,2023-08-08T10:51:29+00:00,LongYield,LongYield,"2/ $LLY

Operational Highlights and Pipeline Progress:

•Q2 performance was driven by Mounjaro sales and strong performance from Growth Products.
•Positive results from Phase 3 TRAILBLAZER-ALZ 2 study for Alzheimer’s disease led to donanemab’s submissions for FDA and EMA approvals.
•The completed submission of tirzepatide for chronic weight management to the FDA and positive results in Phase 3 SURMOUNT-3 and -4 studies were noted.
•Mirikizumab was approved in the European Union, and a re-submission was made in the U.S.
•The company also announced agreements to acquire DICE Therapeutics, Inc., Sigilon Therapeutics, Inc., and Versanis Bio.",en,1,0,1,0,194,"<a href=""http://twitter.com/download/iphone"" rel=""nofollow"">Twitter for iPhone</a>",https://x.com/LongYield/status/1688865507967983616,False,True,2026-04-08T22:30:13.481768+00:00
1688569734826975238,mounjaro_weight,mounjaro,weight,2023-08-07T15:16:11+00:00,mrslizomac,liz (taylors version) ❤️‍🔥🧡,Down 6 pounds after a week and a half on Mounjaro https://t.co/Lya3YMCGEM,en,0,0,0,0,75,"<a href=""http://twitter.com/download/iphone"" rel=""nofollow"">Twitter for iPhone</a>",https://x.com/mrslizomac/status/1688569734826975238,False,False,2026-04-08T22:30:14.469346+00:00
1688326446169608193,mounjaro_weight,mounjaro,weight,2023-08-06T23:09:27+00:00,RealTraderJill,TraderJill (Leigh),"For everyone asking this is the primer I put out in January and exactly how I lost all the weight.

Full transparency: At the end here I hit an immovable wall because of PCOS and an underactive thyroid, so I went on Mounjaro, but 90% of my weight loss is due to everything I have laid out here.

If you're a woman get your hormones checked first to see if you have an underlying medical condition. For both men and women checking your thyroid is critical. Mine wasn't working and I had to go on meds, and maybe yours isn't either.

Good luck!!",en,8,5,64,2,13238,"<a href=""https://mobile.twitter.com"" rel=""nofollow"">Twitter Web App</a>",https://x.com/RealTraderJill/status/1688326446169608193,False,False,2026-04-08T22:30:14.469346+00:00
1609927625815871490,mounjaro_weight,mounjaro,weight,2023-01-02T15:00:31+00:00,RealTraderJill,TraderJill (Leigh),"Remember: Nothing tastes better than skinny feels, and I believe in you. You can look at my banner and how I started, and where I am now.

I know how it feels to be obese, and treated badly because of it. You won't just look better, you'll feel better!

New Year, New You!! https://t.co/lvdEKfl2h0",en,26,17,149,4,222011,"<a href=""https://mobile.twitter.com"" rel=""nofollow"">Twitter Web App</a>",https://x.com/RealTraderJill/status/1609927625815871490,False,False,2026-04-08T22:30:14.469346+00:00
1688302531703611392,mounjaro_weight,mounjaro,weight,2023-08-06T21:34:25+00:00,soofriends,Donna J 🇺🇸 🏳️‍🌈 🌴,"@KevinH_PhD @NicolajMorell @DrEenfeldt @MichaelAlbertMD @PeterAttiaMD I know I'm jumping in late here, but I'm having similar feelings about food but for very different reasons. I'm T2, but not obese, so I was glad when the appetite suppression wore off after 4-6 weeks. I am on Mounjaro, stayed at 2.5 for 5 months. Great blood glucose control.",en,1,0,0,0,94,"<a href=""http://twitter.com/download/android"" rel=""nofollow"">Twitter for Android</a>",https://x.com/soofriends/status/1688302531703611392,False,True,2026-04-08T22:30:14.469346+00:00
1687928803220131841,mounjaro_weight,mounjaro,weight,2023-08-05T20:49:21+00:00,JENNWREN6197,I live in communist America,"@coleco35 I have a friend who's on that, and he has lost a bunch of weight in the last year. He complains about being nauseous for 2 days after his injection. Just wish I had more energy. 😒 They were going to put me on Mounjaro, but Ozempic had fewer side effects. 👍🏻",en,1,0,1,0,140,"<a href=""http://twitter.com/download/android"" rel=""nofollow"">Twitter for Android</a>",https://x.com/JENNWREN6197/status/1687928803220131841,False,True,2026-04-08T22:30:14.470341+00:00
1687801550150770688,mounjaro_weight,mounjaro,weight,2023-08-05T12:23:42+00:00,zipjet,zipjet,"MOUNJARO LOG – 5 mg Week 3, Days 15-22

No injection this period, Last shot day 11.

Weight 238.4 Loss 2.2, Cumulative loss 11.6 – consistent with calories in and projected burn.

Projected burn: 2,800 no exercise beyond normal, none.

Calorie intake average: 779

Diet: Proteins, fiber, little carbs

Effects: Appetite Satiation persisting, no nausea, stomach remains mildly unsettled.

Adverse effects:
Gas, burping, continues
Stomach remains unsettled
Sleep factors Degraded:  Duration, latency, Efficiency, Restfulness.  (Oura)
Sleep factors good: REM, Deep, Ox, Breathing, Lowest heart rate, HRV (Oura)

Satiation persisting day 22, deferring shot until necessary.",en,2,0,1,0,820,"<a href=""https://mobile.twitter.com"" rel=""nofollow"">Twitter Web App</a>",https://x.com/zipjet/status/1687801550150770688,False,True,2026-04-08T22:30:14.470341+00:00
1687780825298051072,mounjaro_weight,mounjaro,weight,2023-08-05T11:01:20+00:00,DilliDurAst,Shivam Vij,"Friend in US lost 18 kgs weight in just 3 months with Mounjaro weight loss injections. I couldn’t recognise his face. What do your colleagues say, I asked. 

“It’s so politically incorrect to comment on people’s bodies here that nobody compliments you on losing weight.”",en,8,7,56,1,13054,"<a href=""http://twitter.com/download/iphone"" rel=""nofollow"">Twitter for iPhone</a>",https://x.com/DilliDurAst/status/1687780825298051072,False,False,2026-04-08T22:30:14.470341+00:00
1687735431490830336,mounjaro_weight,mounjaro,weight,2023-08-05T08:00:58+00:00,Lemongrass1978,Lemongrass,"Since starting Mounjaro, 11 days ago, I've lost 6 pounds. Best thing ever.",en,2,0,4,0,284,"<a href=""http://twitter.com/download/android"" rel=""nofollow"">Twitter for Android</a>",https://x.com/Lemongrass1978/status/1687735431490830336,False,False,2026-04-08T22:30:14.470341+00:00
1687624438743724038,mounjaro_weight,mounjaro,weight,2023-08-05T00:39:55+00:00,fanumtaxpayer,Bleach,"@vuzemy @Harry_W25 Cool anecdote. Lemme tell mines since we’re going based off of that. I lost 50 pounds doing straight OMAD and exercise. No excuses.

Anyways, what about mounjaro? Just gonna nitpick now are we?

You’re insane if you think weight is the same as height.

https://t.co/voRUo8um65",en,1,0,0,0,134,"<a href=""http://twitter.com/download/iphone"" rel=""nofollow"">Twitter for iPhone</a>",https://x.com/fanumtaxpayer/status/1687624438743724038,False,False,2026-04-08T22:30:14.470341+00:00
1687584576292491266,mounjaro_weight,mounjaro,weight,2023-08-04T22:01:31+00:00,robertheadley,Robert Headley robertheadley.bsky.social,It is impressive how soon after taking my Mounjaro 15mg shot after not having it for two months that it started working. My appetite has already diminished.  Now I wish the last meal I had eaten wasn't... four peanut butter sandwiches.,en,1,0,1,0,88,"<a href=""https://mobile.twitter.com"" rel=""nofollow"">Twitter Web App</a>",https://x.com/robertheadley/status/1687584576292491266,False,False,2026-04-08T22:30:14.470341+00:00
1687238092292255745,mounjaro_weight,mounjaro,weight,2023-08-03T23:04:43+00:00,Christi81021836,LadyFairCigarettes,@craffingKelley @SMEIsTheBest I had a customer tell me he took that Mounjaro shot and ended up in the hospital for a week!! He only wanted to shed a few pounds and I was like uhhh it’s not meant for you to shed a few pounds like wtf is wrong with these people?,en,0,0,1,0,65,"<a href=""http://twitter.com/download/iphone"" rel=""nofollow"">Twitter for iPhone</a>",https://x.com/Christi81021836/status/1687238092292255745,False,True,2026-04-08T22:30:14.470341+00:00
1687223790864879616,mounjaro_weight,mounjaro,weight,2023-08-03T22:07:53+00:00,mercernole2021,Sports and Law Part Deux,@jbouzts @BonJovi I’ve nearly cut processed sugars out completely; drinking less alcohol and lots more water; and I’m taking Mounjaro which has curbed my appetite tremendously to reduce portions; my exercise is walking and pool only because I can’t do much else.,en,1,0,1,0,72,"<a href=""http://twitter.com/download/iphone"" rel=""nofollow"">Twitter for iPhone</a>",https://x.com/mercernole2021/status/1687223790864879616,False,True,2026-04-08T22:30:14.471339+00:00
1687125995289993216,mounjaro_weight,mounjaro,weight,2023-08-03T15:39:17+00:00,queenofswords15,queenofswords,@misterfilmstock Hey.  Didn’t know that about you.  I was on Ozempic for 3 months last year out of the hosp to control my sugars   I lost zero weight!  had THE WORST gastrointestinal distress. It took a year to get over it. I’m trying mounjaro now for sugar but I’m skeptical.  And I’m carnivore😩,en,1,0,0,0,69,"<a href=""http://twitter.com/download/iphone"" rel=""nofollow"">Twitter for iPhone</a>",https://x.com/queenofswords15/status/1687125995289993216,False,True,2026-04-08T22:30:14.471339+00:00
1686882199314878464,mounjaro_weight,mounjaro,weight,2023-08-02T23:30:31+00:00,BigBallsXRPL,BigBallsXRP,"@Mangan150 The ozempic worked and lost about 30lbs was doing really well . Of course supply chain issues, I couldn’t get it anywhere and I lost the progress, really frustrating. Subsequently I’ve tried Mounjaro, not as effective and much worse sides . I will keep trying #Optimism",en,0,0,0,0,39,"<a href=""http://twitter.com/download/iphone"" rel=""nofollow"">Twitter for iPhone</a>",https://x.com/BigBallsXRPL/status/1686882199314878464,False,True,2026-04-08T22:30:14.471339+00:00
1686850486279036928,mounjaro_weight,mounjaro,weight,2023-08-02T21:24:30+00:00,Ohmymichelle4,Michelle Jasso- Davila,"@briandstone I just saw this post on Twitter. I took Mounjaro for six weeks and lost 16 pounds. I would feel a bit nauseous right after each dose, but that didn't last. I loved it, totally killed my appetite and has helped me adjust my cravings overall.",en,0,0,1,0,89,"<a href=""https://mobile.twitter.com"" rel=""nofollow"">Twitter Web App</a>",https://x.com/Ohmymichelle4/status/1686850486279036928,False,True,2026-04-08T22:30:15.345189+00:00
1686836173107343361,mounjaro_weight,mounjaro,weight,2023-08-02T20:27:38+00:00,zipjet,zipjet,"@MichaelAlbertMD It works extremely well.  I've posted my experience using Mounjaro.

It is easy to lose weight since you have no appetite.",en,0,0,2,0,882,"<a href=""https://mobile.twitter.com"" rel=""nofollow"">Twitter Web App</a>",https://x.com/zipjet/status/1686836173107343361,False,True,2026-04-08T22:30:15.345189+00:00
1686798514393673738,mounjaro_weight,mounjaro,weight,2023-08-02T17:57:59+00:00,rezzhead,🐺🪶 Robby T🪶 🏈🏀🅰️🐘🌊🏈‼️,@GabrielQuinne16 I take Mounjaro and it’s lowered my A1C to below 6.5. From a previous 11.8. Stopped me from repeatedly having heart attacks and I’ve lost 65lbs thus far… 7 months of appropriate use.,en,3,1,4,0,104,"<a href=""http://twitter.com/download/iphone"" rel=""nofollow"">Twitter for iPhone</a>",https://x.com/rezzhead/status/1686798514393673738,False,True,2026-04-08T22:30:15.345189+00:00
1686545946442600448,mounjaro_weight,mounjaro,weight,2023-08-02T01:14:22+00:00,bradsferguson,Bradford Ferguson,"I’m down 100 pounds on Mounjaro. I did not have nausea, but other digestive side effects. The benefits FAR outweigh the drawbacks.

If you have nausea at a new dose level, you will generally get over it after a few days.

Have a protein shake everyday and start lifting weights 3x per week to avoid muscle loss. Take a multi-vitamin everyday.

Digestive side effects can be minimized with food choices and/or fiber",en,1,0,4,0,315,"<a href=""http://twitter.com/download/iphone"" rel=""nofollow"">Twitter for iPhone</a>",https://x.com/bradsferguson/status/1686545946442600448,False,True,2026-04-08T22:30:15.345189+00:00
1686516672989913088,mounjaro_weight,mounjaro,weight,2023-08-01T23:18:03+00:00,SandtownMama,𝙸𝙻𝙸𝙰𝚆𝙸𝙳𝚄❹❶❾,"Update on #Mounjaro:
7th wk, no intolerable side effects. Headaches maybe, tiredness. Lost about 12 pounds. Will get updated A1C this month. 
#Diabetes #weightloss #weightlossjourney #TuesdayFeeling",en,0,0,0,0,110,"<a href=""http://twitter.com/download/android"" rel=""nofollow"">Twitter for Android</a>",https://x.com/SandtownMama/status/1686516672989913088,False,False,2026-04-08T22:30:15.346184+00:00
1686464370505609218,mounjaro_weight,mounjaro,weight,2023-08-01T19:50:13+00:00,MEDICAL_NEWS5,KEEP UPDATED,"The newer trials shoed superior results for obese.

SURMOUNT-3 trial had:
-806 obese adults
-WITHOUT T2DM
Who underwent 12weeks of lifestyle intervention, before randomizing the participants who lost≥5% of their body weight to receive either tirzepatide or a placebo.

5/6",en,1,0,0,0,26,"<a href=""http://twitter.com/download/android"" rel=""nofollow"">Twitter for Android</a>",https://x.com/MEDICAL_NEWS5/status/1686464370505609218,False,True,2026-04-08T22:30:15.346184+00:00
1686350450528825345,mounjaro_weight,mounjaro,weight,2023-08-01T12:17:32+00:00,ProgModDem,ModerateMan,"@elonmusk This is just a post saying ""look I lost weight"" on mounjaro that only celebs can afford.",en,0,0,0,0,32,"<a href=""http://twitter.com/download/iphone"" rel=""nofollow"">Twitter for iPhone</a>",https://x.com/ProgModDem/status/1686350450528825345,False,True,2026-04-08T22:30:15.346184+00:00
1685849313413398528,mounjaro_weight,mounjaro,weight,2023-07-31T03:06:12+00:00,schmooviana,bet you you’ll meet God,@UntoldbyTerry I’m calling the police 😒..Weighing 141 lbs and on 12.5 of mounjaro is INSANE,en,0,0,0,0,160,"<a href=""http://twitter.com/download/iphone"" rel=""nofollow"">Twitter for iPhone</a>",https://x.com/schmooviana/status/1685849313413398528,False,True,2026-04-08T22:30:15.346184+00:00
1685843669520150528,mounjaro_weight,mounjaro,weight,2023-07-31T02:43:46+00:00,ChickVette,Corvette Girl,"@itsCarisa1 Since being on Mounjaro I don’t have much of an appetite and eat the same things daily. That sounds yummy, all of it. Lol",en,1,0,1,0,60,"<a href=""http://twitter.com/download/iphone"" rel=""nofollow"">Twitter for iPhone</a>",https://x.com/ChickVette/status/1685843669520150528,False,True,2026-04-08T22:30:15.346184+00:00
1685692354642984960,mounjaro_weight,mounjaro,weight,2023-07-30T16:42:30+00:00,angryelderjay,Angry Elder Millennial,The @joinsequence journey continues. Finally broke 240 for the first time since 2011. 239.6 lbs! #joinsequence #mounjaro #weightlossjourney #weightloss #pelotondads #pelotonweightloss #GLP1 https://t.co/SaAxPUyC4k,en,0,0,7,0,500,"<a href=""http://twitter.com/download/iphone"" rel=""nofollow"">Twitter for iPhone</a>",https://x.com/angryelderjay/status/1685692354642984960,False,False,2026-04-08T22:30:15.346184+00:00
1685656688018264064,mounjaro_weight,mounjaro,weight,2023-07-30T14:20:47+00:00,_ScarlettHeart,𝕄𝕀𝔸 𝕂ℕ𝕀𝔾ℍ𝕋,"@JadeP_RP I’m insulin resistant my doc prescribe me victoza sine I can’t get mounjaro anymore it’s helped a lot with cravings and I’ve lost 50lbs. I don’t work out and haven’t really changed what I eat just how much I eat, but I drink a lot of water.",en,1,0,1,0,123,"<a href=""http://twitter.com/download/iphone"" rel=""nofollow"">Twitter for iPhone</a>",https://x.com/_ScarlettHeart/status/1685656688018264064,False,True,2026-04-08T22:30:15.346184+00:00
1685372403562553345,mounjaro_weight,mounjaro,weight,2023-07-29T19:31:08+00:00,zipjet,zipjet,"@BobDobb41589309 On Mounjaro your appetite is gone.

You actually need to plan to eat a variety of small meal or it would be unhealthy.",en,1,0,0,0,104,"<a href=""http://twitter.com/#!/download/ipad"" rel=""nofollow"">Twitter for iPad</a>",https://x.com/zipjet/status/1685372403562553345,False,True,2026-04-08T22:30:15.346184+00:00
1685286042255966208,mounjaro_weight,mounjaro,weight,2023-07-29T13:47:58+00:00,DianeWo42614893,Diane Woods,I lowered my blood sugar and lost weight my first month on mounjaro! https://t.co/UX3vNw1Aml via @YouTube,en,0,0,0,0,48,"<a href=""http://twitter.com/download/iphone"" rel=""nofollow"">Twitter for iPhone</a>",https://x.com/DianeWo42614893/status/1685286042255966208,False,False,2026-04-08T22:30:15.347180+00:00
1685263883588513792,mounjaro_weight,mounjaro,weight,2023-07-29T12:19:55+00:00,zipjet,zipjet,"MOUNJARO LOG – 5 mg Week 2, Days 8-15

Injection #2 on day 11 – Surprised that nausea did not recur.

Weight 240.6 Loss 3.1, Cumulative loss 9.4 – consistent with calories in and projected burn.

Projected burn: 3,000 no exercise beyond normal, none.

Calorie intake average: 837

Diet: Proteins, fiber, little carbs

Effects: Appetite Satiation persisting, no nausea, no vomiting, stomach remains mildly unsettled. Injection site: no effect.

Adverse effects:
Gas, burping, continues
Stomach remains unsettled
Sleep factors: Returned to normal days 8-11 Degraded again after day 11 shot. Duration, latency, Efficiency, Restfulness, REM, Deep (Oura)
Sleep factors stable: Ox, Breathing, Lowest heart rate, HRV (Oura)

Satiation lasted through day 11, that may set the interval from here.",en,2,0,3,0,912,"<a href=""https://mobile.twitter.com"" rel=""nofollow"">Twitter Web App</a>",https://x.com/zipjet/status/1685263883588513792,False,True,2026-04-08T22:30:15.347180+00:00
1684912081852641280,mounjaro_weight,mounjaro,weight,2023-07-28T13:01:59+00:00,InShapeMDSA,InShapeMDSanAngelo,"🌟 Say goodbye to stubborn pounds with Tirzepatide!

This incredible medication works wonders by increasing the feeling of fullness, reducing appetite, and helping you make healthier food choices. https://t.co/NRNgZHprbn",en,0,0,3,0,35,"<a href=""https://app.socialowl.com/bu_connections"" rel=""nofollow"">Posting Automation v3.1</a>",https://x.com/InShapeMDSA/status/1684912081852641280,False,False,2026-04-08T22:30:15.348176+00:00
1684644549820391424,mounjaro_weight,mounjaro,weight,2023-07-27T19:18:54+00:00,EndocrineToday,Endocrine Today,"In topline results from two SURMOUNT trials, adults with #obesity lost about 26% of their body weight when using tirzepatide for 72 weeks following a 12-week lifestyle intervention or continuously for 88 weeks. @LillyPad #EndoTwitter https://t.co/OFSrTkDqnw",en,0,6,12,1,1876,"<a href=""https://app.socialpilot.co/"" rel=""nofollow"">SocialPilot.co</a>",https://x.com/EndocrineToday/status/1684644549820391424,False,False,2026-04-08T22:30:15.348176+00:00
1684601046340091904,mounjaro_weight,mounjaro,weight,2023-07-27T16:26:02+00:00,MarcJacksonLA,stock setter,"$LLY
In two late-stage trials of Lilly’s tirzepatide, participants lost one-quarter of their weight - https://t.co/SRRn7bYcj5",en,0,0,0,0,133,"<a href=""https://mobile.twitter.com"" rel=""nofollow"">Twitter Web App</a>",https://x.com/MarcJacksonLA/status/1684601046340091904,False,False,2026-04-08T22:30:15.348176+00:00
1684596699698724864,mounjaro_weight,mounjaro,weight,2023-07-27T16:08:46+00:00,dose_of_naz,"Dr. Nazifa Kadery, PharmD, RPh","In two late-stage trials of Lilly’s tirzepatide, participants lost one-quarter of their weight - https://t.co/LDAbaDkM2f",en,0,0,0,0,21,"<a href=""http://twitter.com/download/iphone"" rel=""nofollow"">Twitter for iPhone</a>",https://x.com/dose_of_naz/status/1684596699698724864,False,False,2026-04-08T22:30:15.348176+00:00
1684590318925086720,mounjaro_weight,mounjaro,weight,2023-07-27T15:43:24+00:00,bradpalm1,"Synthonics, Inc.; Chylocure","In two late-stage trials of Lilly’s tirzepatide, participants lost one-quarter of their weight - https://t.co/TyFohz4kaF",en,0,0,0,0,40,"<a href=""https://mobile.twitter.com"" rel=""nofollow"">Twitter Web App</a>",https://x.com/bradpalm1/status/1684590318925086720,False,False,2026-04-08T22:30:15.348176+00:00
1684549787625086976,mounjaro_weight,mounjaro,weight,2023-07-27T13:02:21+00:00,So_Cal_Native60,Anne,"@MichaelAlbertMD I’ve been on both for over 20 weeks each, and can confirm tirzepatide is the winner by far. I’m down a total of 70 lbs since last August. 
Side note, I’ve been off all meds for 6 weeks and am still maintaining my weight loss!",en,0,0,2,0,101,"<a href=""http://twitter.com/#!/download/ipad"" rel=""nofollow"">Twitter for iPad</a>",https://x.com/So_Cal_Native60/status/1684549787625086976,False,True,2026-04-08T22:30:15.348176+00:00
1684392040254119936,mounjaro_weight,mounjaro,weight,2023-07-27T02:35:31+00:00,preacherwife_,Preacherswife71,@markeatsmeat I’m on Mounjaro. Diagnosed with Diabetes. Have lost 55lbs. Helps with craving and feeling full,en,2,0,4,0,546,"<a href=""http://twitter.com/download/iphone"" rel=""nofollow"">Twitter for iPhone</a>",https://x.com/preacherwife_/status/1684392040254119936,False,True,2026-04-08T22:30:16.179070+00:00
1684029493587894273,mounjaro_weight,mounjaro,weight,2023-07-26T02:34:53+00:00,outlawtorn_eth,outlawtorn.eth,"@dropgenius TBH, once I was diagnosed with Type 2 diabetes I cut out sugars and carbs to the extent possible. My doctor also prescribed Mounjaro, which has basically cut my appetite to a third of what it was. Blood sugar management is the priority but the help with appetite has been welcome.",en,1,0,2,0,116,"<a href=""http://twitter.com/download/iphone"" rel=""nofollow"">Twitter for iPhone</a>",https://x.com/outlawtorn_eth/status/1684029493587894273,False,True,2026-04-08T22:30:16.179070+00:00
1683973060230279168,mounjaro_weight,mounjaro,weight,2023-07-25T22:50:38+00:00,imjinnie,A. “Jinnie” McManus,"I was able to pick up a 10mg box of Mounjaro today, and I was told it was one of the last boxes in the entire state. I’m relieved but also worried, I’ve been on 12.5 for a few months now and this slight downgrade in dosage could really hurt my progress. Here’s hoping it doesn’t…",en,0,0,2,0,277,"<a href=""http://twitter.com/download/iphone"" rel=""nofollow"">Twitter for iPhone</a>",https://x.com/imjinnie/status/1683973060230279168,False,False,2026-04-08T22:30:16.179070+00:00
1683961127670087680,mounjaro_weight,mounjaro,weight,2023-07-25T22:03:13+00:00,Kim_Wolfe63,JourneyBleu | Sleeves Up! 🏳️‍🌈🌊🗳✌️📚✍🏻🏈,"If my scales are working correctly, I'm down almost 8 pounds since starting the Mounjaro. Additionally, my blood sugars are much better controlled.",en,1,0,1,0,115,"<a href=""https://mobile.twitter.com"" rel=""nofollow"">Twitter Web App</a>",https://x.com/Kim_Wolfe63/status/1683961127670087680,False,False,2026-04-08T22:30:16.179070+00:00
1683628630159794176,mounjaro_weight,mounjaro,weight,2023-07-25T00:02:00+00:00,JustJewels93,Just Julie,@schabacker18 I actually followed a ketogenic diet for 4 years losing 51 lbs before stalling in 2019. I started regaining weight (no cheating) despite strict carnivore likely from too much fat. I was desperate. I contacted my dr @DoctorTro and asked for Mounjaro.,en,1,0,1,0,195,"<a href=""http://twitter.com/download/iphone"" rel=""nofollow"">Twitter for iPhone</a>",https://x.com/JustJewels93/status/1683628630159794176,False,True,2026-04-08T22:30:16.180065+00:00
1683576458625839104,mounjaro_weight,mounjaro,weight,2023-07-24T20:34:41+00:00,JustJewels93,Just Julie,"@schabacker18 In total, I’ve lost 94 lbs via keto (started in 2018)and then Mounjaro. What I’ve learned is that keto doesn’t always fix everything and that sometimes people need medical help to conquer obesity. This medication is saving my life.",en,1,0,3,0,490,"<a href=""http://twitter.com/download/iphone"" rel=""nofollow"">Twitter for iPhone</a>",https://x.com/JustJewels93/status/1683576458625839104,False,True,2026-04-08T22:30:16.180065+00:00
1683321372054003712,mounjaro_weight,mounjaro,weight,2023-07-24T03:41:04+00:00,JustJewels93,Just Julie,"My Mounjaro coupon for $25 has come to an end. I’ve taken my last shot. I’ve reached 156 lbs which is 6 lbs short of my goal of 150.  When I started Mounjaro in August 2022, I was 220. This drug has changed my life. I will now take Ozempic to maintain. since my ins covers it.",en,1,0,16,0,997,"<a href=""http://twitter.com/download/iphone"" rel=""nofollow"">Twitter for iPhone</a>",https://x.com/JustJewels93/status/1683321372054003712,False,False,2026-04-08T22:30:16.180065+00:00
1682941324914458625,mounjaro_weight,mounjaro,weight,2023-07-23T02:30:54+00:00,sadexasperated,Leiliyah de Cotta,@_celia_bedelia_ I've never ever lost a significant amount of weight without pharmaceutical intervention - phentermine and topiramate or GLP1S such as saxenda or mounjaro despite having been on every diet and exercise program in the entire world since I was like 11,en,0,0,1,0,415,"<a href=""http://twitter.com/download/android"" rel=""nofollow"">Twitter for Android</a>",https://x.com/sadexasperated/status/1682941324914458625,False,True,2026-04-08T22:30:16.180065+00:00
1682930447074852865,mounjaro_weight,mounjaro,weight,2023-07-23T01:47:40+00:00,helpYOUgetGAINS,#HelpYouGetGAINS,A man who lost 18% of his body weight on Mounjaro shares the protein-packed breakfast smoothie he drinks every morning https://t.co/XtJCWfqswt,en,0,0,0,0,26,"<a href=""http://twitter.com/download/iphone"" rel=""nofollow"">Twitter for iPhone</a>",https://x.com/helpYOUgetGAINS/status/1682930447074852865,False,False,2026-04-08T22:30:16.180065+00:00
1682840272277762048,mounjaro_weight,mounjaro,weight,2023-07-22T19:49:21+00:00,JJ72iLVNV,Dance with the angels!🇺🇲,"@MsAshBash420 Mounjaro - gyming it. Packed on muscle. Lost no fat. Opposite processes. She'd the fat reintroduce good exercise and diet. Went front muscle fat 249 to 172 on 3 months on Mounjaro and back in the gum. (BTW in know TMI, honey every morning again) sorry for those I offended",en,0,0,1,0,76,"<a href=""http://twitter.com/download/android"" rel=""nofollow"">Twitter for Android</a>",https://x.com/JJ72iLVNV/status/1682840272277762048,False,True,2026-04-08T22:30:16.180065+00:00
1682735323724259330,mounjaro_weight,mounjaro,weight,2023-07-22T12:52:19+00:00,zipjet,zipjet,"MOUNJARO LOG – 5 mg Week 1, Days 0-7

Injection deferred at day 7 since satiation sustained.

Weight 243.7 Loss 6.3 – consistent with calories in and projected burn.

Projected burn:  3,000 no exercise beyond normal, none.

Calorie intake average: 875

Diet: Proteins, fiber, little carbs

Effects: Appetite Satiation persisting, after the first 36
hours the nausea ended, stomach remains mildly unsettled.  Injection site pain quickly abates, no site effects continued. 

Adverse effects: Nausia first 36 hours
Vomiting:  once on day 2
Gas, burping, continues
Stomach remains unsettled
Constipation?? – May just be fewer BM’s

Sleep factors degraded:  Duration, latency, Efficiency, Restfulness, REM, Deep (Oura)

Sleep factors stable: Ox, Breathing, Lowest heart rate, HRV (Oura)

Since the goal is weight loss, I am deferring reinjection until satiation abates.  Should be interesting to see how long satiation is sustained.",en,1,0,9,0,1132,"<a href=""https://mobile.twitter.com"" rel=""nofollow"">Twitter Web App</a>",https://x.com/zipjet/status/1682735323724259330,False,True,2026-04-08T22:30:16.180065+00:00
1682542010530516994,mounjaro_weight,mounjaro,weight,2023-07-22T00:04:10+00:00,people,People,Fanatics CEO Michael Rubin Says He Lost Weight on Mounjaro  https://t.co/MKLYUvqO9r,en,0,1,9,0,20764,"<a href=""https://trueanthem.com"" rel=""nofollow"">trueanthem_pro2</a>",https://x.com/people/status/1682542010530516994,False,False,2026-04-08T22:30:16.180065+00:00
1682483106450915328,mounjaro_weight,mounjaro,weight,2023-07-21T20:10:06+00:00,ColinLA,Colin,"@SoCalGreatOne @enzo_spagpost @Shelbrina3 @KatyMontgomerie @MicqB an equivalent standard of care would be doctors hearing a 12 year old 5'10"" 120 lbs boy describing himself as obese, writing an Rx for phentermine, followup mounjaro injections on the next visit, and then scheduled for rib removal surgery with lip touchups on the abdomen",en,1,0,0,0,150,"<a href=""https://mobile.twitter.com"" rel=""nofollow"">Twitter Web App</a>",https://x.com/ColinLA/status/1682483106450915328,False,True,2026-04-08T22:30:16.181062+00:00
1682375440168517640,mounjaro_weight,mounjaro,weight,2023-07-21T13:02:16+00:00,InShapeMDSA,InShapeMDSanAngelo,"⏳ Tired of slow progress in your weight loss journey?
Tirzepatide is here to accelerate your results! 

This revolutionary medication is designed to suppress appetite and boost metabolism, helping you achieve your weight loss goals faster. https://t.co/KbXXTLPH8O",en,0,0,3,0,86,"<a href=""https://app.socialowl.com/bu_connections"" rel=""nofollow"">Posting Automation v3.1</a>",https://x.com/InShapeMDSA/status/1682375440168517640,False,False,2026-04-08T22:30:16.181062+00:00
1682086105309388808,mounjaro_weight,mounjaro,weight,2023-07-20T17:52:33+00:00,gramgreyeyes2,Susan C,#yr Sooo… now Phyllis has “lost” weight also!!! I like Michele Stafford… but these actresses and so forth are creating a shortage of Ozempic/mounjaro for people that really need it. Makes me ill !,en,1,0,1,0,298,"<a href=""http://twitter.com/download/iphone"" rel=""nofollow"">Twitter for iPhone</a>",https://x.com/gramgreyeyes2/status/1682086105309388808,False,False,2026-04-08T22:30:16.181062+00:00
1682053277817401344,mounjaro_weight,mounjaro,weight,2023-07-20T15:42:07+00:00,Okhomo,O. K. L. A. H. O. M. A.,"Thanks to mounjaro I have been able to make a huge difference in my life. I am proud to say I have lost 70 pounds. I started the third Monday in March. I have a ways to go but am over half way.  For me that drug killed my hunger completely. Now I eat to live and not live to eat. It is an amazing drug !!  I never talk much about me in real life. But this is something I am so proud of.  Nervous, upset, frustrated, angry or happy. No emotion makes me want to eat anymore. Tbh I’m still in shock I have done this. I look at my scale and say are you sure?  Just saw my doctor my A1C is 5.0. I thought he was going to dance. He kind of shocked me. He is so stoic.  He took me off of 2 drugs and cut another in half. Onward and upward from here! 

Excuse my narcissism but I just had to tell someone. 

Back to regular tweets!!",en,11,0,20,0,1131,"<a href=""http://twitter.com/download/iphone"" rel=""nofollow"">Twitter for iPhone</a>",https://x.com/Okhomo/status/1682053277817401344,False,False,2026-04-08T22:30:16.181062+00:00
1681912768432324608,mounjaro_weight,mounjaro,weight,2023-07-20T06:23:47+00:00,keto3000,keto3000,"@DrEenfeldt @ElieJarrougeMD I’m T2D, on Mounjaro, eating a low carb, high protein whole food diet.  Transited fr strict keto to P:E Diet macros, cut Metformin down 75%, lost 48 lbs (fat, gained a tad of lean muscle mass &amp; stabilized my BG fr over 412++ to 80-90…. So I guess I would fit choice D maybe? 😄",en,2,0,1,0,138,"<a href=""http://twitter.com/download/iphone"" rel=""nofollow"">Twitter for iPhone</a>",https://x.com/keto3000/status/1681912768432324608,False,True,2026-04-08T22:30:16.181062+00:00
1681783254070992896,mounjaro_weight,mounjaro,weight,2023-07-19T21:49:08+00:00,BodyFitnessLtd,Fitness Freak,A Man Who Lost Weight Mounjaro Shares His Breakfast Smoothie Recipe - Insider https://t.co/8rhxfAcKSL,en,0,0,0,0,61,"<a href=""https://dlvrit.com/"" rel=""nofollow"">dlvr.it</a>",https://x.com/BodyFitnessLtd/status/1681783254070992896,False,False,2026-04-08T22:30:16.181062+00:00
1681776495348383749,mounjaro_weight,mounjaro,weight,2023-07-19T21:22:17+00:00,nadeemansary,Nadeem Ansari FCIM F IDM,A man who lost 18% of his body weight on Mounjaro shares the protein-packed breakfast smoothie he drinks every morning https://t.co/hmBD5bps6I,en,0,0,0,0,22,"<a href=""https://ifttt.com"" rel=""nofollow"">IFTTT</a>",https://x.com/nadeemansary/status/1681776495348383749,False,False,2026-04-08T22:30:17.144885+00:00
1681775333781979136,mounjaro_weight,mounjaro,weight,2023-07-19T21:17:40+00:00,thisisinsider,Insider,A man who lost 18% of his body weight on Mounjaro shares the protein-packed breakfast smoothie he drinks every morning https://t.co/8hrzVUE3SW,en,0,1,3,0,6141,"<a href=""http://www.socialflow.com"" rel=""nofollow"">SocialFlow</a>",https://x.com/thisisinsider/status/1681775333781979136,False,False,2026-04-08T22:30:17.144885+00:00
1681774491238555649,mounjaro_weight,mounjaro,weight,2023-07-19T21:14:19+00:00,HealthInsider,Insider Healthcare,A man who lost 18% of his body weight on Mounjaro shares the protein-packed breakfast smoothie he drinks every morning https://t.co/4LDSXt6wml,en,0,0,0,0,205,"<a href=""http://www.socialflow.com"" rel=""nofollow"">SocialFlow</a>",https://x.com/HealthInsider/status/1681774491238555649,False,False,2026-04-08T22:30:17.145883+00:00
1681774031207276544,mounjaro_weight,mounjaro,weight,2023-07-19T21:12:29+00:00,jerryeswon,Jerry Swon NJ,A man who lost 18% of his body weight on Mounjaro shares the protein-packed breakfast smoothie he drinks every morning https://t.co/TNYw414hV9,en,0,0,0,0,53,"<a href=""https://ifttt.com"" rel=""nofollow"">IFTTT</a>",https://x.com/jerryeswon/status/1681774031207276544,False,False,2026-04-08T22:30:17.145883+00:00
1681742723953602564,mounjaro_weight,mounjaro,weight,2023-07-19T19:08:05+00:00,Kathlee14861239,Kathleen Wood,"@OldGypsyWoman @typo_cat Yes I think it might, not sure. My husband was prescribed Ozempic by his endocrinologist for Type 2 diabetes. He had no extra weight to lose. He lost 10 pounds in 2 weeks and looked like death warmed over, a walking ghost. He is on Mounjaro now and no additional weight loss.",en,0,0,1,0,127,"<a href=""https://mobile.twitter.com"" rel=""nofollow"">Twitter Web App</a>",https://x.com/Kathlee14861239/status/1681742723953602564,False,False,2026-04-08T22:30:17.145883+00:00
1681742006995808257,mounjaro_weight,mounjaro,weight,2023-07-19T19:05:14+00:00,LaniMary011920,Alaina Colella,I lost 40 lbs on Tirzepatide &amp; if tiktok is going to censor me then I’m going to shout it out as loud as I can on as many platforms as possible! @tiktok_us @TikTokSupport STOP BANNING CREATORS sharing their experiences! https://t.co/A0nL92DSkl,en,1,1,2,1,386,"<a href=""http://twitter.com/download/iphone"" rel=""nofollow"">Twitter for iPhone</a>",https://x.com/LaniMary011920/status/1681742006995808257,False,False,2026-04-08T22:30:17.145883+00:00
1681725596664229888,mounjaro_weight,mounjaro,weight,2023-07-19T18:00:01+00:00,FlyteHealth,FlyteHealth,"Targeting brain areas controlling appetite, #Mounjaro shows promise for effective #WeightManagement. Intellihealth's chief medical officer, Dr. Leon Igel, explains its mechanism. https://t.co/kaWtJCwwiY",en,0,1,1,0,111,"<a href=""https://twitter.com"" rel=""nofollow"">TweetDeck Web App</a>",https://x.com/FlyteHealth/status/1681725596664229888,False,False,2026-04-08T22:30:17.145883+00:00
1681667814057279489,mounjaro_weight,mounjaro,weight,2023-07-19T14:10:25+00:00,Kim_Wolfe63,JourneyBleu | Sleeves Up! 🏳️‍🌈🌊🗳✌️📚✍🏻🏈,"Mounjaro 5 mg, week 2 shot taken. Last week was not horrible. I was never very hungry, though the habit to eat was there. Still, filled up more quickly, so less food. Blood sugar levels have stayed within normal range for the most part. I'm not snacking as much. Woohoo!",en,2,0,2,0,206,"<a href=""https://mobile.twitter.com"" rel=""nofollow"">Twitter Web App</a>",https://x.com/Kim_Wolfe63/status/1681667814057279489,False,False,2026-04-08T22:30:17.145883+00:00
1681473055481110529,mounjaro_weight,mounjaro,weight,2023-07-19T01:16:31+00:00,Havartitiger,Patti Shard,"'RHONJ' Star Dolores Catania Lost 20 Lbs. on Ozempic and Mounjaro, Says It’s 'No Easy Fix for Weight Loss' https://t.co/0gmJgWNVCe areurlbuttons via @people Hope your proud of all the diabetics you've killed by using their life saving medication! Your a disgusting pig!",en,0,0,0,0,117,"<a href=""https://mobile.twitter.com"" rel=""nofollow"">Twitter Web App</a>",https://x.com/Havartitiger/status/1681473055481110529,False,False,2026-04-08T22:30:17.145883+00:00
1681324598862950402,mounjaro_weight,mounjaro,weight,2023-07-18T15:26:36+00:00,MichelleCardel,"Michelle Cardel, PhD, MS, RD","Newly published systematic review and meta-analysis of RCTs to assess efficacy of tirzepatide on weight loss in persons with and without T2D.

Percent change in weight showed a mean difference versus placebo of −8.1% (p < 0.001) with the 5 mg dose; −11.9% (p < 0.001) with the 10 mg dose; and −12.4% (p < 0.001) with the 15 mg dose. 

-Lost at least 5% body weight: 79.4% to 90.3% of those who received tirzepatide (21.8% in placebo)
-Lost at least 10% body weight: 57.9% to 76.6% of those who received tirzepatide (9.6% in placebo)
-Lost at least 15% body weight: 37.2% to 62.6% of those who received tirzepatide (4.2% in placebo)

Meta-regressions were performed showing statistically significant interaction between greater weight loss with tirzepatide compared with placebo and the following covariates: longer treatment duration; higher baseline weight and baseline BMI; and lower baseline HbA1c. While persons with T2D and those without both lost significant amounts of weight on tirzepatide, the drug performed better in patients without T2D (mean difference = -22kg) compared to those with T2D (mean difference = -9.73kg) (p<0.00001). Additionally, the drug led to significant reductions in waist circumference and BMI.

Studies included if: (1) were RCTs that compared any of the tirzepatide doses of interest (5 mg, 10 mg, and/or 15 mg) with placebo with outcome of weight change; and (2) had an intervention duration of at least 12 weeks.

https://t.co/bQ7s6ouGC0",en,0,0,5,0,968,"<a href=""https://mobile.twitter.com"" rel=""nofollow"">Twitter Web App</a>",https://x.com/MichelleCardel/status/1681324598862950402,False,False,2026-04-08T22:30:17.145883+00:00
1681196708141694976,mounjaro_weight,mounjaro,weight,2023-07-18T06:58:25+00:00,DailyMailCeleb,Daily Mail Celebrity,"RHONJ star Dolores Catania, 52, wants to lose MORE weight after dropping '20 pounds' with Ozempic and Mounjaro drugs https://t.co/dyvtdhPzsr",en,2,0,0,0,2548,"<a href=""http://www.socialflow.com"" rel=""nofollow"">SocialFlow</a>",https://x.com/DailyMailCeleb/status/1681196708141694976,False,False,2026-04-08T22:30:17.145883+00:00
1681095966974431232,mounjaro_weight,mounjaro,weight,2023-07-18T00:18:06+00:00,Josiah_FL,Josiah Williams,"RHONJ star Dolores Catania, 52, wants to lose MORE weight after dropping '20 pounds' with Ozempic and Mounjaro drugs https://t.co/2o46CVpVXb https://t.co/ybxFua1RS8",en,0,0,1,0,114,"<a href=""https://dlvrit.com/"" rel=""nofollow"">dlvr.it</a>",https://x.com/Josiah_FL/status/1681095966974431232,False,False,2026-04-08T22:30:17.146878+00:00
1681044665389445120,mounjaro_weight,mounjaro,weight,2023-07-17T20:54:15+00:00,waist_slim,Slim Waist Solutions,Dolores Catania Reveals Goal Weight After Losing 20 Lbs on Mounjaro - Us Weekly https://t.co/rs8qpZ0Kcg https://t.co/m5fYkSQR5f,en,0,0,0,0,169,"<a href=""https://dlvrit.com/"" rel=""nofollow"">dlvr.it</a>",https://x.com/waist_slim/status/1681044665389445120,False,False,2026-04-08T22:30:17.146878+00:00
1681041970049720320,mounjaro_weight,mounjaro,weight,2023-07-17T20:43:32+00:00,Sarahjoyfullife,Sarah Joy Franklin,Week 1 Post Mounjaro Update. https://t.co/Vmp1mA0ER0 via @YouTube,en,0,0,0,0,55,"<a href=""http://twitter.com/download/iphone"" rel=""nofollow"">Twitter for iPhone</a>",https://x.com/Sarahjoyfullife/status/1681041970049720320,False,False,2026-04-08T22:30:17.146878+00:00
1680999261851508736,mounjaro_weight,mounjaro,weight,2023-07-17T17:53:50+00:00,waist_slim,Slim Waist Solutions,"'RHONJ' Star Dolores Catania Lost 20 Lbs. on Ozempic and Mounjaro, Says It's 'No Easy Fix ... https://t.co/x2dXQPi6gb https://t.co/2dQFj1cgGt",en,0,0,0,0,263,"<a href=""https://dlvrit.com/"" rel=""nofollow"">dlvr.it</a>",https://x.com/waist_slim/status/1680999261851508736,False,False,2026-04-08T22:30:17.146878+00:00
1680999163532820480,mounjaro_weight,mounjaro,weight,2023-07-17T17:53:26+00:00,waist_slim,Slim Waist Solutions,'RHONJ' Star Dolores Catania Lost 20 Lbs. on Ozempic and Mounjaro - People https://t.co/nYMDkVwBxl https://t.co/m3ETh6V0hV,en,0,0,0,0,191,"<a href=""https://dlvrit.com/"" rel=""nofollow"">dlvr.it</a>",https://x.com/waist_slim/status/1680999163532820480,False,False,2026-04-08T22:30:17.146878+00:00
1680997180507672577,mounjaro_weight,mounjaro,weight,2023-07-17T17:45:33+00:00,Matzhdnews,Matz News HD,"Dolores Catania Reveals Goal Weight After Losing 20 Lbs on Mounjaro
https://t.co/jnhYFXpJqy",en,0,0,0,0,4,"<a href=""https://mobile.twitter.com"" rel=""nofollow"">Twitter Web App</a>",https://x.com/Matzhdnews/status/1680997180507672577,False,False,2026-04-08T22:30:17.146878+00:00
1680993375040806912,mounjaro_weight,mounjaro,weight,2023-07-17T17:30:26+00:00,usweekly,Us Weekly,Dolores Catania has dropped 20 pounds while taking the weight loss drug Mounjaro — and she isn't done yet.  https://t.co/MoYELGn0lM,en,0,0,1,0,6968,"<a href=""https://trueanthem.com"" rel=""nofollow"">trueanthem_pro2</a>",https://x.com/usweekly/status/1680993375040806912,False,False,2026-04-08T22:30:17.146878+00:00
1680958554096771072,mounjaro_weight,mounjaro,weight,2023-07-17T15:12:04+00:00,people,People,"'RHONJ' Star Dolores Catania Lost 20 Lbs. on Ozempic and Mounjaro, Says It’s 'No Easy Fix for Weight Loss'  https://t.co/SQne1dQfvC",en,3,1,19,0,23273,"<a href=""https://trueanthem.com"" rel=""nofollow"">trueanthem_pro2</a>",https://x.com/people/status/1680958554096771072,False,False,2026-04-08T22:30:17.146878+00:00
1680629740762177537,mounjaro_weight,mounjaro,weight,2023-07-16T17:25:29+00:00,mad_harlot,The Mad Harlot,Who can relate?     I’m on mounjaro for blood sugar and use whey protein for nutrition  both kill appetite https://t.co/XSwu5eGS64,en,4,5,39,0,2163,"<a href=""http://twitter.com/download/iphone"" rel=""nofollow"">Twitter for iPhone</a>",https://x.com/mad_harlot/status/1680629740762177537,False,False,2026-04-08T22:30:17.916914+00:00
1680610191677751296,mounjaro_weight,mounjaro,weight,2023-07-16T16:07:48+00:00,afshineemrani,Afshine Emrani  MD FACC,A 40 year old mom had gained 50lb over years with hormone/ infertility shots trying to get pregnant. She gave up. Came to me for weight loss. I gave her Metformin &amp; Mounjaro. She lost 45 lb then started gaining again. Turns out she's pregnant because I treated her PCOS 😂❤️🙏🤷,en,3,0,39,0,3301,"<a href=""http://twitter.com/download/android"" rel=""nofollow"">Twitter for Android</a>",https://x.com/afshineemrani/status/1680610191677751296,False,False,2026-04-08T22:30:17.917923+00:00
1680385898775445504,mounjaro_weight,mounjaro,weight,2023-07-16T01:16:32+00:00,DrAhod1984,Dr. Ashley,Taking my last #mounjaro shot tonight and I’m having lots of feelings about it. -46 pounds only thing that has worked for me in 20+ years. Here’s to hoping I don’t gain all the pounds back #insurancesucks #obesityisadisease,en,4,0,10,0,794,"<a href=""http://twitter.com/download/iphone"" rel=""nofollow"">Twitter for iPhone</a>",https://x.com/DrAhod1984/status/1680385898775445504,False,False,2026-04-08T22:30:17.917923+00:00
1680370033975865349,mounjaro_weight,mounjaro,weight,2023-07-16T00:13:30+00:00,soofriends,Donna J 🇺🇸 🏳️‍🌈 🌴,"@GTcharliegirl @drquinngyn I use mounjaro for diabetes, I'm not obese. If it works for others the way it does for me, then the appetite suppression is extreme. At first, I would forget to eat. When I did eat, I would feel full eating about half of what I normally did. Thank God it stopped after 4-6 weeks.",en,1,0,1,0,121,"<a href=""http://twitter.com/download/android"" rel=""nofollow"">Twitter for Android</a>",https://x.com/soofriends/status/1680370033975865349,False,True,2026-04-08T22:30:17.917923+00:00
1680369130287910913,mounjaro_weight,mounjaro,weight,2023-07-16T00:09:55+00:00,OKStormTrax,Amerigo 🇺🇸,"This is scary to even think about. We both got CV late in 2020. (We waited it out and got the antibodies test vs the false PCR.) Took 2 Moderna jabs and regretted it almost immediately. Got on Dr. Zelenko protocol and have stayed on it for nearly 3 yrs. I’ve lost 48 pounds taking Mounjaro for diabetes, diet changes and fasting. My first jab was very week in strength. Second one was much stronger. Neither my spouse or I ever got CV again and have had no further issues. Took the jabs in Jan/Feb of 2021. Never again.",en,8,7,64,1,18220,"<a href=""http://twitter.com/#!/download/ipad"" rel=""nofollow"">Twitter for iPad</a>",https://x.com/OKStormTrax/status/1680369130287910913,False,True,2026-04-08T22:30:17.917923+00:00
1680331724763324416,mounjaro_weight,mounjaro,weight,2023-07-15T21:41:16+00:00,zipjet,zipjet,"MOUNJARO LOG - 5mg

Day 0, 7/14/2023

Male 5'10""  250 lbs

Good health, not diabetic.

Goal 200 lbs

Within 2 hours of injection mild nausea started, burping gas followed.

For a guy that likes to eat this is going to be an interesting adventure.  ;-)",en,9,1,29,1,14245,"<a href=""https://mobile.twitter.com"" rel=""nofollow"">Twitter Web App</a>",https://x.com/zipjet/status/1680331724763324416,False,False,2026-04-08T22:30:17.917923+00:00
1680046082779398144,mounjaro_weight,mounjaro,weight,2023-07-15T02:46:14+00:00,ymcamomfmm,Albertamom,"@GSWReddit @NBCSKings @tristi_r14 Mounjaro

Definitely has lost a good amount.",en,0,0,0,0,173,"<a href=""http://twitter.com/#!/download/ipad"" rel=""nofollow"">Twitter for iPad</a>",https://x.com/ymcamomfmm/status/1680046082779398144,False,True,2026-04-08T22:30:17.917923+00:00
1680022644920287232,mounjaro_weight,mounjaro,weight,2023-07-15T01:13:06+00:00,queenofswords15,queenofswords,@bholiday I was taking tresiba everyday but 2 weeks ago I started mounjaro to get my a1c down I got it down from 10 to 7 in 3 months so my appetite is lower although I’m hungry due to not eating because my sugars are all over the place! Drs no help just push 6 smalls meals whole grains,en,1,0,1,0,200,"<a href=""http://twitter.com/download/iphone"" rel=""nofollow"">Twitter for iPhone</a>",https://x.com/queenofswords15/status/1680022644920287232,False,True,2026-04-08T22:30:17.917923+00:00
1679993454854656000,mounjaro_weight,mounjaro,weight,2023-07-14T23:17:07+00:00,helpYOUgetGAINS,#HelpYouGetGAINS,A man with diabetes lost 18% of his body weight with Mounjaro. Here are 8 ways the drug changed his life long-term. https://t.co/PaxLZCNtBI,en,0,0,0,0,25,"<a href=""http://twitter.com/download/iphone"" rel=""nofollow"">Twitter for iPhone</a>",https://x.com/helpYOUgetGAINS/status/1679993454854656000,False,False,2026-04-08T22:30:17.917923+00:00
1679979043490521089,mounjaro_weight,mounjaro,weight,2023-07-14T22:19:51+00:00,InsiderLife,Insider Life,A man with diabetes lost 18% of his body weight with Mounjaro. Here are 8 ways the drug changed his life long-term. https://t.co/EjEMddiKje,en,0,0,1,0,266,"<a href=""http://www.socialflow.com"" rel=""nofollow"">SocialFlow</a>",https://x.com/InsiderLife/status/1679979043490521089,False,False,2026-04-08T22:30:17.917923+00:00
1679922791800520704,mounjaro_weight,mounjaro,weight,2023-07-14T18:36:19+00:00,HealthInsider,Insider Healthcare,A man with diabetes lost 18% of his body weight with Mounjaro. Here are 8 ways the drug changed his life long-term. https://t.co/43lk1goYfy,en,0,0,0,0,173,"<a href=""http://www.socialflow.com"" rel=""nofollow"">SocialFlow</a>",https://x.com/HealthInsider/status/1679922791800520704,False,False,2026-04-08T22:30:17.918919+00:00
1679896736905539595,mounjaro_weight,mounjaro,weight,2023-07-14T16:52:47+00:00,jerryeswon,Jerry Swon NJ,A man with diabetes lost 18% of his body weight with Mounjaro. Here are 8 ways the drug changed his life long-term. https://t.co/oOrDGD6jbA,en,0,0,0,0,48,"<a href=""https://ifttt.com"" rel=""nofollow"">IFTTT</a>",https://x.com/jerryeswon/status/1679896736905539595,False,False,2026-04-08T22:30:17.918919+00:00
1679893144970891264,mounjaro_weight,mounjaro,weight,2023-07-14T16:38:31+00:00,xxladylolitaxx,Maria,"@ggame2138 @trefab2022 Yep She on that weight lost diet called Mounjaro..
Ozempic.",en,0,0,1,0,116,"<a href=""http://twitter.com/download/iphone"" rel=""nofollow"">Twitter for iPhone</a>",https://x.com/xxladylolitaxx/status/1679893144970891264,False,True,2026-04-08T22:30:17.918919+00:00
1679879998419730435,mounjaro_weight,mounjaro,weight,2023-07-14T15:46:16+00:00,NoCoWolf1,NoCoWolf (He/Him),I have lost 41.4 pounds. Thanks Mounjaro,en,0,0,0,0,127,"<a href=""http://twitter.com/download/iphone"" rel=""nofollow"">Twitter for iPhone</a>",https://x.com/NoCoWolf1/status/1679879998419730435,False,False,2026-04-08T22:30:17.918919+00:00
1679875584589963264,mounjaro_weight,mounjaro,weight,2023-07-14T15:28:44+00:00,AnetBjorn,Annette Bjorntvedt,"Watching @TheView this morning and the comments about weight loss medication. As a person who has lost 90+ pounds using Mounjaro, I would love to see a real discussion about this. I am not diabetic, but I have struggled with my weight.  my entire life. This has been a lifesaver!",en,1,0,2,0,219,"<a href=""http://twitter.com/download/iphone"" rel=""nofollow"">Twitter for iPhone</a>",https://x.com/AnetBjorn/status/1679875584589963264,False,False,2026-04-08T22:30:17.918919+00:00
1679848620168818689,mounjaro_weight,mounjaro,weight,2023-07-14T13:41:35+00:00,TSomerlade,Traci 🇺🇸 💜🇺🇸💜🇺🇸,@radiokevin I did the other one… Mounjaro… lost 30lbs 🥰,en,0,0,1,0,58,"<a href=""http://twitter.com/download/iphone"" rel=""nofollow"">Twitter for iPhone</a>",https://x.com/TSomerlade/status/1679848620168818689,False,True,2026-04-08T22:30:17.918919+00:00
1679838920748482562,mounjaro_weight,mounjaro,weight,2023-07-14T13:03:03+00:00,InShapeMDSA,InShapeMDSanAngelo,"📚 Knowledge is power!
Let's talk about Tirzepatide: a game-changer in medical weight loss. This cutting-edge medication works by regulating appetite and promoting weight loss.

It's time to take control of your health and achieve your weight loss goals with Tirzepatide. https://t.co/Dlul0D930a",en,0,0,3,0,74,"<a href=""https://app.socialowl.com/bu_connections"" rel=""nofollow"">Posting Automation v3.1</a>",https://x.com/InShapeMDSA/status/1679838920748482562,False,False,2026-04-08T22:30:17.918919+00:00
1679585069005180928,mounjaro_weight,mounjaro,weight,2023-07-13T20:14:20+00:00,JustJewels93,Just Julie,"I like data. This is the difference between struggling with an uncontrollable appetite ON CARNIVORE and a controlled appetite on P:E with Mounjaro.  It hasn’t cured my obesity, but it has temporarily put it into remission. https://t.co/opWVjJrdDc",en,2,0,6,0,1167,"<a href=""http://twitter.com/download/iphone"" rel=""nofollow"">Twitter for iPhone</a>",https://x.com/JustJewels93/status/1679585069005180928,False,False,2026-04-08T22:30:17.918919+00:00
1679512683446403080,mounjaro_weight,mounjaro,weight,2023-07-13T15:26:42+00:00,_AnonHater_,Anon Hater,@PP24681012 I’ve lost 22lbs since I started on 5/22. I’ve had other health issues so it’s been tough to gage if anything is from the Mounjaro or something else - but I love it so far. Would def recommend,en,2,0,1,0,129,"<a href=""http://twitter.com/download/iphone"" rel=""nofollow"">Twitter for iPhone</a>",https://x.com/_AnonHater_/status/1679512683446403080,False,True,2026-04-08T22:30:17.918919+00:00
1679219677124231169,mounjaro_weight,mounjaro,weight,2023-07-12T20:02:24+00:00,UltimateTrad8r,Nathan S,"#beastmode activated 26 miles
About 6 hours, from about 10am
Don't see a reason to trade. I'm down about 20 pounds since June 1st no #Ozempic no #mounjaro @Novartis $nvs not knocking it, but no shortcuts here @retrofitness just beast mode, tons of running https://t.co/iW6iSFD21Q",en,1,0,0,0,433,"<a href=""http://twitter.com/download/android"" rel=""nofollow"">Twitter for Android</a>",https://x.com/UltimateTrad8r/status/1679219677124231169,False,False,2026-04-08T22:30:18.588941+00:00
1678553263225057281,mounjaro_weight,mounjaro,weight,2023-07-10T23:54:18+00:00,JustJewels93,Just Julie,"@RobinC85340 I initially lost 51lbs on keto/carnivore/high protein (P:E) and began to regain in 2021-22. I started to panic because I could not restrict macros more than I was. Mounjaro came out in June 2022, and I started it in August. It has helped me so much! I follow low carb/ P:E",en,1,0,1,0,180,"<a href=""http://twitter.com/download/iphone"" rel=""nofollow"">Twitter for iPhone</a>",https://x.com/JustJewels93/status/1678553263225057281,False,True,2026-04-08T22:30:18.588941+00:00
1678551209484103681,mounjaro_weight,mounjaro,weight,2023-07-10T23:46:08+00:00,JustJewels93,Just Julie,@MediumRare2178 You will do great on this once you find the right dosage! Sounds like you need an increase to find your sweet spot. Ozempic doesn’t kill hunger the way Mounjaro does but it should help you feel and stay full longer. Keep me posted on your progress!!,en,1,0,1,0,85,"<a href=""http://twitter.com/download/iphone"" rel=""nofollow"">Twitter for iPhone</a>",https://x.com/JustJewels93/status/1678551209484103681,False,True,2026-04-08T22:30:18.588941+00:00
1678465937140269056,mounjaro_weight,mounjaro,weight,2023-07-10T18:07:18+00:00,_Ellimac__,Camille ⚖️,I think I'm on week 7 of ozempic/mounjaro. I'm down 26 lbs as of today (over half my goal weight loss).  Things I've noticed: it's crazy how food noise is completely gone. Zero hunger or cravings. No tummy rumbles or headaches if you don't eat. Food just isn't necessary.,en,0,0,4,1,477,"<a href=""http://twitter.com/download/iphone"" rel=""nofollow"">Twitter for iPhone</a>",https://x.com/_Ellimac__/status/1678465937140269056,False,False,2026-04-08T22:30:18.588941+00:00
1678412274233405440,mounjaro_weight,mounjaro,weight,2023-07-10T14:34:04+00:00,RobinC85340,Robin Carr,@JustJewels93 What an amazing transformation. You were making progress before Mounjaro. What changed? Do the benefits of using it really outweigh the risks?,en,2,0,1,0,221,"<a href=""http://twitter.com/#!/download/ipad"" rel=""nofollow"">Twitter for iPad</a>",https://x.com/RobinC85340/status/1678412274233405440,False,True,2026-04-08T22:30:18.588941+00:00
1678192240349388800,mounjaro_weight,mounjaro,weight,2023-07-09T23:59:44+00:00,MokuBoi_99,8⭕8_S⭕⭕NER,@arod3776 @JJ6314 @AsgardSG1 I'm on Mounjaro .25 Hawaiian lost 20lbs in 7weeks,en,0,0,1,0,178,"<a href=""http://twitter.com/download/android"" rel=""nofollow"">Twitter for Android</a>",https://x.com/MokuBoi_99/status/1678192240349388800,False,False,2026-04-08T22:30:18.589937+00:00
1678165040363364352,mounjaro_weight,mounjaro,weight,2023-07-09T22:11:39+00:00,JustJewels93,Just Julie,"@ChicKen40546929 This took 5 years. However, I lost the last 55 lbs  in the past year when I began taking Mounjaro.",en,3,0,3,0,1037,"<a href=""http://twitter.com/download/iphone"" rel=""nofollow"">Twitter for iPhone</a>",https://x.com/JustJewels93/status/1678165040363364352,False,True,2026-04-08T22:30:18.589937+00:00
1678164659415789568,mounjaro_weight,mounjaro,weight,2023-07-09T22:10:08+00:00,JustJewels93,Just Julie,@BeautifulC242 Thanks!! ❤️ I began this journey in May 2018. I lost the last 55 lbs when I began taking Mounjaro almost a year ago.,en,0,0,0,0,281,"<a href=""http://twitter.com/download/iphone"" rel=""nofollow"">Twitter for iPhone</a>",https://x.com/JustJewels93/status/1678164659415789568,False,True,2026-04-08T22:30:18.589937+00:00
1678164092081635328,mounjaro_weight,mounjaro,weight,2023-07-09T22:07:52+00:00,JustJewels93,Just Julie,"@BeautifulC242 This transformation took me 5 years! However, I lost 55 lbs since last August when I began Mounjaro.",en,0,0,4,0,359,"<a href=""http://twitter.com/download/iphone"" rel=""nofollow"">Twitter for iPhone</a>",https://x.com/JustJewels93/status/1678164092081635328,False,True,2026-04-08T22:30:18.589937+00:00
1678130029526650880,mounjaro_weight,mounjaro,weight,2023-07-09T19:52:31+00:00,JustJewels93,Just Julie,Update before/after: 251 lbs —&gt; 157 lbs via low carb/intermittent fasting and then combining that with Mounjaro. I do light exercise and work on core strength with a physical therapist due to back issues (if you’re wondering).  No before/after full body pics bc I never did any. https://t.co/4XlAQYiy3O,en,94,19,735,7,68794,"<a href=""http://twitter.com/download/iphone"" rel=""nofollow"">Twitter for iPhone</a>",https://x.com/JustJewels93/status/1678130029526650880,False,False,2026-04-08T22:30:18.589937+00:00
1677858242838380545,mounjaro_weight,mounjaro,weight,2023-07-09T01:52:32+00:00,Nmadams9,Countessa Von Count- wife of the Count,"@onairmichelle Congratulations!! Not sure you remember me but the last time you posted, I was a week in with Mounjaro. You told me to document my progress. Altho I don't want to share my pictures, I have lost a consistent 2lbs/week. I AM SO THRILLED FOR YOU AND ME! https://t.co/Jiu45eJp6V",en,0,0,1,0,66,"<a href=""https://mobile.twitter.com"" rel=""nofollow"">Twitter Web App</a>",https://x.com/Nmadams9/status/1677858242838380545,False,False,2026-04-08T22:30:18.589937+00:00
1677501858439471104,mounjaro_weight,mounjaro,weight,2023-07-08T02:16:24+00:00,pastamomnj,charisse,"@TheBravoDerm Haaa..I’ve just finished my last dose of Mounjaro. 30 pounds in a year. Bloodwork much better than when started. A1C and LDL. 
I’m happy with it",en,1,1,7,0,375,"<a href=""http://twitter.com/download/iphone"" rel=""nofollow"">Twitter for iPhone</a>",https://x.com/pastamomnj/status/1677501858439471104,False,True,2026-04-08T22:30:18.589937+00:00
1677429946686529536,mounjaro_weight,mounjaro,weight,2023-07-07T21:30:39+00:00,guy_pharm,Pharm Guy,"Tirzepatide charts are just ridiculous. Like yeah at max dose 97% of people lost weight. Like its completely insane. Like a decade ago if a drug lost 10% of body weight it was like unheard of, and you assumed it was just obscure amphetamines from the 80's https://t.co/VTV3e5QOxI",en,0,0,2,0,153,"<a href=""https://mobile.twitter.com"" rel=""nofollow"">Twitter Web App</a>",https://x.com/guy_pharm/status/1677429946686529536,False,True,2026-04-08T22:30:18.590936+00:00
1677372833863811073,mounjaro_weight,mounjaro,weight,2023-07-07T17:43:42+00:00,negropeggy,@negropeggy.bsky.social,"Realizing I can only eat a tiny amount of food on Mounjaro before I get full and then nauseous. Is that a good or bad thing? Because I really need to lose another 20-30 pounds, but Lawd knows I love to eat, chile.",en,1,0,6,0,386,"<a href=""https://mobile.twitter.com"" rel=""nofollow"">Twitter Web App</a>",https://x.com/negropeggy/status/1677372833863811073,False,False,2026-04-08T22:30:18.590936+00:00
1677371511748038656,mounjaro_weight,mounjaro,weight,2023-07-07T17:38:27+00:00,Tellit007,Tellit Likeitis,"@NadinaCP @YoniFreedhoff @TIME 45 lbs lost. BMI from 29.3 to 24.1. A1C 6.1 to 5.0, Mounjaro is auto injection with very small needle you don't feel most of the time. Cost: Mounjaro had savings card which brought it to $25 /month. My insurance started covering it as of 7/1 at $0 and no Prior Auth. required.",en,1,0,0,0,94,"<a href=""http://twitter.com/download/android"" rel=""nofollow"">Twitter for Android</a>",https://x.com/Tellit007/status/1677371511748038656,False,True,2026-04-08T22:30:18.590936+00:00
1677360601914384394,mounjaro_weight,mounjaro,weight,2023-07-07T16:55:06+00:00,TashyBetTime,Tashy Bet,"@_AnonHater_ Good job! Are you calorie counting/exercising too? Or is the Mounjaro enough alone? I'm stuck in the 150 lbs range, but my Dr. says for my height I need to be 140 lbs at the very most.",en,1,0,1,0,283,"<a href=""http://twitter.com/download/android"" rel=""nofollow"">Twitter for Android</a>",https://x.com/TashyBetTime/status/1677360601914384394,False,True,2026-04-08T22:30:18.590936+00:00
1676591822666121217,mounjaro_weight,mounjaro,weight,2023-07-05T14:00:14+00:00,TheAnonOne4,TheAnonOne.LYX 🆙️,"@cryptoendgamer Ran a round of Tirzepatide for 12 weeks and lost 35lbs, it's game changing.",en,0,0,1,0,32,"<a href=""http://twitter.com/download/android"" rel=""nofollow"">Twitter for Android</a>",https://x.com/TheAnonOne4/status/1676591822666121217,False,True,2026-04-08T22:30:20.159676+00:00
1676271657827147798,mounjaro_weight,mounjaro,weight,2023-07-04T16:48:01+00:00,dpoceana,NonnaRama 💥,"@AGoldsmithEsq @TakeWeightOffMD The mounjaro was the only thing that balanced my potential insulin resistance, it improved lipids and I lost weight slowly.",en,0,0,0,0,77,"<a href=""http://twitter.com/download/iphone"" rel=""nofollow"">Twitter for iPhone</a>",https://x.com/dpoceana/status/1676271657827147798,False,True,2026-04-08T22:30:20.160672+00:00
1676226670531944452,mounjaro_weight,mounjaro,weight,2023-07-04T13:49:15+00:00,lovetttle,La 🐢 👑,"Ive just learned from my sis in America that there is better than ozempic to lose weight, it’s called Mounjaro and acts on both GIP and GLP-1 receptors, while Ozempic acts only on GLP-1’s. She’s down 12 lbs already 
No wonder celebrities are all on it if regular people are …",en,0,0,1,0,241,"<a href=""http://twitter.com/download/iphone"" rel=""nofollow"">Twitter for iPhone</a>",https://x.com/lovetttle/status/1676226670531944452,False,False,2026-04-08T22:30:20.160672+00:00
1675921550309031936,mounjaro_weight,mounjaro,weight,2023-07-03T17:36:49+00:00,Tellit007,Tellit Likeitis,@MichaelAlbertMD Riiiight... lost 45lbs on Mounjaro. Already gained 10 back when stopped due to insurance. All the evidence I need. Fun times.,en,1,0,2,0,139,"<a href=""http://twitter.com/download/android"" rel=""nofollow"">Twitter for Android</a>",https://x.com/Tellit007/status/1675921550309031936,False,True,2026-04-08T22:30:20.160672+00:00
1675852826038222848,mounjaro_weight,mounjaro,weight,2023-07-03T13:03:44+00:00,jbnbrla,Howudurrinhunneh,"Hey if you are taking #Mounjaro and not pooping, don't worry.

Once your bitch ass insurance company like #BCBS says you aren't approved for it and you're switched to #Ozempic you'll shit 5 times before work to make up for lost time.",en,0,0,0,0,320,"<a href=""http://twitter.com/download/android"" rel=""nofollow"">Twitter for Android</a>",https://x.com/jbnbrla/status/1675852826038222848,False,False,2026-04-08T22:30:20.160672+00:00
1675587057131872258,mounjaro_weight,mounjaro,weight,2023-07-02T19:27:39+00:00,Claudius3600,iClaudius,"@ElenaCorti5 @JayMan471 1) I agree, if you're only trying to lose 20 lbs for looks or whatever the unknown unknowns probably make it not with it right now 

2) that said drugs like this have been around for over 20 years, Ozempic and Mounjaro are newer but were tested for a while. We know a lot.",en,1,0,2,0,95,"<a href=""http://twitter.com/download/android"" rel=""nofollow"">Twitter for Android</a>",https://x.com/Claudius3600/status/1675587057131872258,False,True,2026-04-08T22:30:20.160672+00:00
1675285713435099137,mounjaro_weight,mounjaro,weight,2023-07-01T23:30:14+00:00,BobakMoazzami,Bobak Moazzami,"@JoeyMannarinoUS There is a medication called Ozempic that is used for patients with diabetes. But, it can also cause a significant weight loss in individuals. Another promising drug is Mounjaro, which has the potential to lead to weight reductions of up to 20-30 pounds.",en,0,0,0,0,186,"<a href=""http://twitter.com/download/iphone"" rel=""nofollow"">Twitter for iPhone</a>",https://x.com/BobakMoazzami/status/1675285713435099137,False,True,2026-04-08T22:30:20.160672+00:00
1675209378369093632,mounjaro_weight,mounjaro,weight,2023-07-01T18:26:54+00:00,justMikeyRN,Mikey Alday,"@kc13_matt @EvidenceOpen Been doing the same with Mounjaro. Went from - 7.8 to a 5.7 and down 17 lbs in 3 months. Why can’t T1Ds be afforded the same global symptom treatment approach as T2Ds. Sure we need insulin, but maybe we don’t need as much.",en,0,0,0,0,177,"<a href=""http://twitter.com/download/iphone"" rel=""nofollow"">Twitter for iPhone</a>",https://x.com/justMikeyRN/status/1675209378369093632,False,False,2026-04-08T22:30:20.160672+00:00
1675172581698068483,mounjaro_weight,mounjaro,weight,2023-07-01T16:00:41+00:00,inukzand,Inuk Zandvakili MD PhD,"@exfatloss @jareddashevsky That's completely incorrect. For instance, see ""Tirzepatide Reduces Appetite, Energy Intake, and Fat Mass in People With Type 2 Diabetes"" https://t.co/Y3Mz2MOVGF https://t.co/UruaXsvizJ",en,2,0,1,0,100,"<a href=""https://mobile.twitter.com"" rel=""nofollow"">Twitter Web App</a>",https://x.com/inukzand/status/1675172581698068483,False,True,2026-04-08T22:30:20.160672+00:00
1675091793212321792,mounjaro_weight,mounjaro,weight,2023-07-01T10:39:39+00:00,CDGoble,Clark Goble,Been on #Mounjaro for my Type 2 Diabetes for 5 months. A1C has dropped to 5.2 and I’ve lost 52 lbs. All blood tests came back good. Couple this medicine with a healthy diet and exercise and it is a game changer.,en,0,0,1,0,206,"<a href=""http://twitter.com/download/iphone"" rel=""nofollow"">Twitter for iPhone</a>",https://x.com/CDGoble/status/1675091793212321792,False,False,2026-04-08T22:30:20.161668+00:00
1677272357218447360,mounjaro_weight,mounjaro,weight,2023-07-07T11:04:26+00:00,PnutButterKidSF,Scott Fuller,"@hari Saw your interview with Dr.Stanford. I have been diabetic for 18 years. March ‘22 I weighed 251 and my A1C was 11. Lost a few pounds, but a year ago got put on Mounjaro. Weighed 192 yesterday, and my last three A1C results are 5.7, 5.2, and 5.5.  Been truly life-changing.",en,0,0,0,0,172,"<a href=""http://twitter.com/download/iphone"" rel=""nofollow"">Twitter for iPhone</a>",https://x.com/PnutButterKidSF/status/1677272357218447360,False,False,2026-04-08T22:30:20.161668+00:00
1740414874927120811,mounjaro_weight,mounjaro,weight,2023-12-28T16:50:16+00:00,CompleteHWTX,Complete Wellness,"Tirzepatide's dual-action mechanism suppresses appetite and accelerates weight reduction, all while improving insulin sensitivity and lipid metabolism. Your path to a healthier, leaner you starts here! 

Visit https://t.co/uqODFrC0tC to learn more. https://t.co/nLTgEIdBhW",en,0,0,0,0,21,"<a href=""https://www.hootsuite.com"" rel=""nofollow"">Hootsuite Inc.</a>",https://x.com/CompleteHWTX/status/1740414874927120811,False,False,2026-04-08T22:30:21.599331+00:00
