id,query_label,drug,query_type,date,username,display_name,content,language,reply_count,retweet_count,like_count,quote_count,view_count,source,url,is_retweet,is_reply,scraped_at
1607944826816991233,mounjaro_weight,mounjaro,weight,2022-12-28T03:41:35+00:00,JustJewels93,Just Julie,"40 lbs down on Mounjaro since August 4th! Taking 10mg. Nauseous for the first two days after injection but fine since. Total weight lost since my highest in 2018 is 70lbs. Eating high protein (&gt;100g), mod carb (&gt;80g), lower fat (&gt; 70g). Weight loss has been easy w/Mounjaro.",en,1,0,8,0,1688,"<a href=""http://twitter.com/download/iphone"" rel=""nofollow"">Twitter for iPhone</a>",https://x.com/JustJewels93/status/1607944826816991233,False,False,2026-04-08T19:59:45.862950+00:00
1607540791966334977,mounjaro_weight,mounjaro,weight,2022-12-27T00:56:06+00:00,AnneIsLosingIt,Anne-Elizabeth,"Just completed my 19th week on #Mounjaro and I’m down 43.3 lbs. I’m hoping I’ll be able to continue using this life-changing medication, but am having difficulty getting my scrip filled due to shortages.",en,1,0,4,0,1537,"<a href=""http://twitter.com/download/iphone"" rel=""nofollow"">Twitter for iPhone</a>",https://x.com/AnneIsLosingIt/status/1607540791966334977,False,False,2026-04-08T19:59:45.862950+00:00
1607470078471340033,mounjaro_weight,mounjaro,weight,2022-12-26T20:15:06+00:00,lblee58,Larry Lee,"#MondayMotivaton I’m down 29 lbs in the past 8 weeks. This Mounjaro is an outstanding medication, it has my A1C down to 5.5 which would be indicative of someone without diabetes. It also curbs my appetite, my daily intake is between 1400 - 2000 calories 😁",en,1,0,14,0,842,"<a href=""http://twitter.com/#!/download/ipad"" rel=""nofollow"">Twitter for iPad</a>",https://x.com/lblee58/status/1607470078471340033,False,False,2026-04-08T19:59:45.863945+00:00
1607228853717536774,mounjaro_weight,mounjaro,weight,2022-12-26T04:16:34+00:00,BartlebyX,Bartleby the Scrivener,"@Wordsmith_Josh If you can get it, try Mounjaro!  It's dropped my A1C by about 3 points and I've lost ~45 pounds on it!

There's a coupon that makes it $25 a month.",en,1,0,0,0,243,"<a href=""http://twitter.com/download/android"" rel=""nofollow"">Twitter for Android</a>",https://x.com/BartlebyX/status/1607228853717536774,False,False,2026-04-08T19:59:45.863945+00:00
1606677817890045954,mounjaro_weight,mounjaro,weight,2022-12-24T15:46:57+00:00,PRlNCESSKlNK,kayden,im pre diabetic and im on mounjaro to prevent me from getting diabetic. and as provider you should understand that weight loss = preventing future diabetic cases. ignorant as hell. ive lost 30 lbs bc my pcos makes it harder to lose weight. this is what medicine should be.,en,2,1,11,0,2120,"<a href=""http://twitter.com/download/iphone"" rel=""nofollow"">Twitter for iPhone</a>",https://x.com/PRlNCESSKlNK/status/1606677817890045954,False,False,2026-04-08T19:59:45.863945+00:00
1606525609382973440,mounjaro_weight,mounjaro,weight,2022-12-24T05:42:07+00:00,RealSpookyStuff,skeleton foxboy,@marquisele my gyno recommended I ask my doctor for mounjaro bc im prediabetic and insurance wouldn't approve my tubal ligation unless i lost weight 😬,en,1,0,3,0,1456,"<a href=""http://twitter.com/download/android"" rel=""nofollow"">Twitter for Android</a>",https://x.com/RealSpookyStuff/status/1606525609382973440,False,True,2026-04-08T19:59:45.863945+00:00
1606417452984041472,mounjaro_weight,mounjaro,weight,2022-12-23T22:32:21+00:00,AnneIsLosingIt,Anne-Elizabeth,"@NeilFlochMD @pspoutz I have a family history of type 2 diabetes, have a BMI in the obese range, have lost 41 lbs on #mounjaro since August, but my insurance company apparently wants me to get diabetes before they’ll approve any medications to mitigate my risk of developing it. Makes. No. Sense.",en,1,0,1,0,217,"<a href=""http://twitter.com/#!/download/ipad"" rel=""nofollow"">Twitter for iPad</a>",https://x.com/AnneIsLosingIt/status/1606417452984041472,False,True,2026-04-08T19:59:45.863945+00:00
1606406834998452254,mounjaro_weight,mounjaro,weight,2022-12-23T21:50:09+00:00,GeneticLiteracy,Genetic Literacy Project,"People who took Tirzepatide (a drug) lost up to 22% of their body weight and achieved far greater weight loss on average than the placebo group.
@Gizmodo
 https://t.co/AzzE4cjtZ9",en,0,1,1,0,556,"<a href=""http://erased6644614_QyctI2jsZ5.com"" rel=""nofollow"">erased6644614_QyctI2jsZ5</a>",https://x.com/GeneticLiteracy/status/1606406834998452254,False,False,2026-04-08T19:59:45.863945+00:00
1606398004037943296,mounjaro_weight,mounjaro,weight,2022-12-23T21:15:04+00:00,Bunfolkss,Vince,"@NotRedcherry5 Oh, the reason people are doing this specifically is because insulin pens like ozempic and mounjaro decrease your appetite to help with blood sugar regulation",en,0,0,2,0,69,"<a href=""http://twitter.com/download/iphone"" rel=""nofollow"">Twitter for iPhone</a>",https://x.com/Bunfolkss/status/1606398004037943296,False,True,2026-04-08T19:59:45.863945+00:00
1606089409291374592,mounjaro_weight,mounjaro,weight,2022-12-23T00:48:49+00:00,Tellit007,Tellit Likeitis,@liviadrusilla90 @DrNadolsky No hype. 32lbs lost in 4 months and counting on Tirzepatide. Fixes obesity for as long as you take med. Not unlike how statins can fix high ldl-c and bp lowering meds fix bp for those where genetics or other circumstances prevent lifestyle changes from doing the trick sustainably,en,1,0,0,0,60,"<a href=""http://twitter.com/download/android"" rel=""nofollow"">Twitter for Android</a>",https://x.com/Tellit007/status/1606089409291374592,False,True,2026-04-08T19:59:45.864945+00:00
1606070120190713857,mounjaro_weight,mounjaro,weight,2022-12-22T23:32:10+00:00,Tellit007,Tellit Likeitis,@SummerDietitian I only have one rule: take weekly dose of Tirzepatide 🤣 Takes care of most appetite / temptation issues and makes eating healthy super easy. After excellent advice from a dietitian of course! 😉,en,0,0,0,0,54,"<a href=""http://twitter.com/download/android"" rel=""nofollow"">Twitter for Android</a>",https://x.com/Tellit007/status/1606070120190713857,False,True,2026-04-08T19:59:45.864945+00:00
1605212051814612993,mounjaro_weight,mounjaro,weight,2022-12-20T14:42:31+00:00,cigarmike,cigarmike,"@JessicaKTx I am on Mounjaro. I am T2D and that's why Doc prescribed it for me, with weight loss as a positive side effect. It functions as a appetite suppressor, among other things. I'm just never hungry and things taste funny that I used to eat a lot of.",en,1,0,0,0,185,"<a href=""https://mobile.twitter.com"" rel=""nofollow"">Twitter Web App</a>",https://x.com/cigarmike/status/1605212051814612993,False,False,2026-04-08T19:59:45.879893+00:00
1604533057494855682,mounjaro_weight,mounjaro,weight,2022-12-18T17:44:26+00:00,JustJewels93,Just Julie,Down 37 lbs on Mounjaro and finishing up the 7.5mg injection. Moving to 10mg on Thursday because 7.5mg is so hard to get. Hoping for minimal nausea. I may be a lifer on this type of med to not be obese. Don’t care. It’s worth it.,en,4,0,9,0,2559,"<a href=""http://twitter.com/download/iphone"" rel=""nofollow"">Twitter for iPhone</a>",https://x.com/JustJewels93/status/1604533057494855682,False,False,2026-04-08T19:59:45.879893+00:00
1604273092477460480,mounjaro_weight,mounjaro,weight,2022-12-18T00:31:25+00:00,Bonks_n_Stonks,Bonks,@David_Tracey Mounjaro works great with appetite control. Mimics intestinal hormones. But honestly single arm deadlifts and overloading my nervous system to failure has been far more effective with blood sugar control than any overpriced pharmaceutical I've taken.,en,1,0,1,0,196,"<a href=""http://twitter.com/download/android"" rel=""nofollow"">Twitter for Android</a>",https://x.com/Bonks_n_Stonks/status/1604273092477460480,False,True,2026-04-08T19:59:45.894844+00:00
1604239450296311808,mounjaro_weight,mounjaro,weight,2022-12-17T22:17:44+00:00,donjazz45man,Haydo,@DJJazzyJody If you are looking for more weight loss benefit keep Mounjaro in mind. Expensive now but in the future …. Helped some of my patients lose over 20 lbs in a short time,en,1,0,0,0,209,"<a href=""http://twitter.com/download/iphone"" rel=""nofollow"">Twitter for iPhone</a>",https://x.com/donjazz45man/status/1604239450296311808,False,True,2026-04-08T19:59:45.894844+00:00
1604161160483409920,mounjaro_weight,mounjaro,weight,2022-12-17T17:06:39+00:00,cigarmike,cigarmike,5 week Mounjaro update. I’m down 28 lbs. 🥳 #HeadingToSkinnyTown,en,1,0,12,0,604,"<a href=""http://twitter.com/download/iphone"" rel=""nofollow"">Twitter for iPhone</a>",https://x.com/cigarmike/status/1604161160483409920,False,False,2026-04-08T19:59:45.894844+00:00
1603793349789585413,mounjaro_weight,mounjaro,weight,2022-12-16T16:45:06+00:00,Tellit007,Tellit Likeitis,"@ClausCarlsen1 @Carnket Weight has been a roller coaster all my life on all types of diets. Always regained. This time, I have lost 32 lbs since August using Mounjaro and staying steady. Love it. BP down and food is no longer a temptation or struggle. I never felt better and all my numbers are great.",en,0,0,0,0,149,"<a href=""http://twitter.com/download/android"" rel=""nofollow"">Twitter for Android</a>",https://x.com/Tellit007/status/1603793349789585413,False,True,2026-04-08T19:59:46.815909+00:00
1603384741021065218,mounjaro_weight,mounjaro,weight,2022-12-15T13:41:26+00:00,iMSewKodak,Formally iKodak87 🫶🏾🩷,I’m 2.4 lbs down in a week on Mounjaro.,en,0,0,2,0,,"<a href=""http://twitter.com/download/iphone"" rel=""nofollow"">Twitter for iPhone</a>",https://x.com/iMSewKodak/status/1603384741021065218,False,False,2026-04-08T19:59:46.816906+00:00
1603198344091865090,mounjaro_weight,mounjaro,weight,2022-12-15T01:20:45+00:00,Terry76230064,Terry,"@Msoleil1992 Talk to your doctor and see if they will put you on Mounjaro. It will curve your appetite, control food cravings all together, and when you are hungry it won’t let you over eat. (I have that problem) lol.",en,0,0,0,0,,"<a href=""http://twitter.com/download/iphone"" rel=""nofollow"">Twitter for iPhone</a>",https://x.com/Terry76230064/status/1603198344091865090,False,True,2026-04-08T19:59:46.816906+00:00
1603039017922355200,mounjaro_weight,mounjaro,weight,2022-12-14T14:47:39+00:00,ri_tis,Dimitris Papamargaritis,"@MichaelAlbertMD There are multiple theories, but indeed GIP infusion in humans in combination with GLP-1 did not lead to reduction in appetite or improvements in glycaemia (in T2DM). Tirzepatide likely leads to biased agonism to GLP-1 receptors",en,0,0,1,0,,"<a href=""http://twitter.com/download/android"" rel=""nofollow"">Twitter for Android</a>",https://x.com/ri_tis/status/1603039017922355200,False,True,2026-04-08T19:59:46.816906+00:00
1602818724821667840,mounjaro_weight,mounjaro,weight,2022-12-14T00:12:17+00:00,crkelle,Corey Keller,I've lost 15 lbs since July. 10 of them in the last 2 weeks. I'm using @Mounjaro. I started with @ozempic but shortages forced me to switch to @trulicity which wasn't as effective. All worked well. My A1C had dropped with those two by a point. But @mounjato is just better.,en,0,0,0,0,,"<a href=""http://twitter.com/download/android"" rel=""nofollow"">Twitter for Android</a>",https://x.com/crkelle/status/1602818724821667840,False,False,2026-04-08T19:59:46.816906+00:00
1602713378954547202,mounjaro_weight,mounjaro,weight,2022-12-13T17:13:41+00:00,DanielJDrucker,Daniel J Drucker,"@LillyPad highlights success of Tirzepatide and pipeline progress including expected initiation of Phase 3 clinical trials in 2023 for retatrutide (GGG tri-agonist) in #obesity and orforglipron (oral GLP-1 NPA) in type 2 #diabetes and obesity, https://t.co/Mq3gnXcXo1",en,1,2,13,0,,"<a href=""http://twitter.com/#!/download/ipad"" rel=""nofollow"">Twitter for iPad</a>",https://x.com/DanielJDrucker/status/1602713378954547202,False,False,2026-04-08T19:59:46.816906+00:00
1602691711616299009,mounjaro_weight,mounjaro,weight,2022-12-13T15:47:35+00:00,maulruaidh,Wendi O’Maulruaidh,So HCQ and IVM was effective off label use but many lost their jobs to giving it.  Off label.  Now I need ozempic or Mounjaro for Diabetes and can’t get it .  Why?  Off label use for weight loss.  Us diabetics are fucked,en,1,0,0,0,,"<a href=""http://twitter.com/download/iphone"" rel=""nofollow"">Twitter for iPhone</a>",https://x.com/maulruaidh/status/1602691711616299009,False,False,2026-04-08T19:59:46.816906+00:00
1602446921146171393,mounjaro_weight,mounjaro,weight,2022-12-12T23:34:52+00:00,9_News_Nancy_,𝕏NANCY𝕏,"@Gitmo99 @AMErikaNGIRLLL Project Veritas retrieved these leaked DARPA documents.

This information was kept on a secret jump drive away from Trump in order to push the 💉.

You can’t get an EUA approved if there is a known curative. So big techs canceled anyone who talked about early treatment or meds. https://t.co/tHEAHakWu6",en,21,290,398,30,,"<a href=""http://twitter.com/#!/download/ipad"" rel=""nofollow"">Twitter for iPad</a>",https://x.com/9_News_Nancy_/status/1602446921146171393,False,True,2026-04-08T19:59:46.816906+00:00
1602674064153350146,mounjaro_weight,mounjaro,weight,2022-12-13T14:37:27+00:00,AlilDeb_WillDo,♡ Borah-Borah ♡,"Honey I know it’s shot day cuz the way this appetite done stirred uppppp.. I cannottt 

#Mounjaro",en,0,0,1,0,,"<a href=""http://twitter.com/download/iphone"" rel=""nofollow"">Twitter for iPhone</a>",https://x.com/AlilDeb_WillDo/status/1602674064153350146,False,False,2026-04-08T19:59:46.816906+00:00
1602362605150306304,mounjaro_weight,mounjaro,weight,2022-12-12T17:59:50+00:00,fafo729,ymereJ,@jacobbrody Awesome! Started Wegove in June and switched to Mounjaro in July. Started at 295. Down 76 lbs. Blood labs comparisons are crazy improved. Blood pressure perfect. Feel great!,en,0,0,0,0,,"<a href=""http://twitter.com/download/iphone"" rel=""nofollow"">Twitter for iPhone</a>",https://x.com/fafo729/status/1602362605150306304,False,True,2026-04-08T19:59:46.817902+00:00
1602307174293716992,mounjaro_weight,mounjaro,weight,2022-12-12T14:19:34+00:00,HouseBoatDoc,HouseBoatDoc 🇺🇦 🇮🇱 🇨🇦,"@provuejim @EricTopol It's fantastic that you're using a CGM.

Maybe if you were on a low carb diet, you would have lost weight, probably be off your insulin &amp; HTN meds and not spending $ on Mounjaro. Do both.

Watch this YT talk Dr Unwin a GP from UK about diet &amp; diabetes.

https://t.co/oUuqFk93sR",en,0,0,0,0,,"<a href=""https://mobile.twitter.com"" rel=""nofollow"">Twitter Web App</a>",https://x.com/HouseBoatDoc/status/1602307174293716992,False,True,2026-04-08T19:59:46.817902+00:00
1602161511165820929,mounjaro_weight,mounjaro,weight,2022-12-12T04:40:45+00:00,lifeoftortiz,Tiffany 🖤🖤,"1 month on #mounjaro. It's not a crazy transformation, but it's real! Down 8.6 lbs, and 12ish inches. Blood sugar and blood pressure are lowering 🙌🏻 more energy &amp; feeling better!

#mounjaroweightloss #transformation #healthjourney https://t.co/NglvQX89UU",en,2,0,4,0,,"<a href=""http://twitter.com/download/android"" rel=""nofollow"">Twitter for Android</a>",https://x.com/lifeoftortiz/status/1602161511165820929,False,False,2026-04-08T19:59:46.817902+00:00
1602122967873372161,mounjaro_weight,mounjaro,weight,2022-12-12T02:07:36+00:00,fanofkittycats,lemme go to themyscira🏳️‍🌈✡️♿️,Inmay be sick and nauseas on this medication #mounjaro but if the scale is telling me that I lost 9lbs in two weeks I’ll take it.,en,0,0,1,0,,"<a href=""http://twitter.com/download/iphone"" rel=""nofollow"">Twitter for iPhone</a>",https://x.com/fanofkittycats/status/1602122967873372161,False,False,2026-04-08T19:59:46.817902+00:00
1601877346398736384,mounjaro_weight,mounjaro,weight,2022-12-11T09:51:35+00:00,lblee58,Larry Lee,#SundayMotivation Last night I did something for the first time in my adult life. I came home with a doggy bag from a steak restaurant (@SaltgrassSteak). The steak/baked sweet potato was cooked to perfection. The Mounjaro has drastically reduced my appetite and shrunk my stomach,en,0,0,3,0,,"<a href=""http://twitter.com/#!/download/ipad"" rel=""nofollow"">Twitter for iPad</a>",https://x.com/lblee58/status/1601877346398736384,False,False,2026-04-08T19:59:46.817902+00:00
1601827192694099968,mounjaro_weight,mounjaro,weight,2022-12-11T06:32:17+00:00,TheBossWife45,Deosha Singleton Ford,"Has anyone used or is using Mounjaro? If so, how has your experience been? Did you experience side affects? Did it help with you diabetes and/or high blood pressure? Have you lost weight &amp; if so how much?",en,0,0,1,0,,"<a href=""http://twitter.com/download/android"" rel=""nofollow"">Twitter for Android</a>",https://x.com/TheBossWife45/status/1601827192694099968,False,False,2026-04-08T19:59:46.817902+00:00
1601625738733846528,mounjaro_weight,mounjaro,weight,2022-12-10T17:11:47+00:00,CathyBrownHahn,Cathy Brown Hahn,24 pounds and counting! #Mounjaro,en,0,0,3,0,,"<a href=""http://twitter.com/download/iphone"" rel=""nofollow"">Twitter for iPhone</a>",https://x.com/CathyBrownHahn/status/1601625738733846528,False,False,2026-04-08T19:59:46.817902+00:00
1601332271369576448,mounjaro_weight,mounjaro,weight,2022-12-09T21:45:39+00:00,jacobbrody,Jacob Brody,"I just picked up my Mounjaro prescription, which has helped me lose 18 pounds in 6 weeks and gotten my blood glucose in control. 

No Hollywood celebrities were deprived of their meds as a result.",en,5,1,24,1,,"<a href=""http://twitter.com/download/iphone"" rel=""nofollow"">Twitter for iPhone</a>",https://x.com/jacobbrody/status/1601332271369576448,False,False,2026-04-08T19:59:46.817902+00:00
1601260530512982016,mounjaro_weight,mounjaro,weight,2022-12-09T17:00:35+00:00,CoinWendy,🟢Wendycoin,"@LayahHeilpern Mounjaro is the key to Obesity-  I lost 50 LBS with little effort in 4 months.  Controls blood sugar, keeps you full, and helps with cravings.  It is a game changer and when approved for weight loss will be the nxt Amazon",en,0,0,4,0,,"<a href=""https://mobile.twitter.com"" rel=""nofollow"">Twitter Web App</a>",https://x.com/CoinWendy/status/1601260530512982016,False,True,2026-04-08T19:59:46.817902+00:00
1600847668036907009,mounjaro_weight,mounjaro,weight,2022-12-08T13:40:01+00:00,windowguy11z,WindowGuy,Mounjaro is tough get but damn.  Tomorrow is 4 weeks and down 19 lbs already.,en,1,0,1,0,,"<a href=""http://twitter.com/download/iphone"" rel=""nofollow"">Twitter for iPhone</a>",https://x.com/windowguy11z/status/1600847668036907009,False,False,2026-04-08T19:59:46.817902+00:00
1600486550399324160,mounjaro_weight,mounjaro,weight,2022-12-07T13:45:03+00:00,newscentermaine,NEWS CENTER Maine,Ozempic and Mounjaro are used to treat Type 2 diabetes. They're also being used by celebrities and influencers who want to suppress their appetite. https://t.co/8pxMdamjZ8,en,0,0,0,2,,"<a href=""http://www.socialnewsdesk.com"" rel=""nofollow"">SocialNewsDesk</a>",https://x.com/newscentermaine/status/1600486550399324160,False,False,2026-04-08T19:59:47.857920+00:00
1600454823974866944,mounjaro_weight,mounjaro,weight,2022-12-07T11:38:59+00:00,angelinvestbos,AngelInvestBoston,Eli Lilly’s GLP-1 agonist sold as Mounjaro is in high demand as a weight loss drug. Not something I’d use or recommend but some people with obesity seem to find it helpful in suppressing appetite.,en,0,0,1,0,,"<a href=""http://twitter.com/download/iphone"" rel=""nofollow"">Twitter for iPhone</a>",https://x.com/angelinvestbos/status/1600454823974866944,False,False,2026-04-08T19:59:47.857920+00:00
1600452781147463682,mounjaro_weight,mounjaro,weight,2022-12-07T11:30:52+00:00,SalehDaher,Saleh Daher,"Eli Lilly tightens access to diabetes drug, frustrating some people with obesity https://t.co/iZ1vlWbu2l via @statnews",en,0,0,2,1,,"<a href=""http://twitter.com/download/iphone"" rel=""nofollow"">Twitter for iPhone</a>",https://x.com/SalehDaher/status/1600452781147463682,False,False,2026-04-08T19:59:47.857920+00:00
1600384628958846980,mounjaro_weight,mounjaro,weight,2022-12-07T07:00:03+00:00,wfaa,WFAA,Ozempic and Mounjaro are used to treat Type 2 diabetes. They're also being used by celebrities and influencers who want to suppress their appetite. https://t.co/WwPQARSKLJ,en,2,2,7,0,,"<a href=""http://www.socialnewsdesk.com"" rel=""nofollow"">SocialNewsDesk</a>",https://x.com/wfaa/status/1600384628958846980,False,False,2026-04-08T19:59:47.857920+00:00
1600373295030730753,mounjaro_weight,mounjaro,weight,2022-12-07T06:15:01+00:00,Killergumby,Killergumby,@DoctorTro @KenDBerryMD Made my change when I quit looking to the doctor to be the control and me being the results. Now I am the control and the doctor gets the results. If that makes sense. Lost 80 pounds and have greatly reduced my diabetes issues. Type 2. On mounjaro.,en,0,0,4,0,,"<a href=""http://twitter.com/download/android"" rel=""nofollow"">Twitter for Android</a>",https://x.com/Killergumby/status/1600373295030730753,False,True,2026-04-08T19:59:47.858918+00:00
1600339334695211010,mounjaro_weight,mounjaro,weight,2022-12-07T04:00:04+00:00,THV11,THV11,Ozempic and Mounjaro are used to treat Type 2 diabetes. They're also being used by celebrities and influencers who want to suppress their appetite. https://t.co/3tIMqMi0FC,en,1,1,0,0,,"<a href=""http://www.socialnewsdesk.com"" rel=""nofollow"">SocialNewsDesk</a>",https://x.com/THV11/status/1600339334695211010,False,False,2026-04-08T19:59:47.858918+00:00
1600218540950306817,mounjaro_weight,mounjaro,weight,2022-12-06T20:00:05+00:00,KVUE,KVUE News,Ozempic and Mounjaro are used to treat Type 2 diabetes. They're also being used by celebrities and influencers who want to suppress their appetite  https://t.co/sZlG9aeWiV,en,0,1,0,0,,"<a href=""http://www.socialnewsdesk.com"" rel=""nofollow"">SocialNewsDesk</a>",https://x.com/KVUE/status/1600218540950306817,False,False,2026-04-08T19:59:47.858918+00:00
1600141282592296960,mounjaro_weight,mounjaro,weight,2022-12-06T14:53:05+00:00,canotechris,C Rev,I am 5 weekly doses in (31 days) on #Mounjaro combined with #Keto and #IntermittentFasting and I am seeing the lowest blood sugars I have seen in 5+ years!  AND I am down 20 lbs!  Praise the Lord!,en,0,0,2,0,,"<a href=""http://twitter.com/#!/download/ipad"" rel=""nofollow"">Twitter for iPad</a>",https://x.com/canotechris/status/1600141282592296960,False,False,2026-04-08T19:59:47.858918+00:00
1600097749957054464,mounjaro_weight,mounjaro,weight,2022-12-06T12:00:06+00:00,KENS5,KENS 5,"Ozempic and Mounjaro are used to treat Type 2 diabetes. 

They're also being used by celebrities and influencers who want to suppress their appetite, and that trend is being blamed for a shortage in the medication.
 https://t.co/ZJAhE2aCnc",en,0,0,0,0,,"<a href=""http://www.socialnewsdesk.com"" rel=""nofollow"">SocialNewsDesk</a>",https://x.com/KENS5/status/1600097749957054464,False,False,2026-04-08T19:59:47.858918+00:00
1600082634696278016,mounjaro_weight,mounjaro,weight,2022-12-06T11:00:02+00:00,WHAS11,WHAS11 News,Ozempic and Mounjaro are used to treat Type 2 diabetes. They're also being used by celebrities and influencers who want to suppress their appetite. https://t.co/7w47qZeDFE,en,0,0,0,0,,"<a href=""http://www.socialnewsdesk.com"" rel=""nofollow"">SocialNewsDesk</a>",https://x.com/WHAS11/status/1600082634696278016,False,False,2026-04-08T19:59:47.858918+00:00
1599991775816474624,mounjaro_weight,mounjaro,weight,2022-12-06T04:59:00+00:00,KENS5,KENS 5,"Ozempic and Mounjaro are used to treat Type 2 diabetes. 

They're also being used by celebrities and influencers who want to suppress their appetite, and that trend is being blamed for a shortage in the medication. https://t.co/ZJAhE2aCnc",en,0,2,1,0,,"<a href=""http://www.socialnewsdesk.com"" rel=""nofollow"">SocialNewsDesk</a>",https://x.com/KENS5/status/1599991775816474624,False,False,2026-04-08T19:59:47.858918+00:00
1599942296904298498,mounjaro_weight,mounjaro,weight,2022-12-06T01:42:23+00:00,kane_daniel,Daniel Kane,@AviBittMD An amazing drug that has materially changed my life in only 3 months. Reduced my diabetic meds by 2/3 and dropped 30 lbs and counting. I take Mounjaro.,en,0,0,3,0,,"<a href=""http://twitter.com/download/android"" rel=""nofollow"">Twitter for Android</a>",https://x.com/kane_daniel/status/1599942296904298498,False,True,2026-04-08T19:59:47.859916+00:00
1599546429760221184,mounjaro_weight,mounjaro,weight,2022-12-04T23:29:21+00:00,RealSpookyStuff,skeleton foxboy,my new gyno recommended i ask my pcp to go on mounjaro so I can drop pounds so insurance would approve my surgery so like. this is real. this is real people being prescribed this shit for weight loss and now there's consequences,en,0,0,1,0,,"<a href=""http://twitter.com/download/android"" rel=""nofollow"">Twitter for Android</a>",https://x.com/RealSpookyStuff/status/1599546429760221184,False,False,2026-04-08T19:59:47.859916+00:00
1599225222695047174,mounjaro_weight,mounjaro,weight,2022-12-04T02:12:59+00:00,cigarmike,cigarmike,I’m down 22 lbs in 3 weeks. #Mounjaro,en,6,0,65,0,,"<a href=""http://twitter.com/download/iphone"" rel=""nofollow"">Twitter for iPhone</a>",https://x.com/cigarmike/status/1599225222695047174,False,False,2026-04-08T19:59:47.859916+00:00
1598776690968301573,mounjaro_weight,mounjaro,weight,2022-12-02T20:30:41+00:00,ClanKirkpatrick,Jesse Kirkpatrick,@MichaelAlbertMD Been on Mounjaro since July and lost 40 lbs. I'm sure my high cholesterol and triglycerides are better now too.  Now Lilly seems to be requiring a T2D dx to use the manufacturer coupon and my insurance doesn't cover weight loss. I am crushed.,en,1,0,0,0,,"<a href=""http://twitter.com/download/android"" rel=""nofollow"">Twitter for Android</a>",https://x.com/ClanKirkpatrick/status/1598776690968301573,False,True,2026-04-08T19:59:47.859916+00:00
1598733352172892160,mounjaro_weight,mounjaro,weight,2022-12-02T17:38:28+00:00,AnneIsLosingIt,Anne-Elizabeth,@MichaelAlbertMD I’m 62 and have been on Tirzepatide since Aug 15. Down close to 37 lbs. My goal weight is about 20 lbs more than what I weighed at HS graduation. (I’m 5’ 7”) https://t.co/vQgWPUnmQa,en,0,0,1,0,,"<a href=""http://twitter.com/#!/download/ipad"" rel=""nofollow"">Twitter for iPad</a>",https://x.com/AnneIsLosingIt/status/1598733352172892160,False,True,2026-04-08T19:59:47.860916+00:00
1598538067186700288,mounjaro_weight,mounjaro,weight,2022-12-02T04:42:29+00:00,JustJewels93,Just Julie,Another week of Mounjaro. I took my 2nd shot of 7.5mg. Disappointed that I didn’t lose any weight this week but not super worried about it. No real nausea. Some appetite suppression. Eating around 1200 calories a day (to satiety). Feeling good!,en,2,0,4,0,,"<a href=""http://twitter.com/download/iphone"" rel=""nofollow"">Twitter for iPhone</a>",https://x.com/JustJewels93/status/1598538067186700288,False,False,2026-04-08T19:59:47.860916+00:00
1598513107449442305,mounjaro_weight,mounjaro,weight,2022-12-02T03:03:18+00:00,MarvelousCloud,The Marvelous Cloud 🌩️ (she/her),Where do you find inexpensive winter jackets and pants? I'm currently losing 2 lbs per week with the Mounjaro and I don't want to pay a lot for a coat when I'll just have to buy another one next year.,en,8,0,3,0,,"<a href=""http://twitter.com/download/android"" rel=""nofollow"">Twitter for Android</a>",https://x.com/MarvelousCloud/status/1598513107449442305,False,False,2026-04-08T19:59:47.860916+00:00
1598154650108456962,mounjaro_weight,mounjaro,weight,2022-12-01T03:18:55+00:00,_shoobedoop,Shoo Be Doop,@CBSNews I’ve lost almost 50 lbs taking mounjaro. It’s definitely not just a diabetes medicine. It cut off my stomach from my brain thinking that I always needed food whenever I saw it. Now I can cook a meal for my family and not have a desire to eat it and overeat like I used to.,en,0,0,7,0,,"<a href=""http://twitter.com/download/iphone"" rel=""nofollow"">Twitter for iPhone</a>",https://x.com/_shoobedoop/status/1598154650108456962,False,True,2026-04-08T19:59:47.860916+00:00
1598825230444683269,mounjaro_weight,mounjaro,weight,2022-12-02T23:43:34+00:00,txvoodoo,Lisa Rowe 🏳️‍🌈💖💜💙,"I am not able to get my once-a-week diabetic medication, Trulicity. It is backordered in warehouses EVERYWHERE, as is Ozempic.

Why? B/c they're now being used for weight loss. Avg weight loss is 14 lbs on these drugs. 

14 lbs vs Rx ppl need to survive.",en,28,773,3475,139,,"<a href=""https://about.twitter.com/products/tweetdeck"" rel=""nofollow"">TweetDeck</a>",https://x.com/txvoodoo/status/1598825230444683269,False,False,2026-04-08T19:59:47.860916+00:00
1597803251176333313,mounjaro_weight,mounjaro,weight,2022-11-30T04:02:35+00:00,gobucs517,Gators #1,"@DoctorJanette My Dr put me on mounjaro. I don’t diabetes but could stand to lose 25 lbs. I took the weekly shots. I have side effects that are relatively minor and have lost 8 lbs in 4 weeks. Is this something that makes sense? Oh, my insurance doesn’t cover it.",en,0,0,0,0,,"<a href=""http://twitter.com/#!/download/ipad"" rel=""nofollow"">Twitter for iPad</a>",https://x.com/gobucs517/status/1597803251176333313,False,True,2026-04-08T19:59:48.755217+00:00
1597773097499004929,mounjaro_weight,mounjaro,weight,2022-11-30T02:02:46+00:00,AnneIsLosingIt,Anne-Elizabeth,@HoorayItsJ @joinsequence Good for you! I’ve been on Mounjaro for 15 weeks and have lost close to 40 lbs.,en,0,0,1,0,,"<a href=""http://twitter.com/#!/download/ipad"" rel=""nofollow"">Twitter for iPad</a>",https://x.com/AnneIsLosingIt/status/1597773097499004929,False,True,2026-04-08T19:59:48.755217+00:00
1597772373289074688,mounjaro_weight,mounjaro,weight,2022-11-30T01:59:53+00:00,AnneIsLosingIt,Anne-Elizabeth,"@Cali_Stace I’m in my 16th week on #Mounjaro and have lost close to 40 lbs. As long as you’re able to manage the side effects, it’s amazing! Not everyone gets side effects, but some of us do (indigestion for me).",en,1,0,1,0,,"<a href=""http://twitter.com/#!/download/ipad"" rel=""nofollow"">Twitter for iPad</a>",https://x.com/AnneIsLosingIt/status/1597772373289074688,False,True,2026-04-08T19:59:48.755217+00:00
1597769316673687554,mounjaro_weight,mounjaro,weight,2022-11-30T01:47:44+00:00,AnneIsLosingIt,Anne-Elizabeth,"@robertheadley I’m in my 16th week on #Mounjaro and have lost almost 40 lbs. I did one month at 2.5, two months at 5.0, one month at 7.5, and now I’m going back to 5.0 for my next month (due to shortage of 7.5 in my area) best thing I’ve ever done for myself!",en,4,0,10,0,,"<a href=""http://twitter.com/#!/download/ipad"" rel=""nofollow"">Twitter for iPad</a>",https://x.com/AnneIsLosingIt/status/1597769316673687554,False,True,2026-04-08T19:59:48.756213+00:00
1597424163240947712,mounjaro_weight,mounjaro,weight,2022-11-29T02:56:13+00:00,marthann85,Martha,"@drakesmith__ I’ve been on Mounjaro for 5 months and this cannot be further from my reality. I’ve lost 50 pounds, trained to walk a 10k, and now am working on running one. My energy is so much higher than before I started taking it and I’m no longer obsessed with food.",en,2,0,7,0,,"<a href=""http://twitter.com/download/iphone"" rel=""nofollow"">Twitter for iPhone</a>",https://x.com/marthann85/status/1597424163240947712,False,True,2026-04-08T19:59:48.756213+00:00
1597248971688538118,mounjaro_weight,mounjaro,weight,2022-11-28T15:20:04+00:00,EconRsrch,Research-Junkie,"@drakesmith__ I have lost a significant amount of weight two times in my life - once through diet and exercise - lost 40 pounds and kept it off for several years.

Currently I am using Mounjaro and have lost 24 pounds total. Still in a process of losing.",en,2,0,1,0,,"<a href=""http://twitter.com/download/iphone"" rel=""nofollow"">Twitter for iPhone</a>",https://x.com/EconRsrch/status/1597248971688538118,False,True,2026-04-08T19:59:48.756213+00:00
1596946545793896448,mounjaro_weight,mounjaro,weight,2022-11-27T19:18:21+00:00,DrNadolsky,Dr. Spencer Nadolsky,@Alan_Watson_ @Tommy3plates Would be interesting to see the longer extension plus a much larger study for the diet intervention but 2 years of sema was durable to 15% bw lost! Going to be extremely hard (maybe impossible) to have any diet intervention get anywhere close to that. Not to mention tirzepatide,en,1,0,1,0,,"<a href=""https://mobile.twitter.com"" rel=""nofollow"">Twitter Web App</a>",https://x.com/DrNadolsky/status/1596946545793896448,False,True,2026-04-08T19:59:48.756213+00:00
1595799854810374144,mounjaro_weight,mounjaro,weight,2022-11-24T15:21:48+00:00,jacobbrody,Jacob Brody,"I’m thankful to have started Mounjaro four weeks ago today.
I’ve lost &gt;10 lbs and increased blood glucose time in range by 18 percentage points and getting better.
I’ve also eaten 🍕twice but only one slice each time. #t1d  Cc @BevTchangMD @DishaKumarMD @DrKarlNadolsky https://t.co/s0zRqU4MO5",en,3,2,26,0,,"<a href=""http://twitter.com/download/iphone"" rel=""nofollow"">Twitter for iPhone</a>",https://x.com/jacobbrody/status/1595799854810374144,False,False,2026-04-08T19:59:48.756213+00:00
1595787462462291969,mounjaro_weight,mounjaro,weight,2022-11-24T14:32:34+00:00,AlilDeb_WillDo,♡ Borah-Borah ♡,"I haven’t had a real appetite in some weeks so if I’m eating a full plate, “chef kiss” will have a new meaning. 

*rinses plastic containers &amp; lids*

#Mounjaro
#thiccsgiving 
#HappyThanksgiving",en,0,0,2,0,,"<a href=""http://twitter.com/download/iphone"" rel=""nofollow"">Twitter for iPhone</a>",https://x.com/AlilDeb_WillDo/status/1595787462462291969,False,False,2026-04-08T19:59:48.756213+00:00
1595249404826587136,mounjaro_weight,mounjaro,weight,2022-11-23T02:54:31+00:00,spoonfulofhan,Han 🖤,"@Manjarrez_Ruby I’ve been on Mounjaro for a month today. My sugars have been great, and I’ve lost almost 20 pounds!",en,0,0,0,0,,"<a href=""http://twitter.com/download/iphone"" rel=""nofollow"">Twitter for iPhone</a>",https://x.com/spoonfulofhan/status/1595249404826587136,False,True,2026-04-08T19:59:48.757274+00:00
1594704338340962305,mounjaro_weight,mounjaro,weight,2022-11-21T14:48:37+00:00,EconRsrch,Research-Junkie,@SpikeDna @KyleKettlerMD @TheSalonniere @mwr_dbm @ProNotCon @GidMK I’m on Mounjaro. I’ve dropped 23 pounds in 8 weeks so far.,en,1,0,3,0,,"<a href=""http://twitter.com/download/iphone"" rel=""nofollow"">Twitter for iPhone</a>",https://x.com/EconRsrch/status/1594704338340962305,False,False,2026-04-08T19:59:48.757274+00:00
1594458332198326272,mounjaro_weight,mounjaro,weight,2022-11-20T22:31:04+00:00,KyleKettlerMD,Kyle Kettler MD,@TheSalonniere @mwr_dbm @ProNotCon @SpikeDna @GidMK Tirzepatide once weekly results in 17.8% body weight reduction over placebo at highest dose. For someone who weighs 250 lbs that’s 44.5 lbs of excess weight loss over placebo https://t.co/cDAVYNpdyb,en,0,0,2,0,,"<a href=""http://twitter.com/download/iphone"" rel=""nofollow"">Twitter for iPhone</a>",https://x.com/KyleKettlerMD/status/1594458332198326272,False,True,2026-04-08T19:59:48.757274+00:00
1594116520421969920,mounjaro_weight,mounjaro,weight,2022-11-19T23:52:50+00:00,darrenc777,Big D,"@SteveWagsInvest @TheAlphaThought $LLY 
They will have possibly the best selling drug of all time Mounjaro which is already approved for Diabetes, but will be approved for weight loss in 2023. Patients that we being treated with Mounjaro for type 2 diabetes lost more than 20% body weight!!! Huge!!!",en,0,0,4,0,,"<a href=""http://twitter.com/download/android"" rel=""nofollow"">Twitter for Android</a>",https://x.com/darrenc777/status/1594116520421969920,False,True,2026-04-08T19:59:48.757274+00:00
1594070342653181952,mounjaro_weight,mounjaro,weight,2022-11-19T20:49:20+00:00,Giant_WTF,Giant G.,"@mikepompeo Deep respect for our USAREUR roots during that time. You are the best of the best. You'll do right &amp; do well. I'd like a Pompeo DeSantis  ticket. I know a Trump Pompeo ticket wins. You'll do right. You are the future big Mike. Try Mounjaro, for those last few stubborn lbs.",en,1,0,0,0,,"<a href=""http://twitter.com/download/android"" rel=""nofollow"">Twitter for Android</a>",https://x.com/Giant_WTF/status/1594070342653181952,False,True,2026-04-08T19:59:48.757274+00:00
1593844392497860609,mounjaro_weight,mounjaro,weight,2022-11-19T05:51:30+00:00,cigarmike,cigarmike,My first week on Mounjaro is in the books and I feel good. 6 pounds down. I’m excited to see where this goes. #GonnaBeSkinny,en,4,0,16,0,,"<a href=""http://twitter.com/download/iphone"" rel=""nofollow"">Twitter for iPhone</a>",https://x.com/cigarmike/status/1593844392497860609,False,False,2026-04-08T19:59:48.757274+00:00
1593357632483508225,mounjaro_weight,mounjaro,weight,2022-11-17T21:37:17+00:00,Lexilou0808081,Lexilou080808,@sincerelymalena Mounjaro has been amazing! I started it a few weeks ago and down 15 lbs. it took away all cravings to sit and snack on unhealthy food! Look it up!,en,1,0,0,0,,"<a href=""https://mobile.twitter.com"" rel=""nofollow"">Twitter Web App</a>",https://x.com/Lexilou0808081/status/1593357632483508225,False,False,2026-04-08T19:59:48.758294+00:00
1593235050363224072,mounjaro_weight,mounjaro,weight,2022-11-17T13:30:11+00:00,canotechris,C Rev,2 weeks in today on a low dose of #mounjaro as an overweight Type-2 diabetic. I’ve lost 9 lbs in 14 days and am seeing lower blood sugars than I’ve seen in 2-3 years. Praise the Lord!,en,2,0,1,0,,"<a href=""http://twitter.com/download/iphone"" rel=""nofollow"">Twitter for iPhone</a>",https://x.com/canotechris/status/1593235050363224072,False,False,2026-04-08T19:59:48.758294+00:00
1593104984950071297,mounjaro_weight,mounjaro,weight,2022-11-17T04:53:21+00:00,muddybandit1,HungryforHeup,@_joshpray Ask for Mounjaro. There is a discount card. I’m a family med doc. My patients average 10-15 pounds first month. It works.,en,0,0,0,0,,"<a href=""http://twitter.com/download/iphone"" rel=""nofollow"">Twitter for iPhone</a>",https://x.com/muddybandit1/status/1593104984950071297,False,True,2026-04-08T19:59:48.758294+00:00
1592939514368233472,mounjaro_weight,mounjaro,weight,2022-11-16T17:55:50+00:00,baltmrx,Baltmrx,I only think I’ve lost weight using Mounjaro because the side effects are so awful that I don’t want to eat.,en,0,0,5,0,,"<a href=""http://twitter.com/download/iphone"" rel=""nofollow"">Twitter for iPhone</a>",https://x.com/baltmrx/status/1592939514368233472,False,False,2026-04-08T19:59:49.510029+00:00
1592888642493911042,mounjaro_weight,mounjaro,weight,2022-11-16T14:33:41+00:00,drrudybestlife,Dr. Rudy Best Life,"Mounjaro, the first diabetes drug with dual action, was approved this summer as a Type 2 diabetes treatment. It targets two hormones involved in insulin production &amp; appetite (GIP and GLP-1). In comparison, Novo's diabetes medications Ozempic &amp; Rybelsus are merely GLP-1 agonists. https://t.co/1kULz9wAne",en,0,0,1,0,,"<a href=""https://mobile.twitter.com"" rel=""nofollow"">Twitter Web App</a>",https://x.com/drrudybestlife/status/1592888642493911042,False,False,2026-04-08T19:59:49.510029+00:00
1592686488550264840,mounjaro_weight,mounjaro,weight,2022-11-16T01:10:24+00:00,MarvelousCloud,The Marvelous Cloud 🌩️ (she/her),"Week three on Mounjaro and I've already lost 7lbs 🤯 My blood sugar is also journal for the first time in a long time,my food cravings and thoughts are gone and I have more energy.",en,4,0,9,0,,"<a href=""http://twitter.com/download/android"" rel=""nofollow"">Twitter for Android</a>",https://x.com/MarvelousCloud/status/1592686488550264840,False,False,2026-04-08T19:59:49.510029+00:00
1592635060771246082,mounjaro_weight,mounjaro,weight,2022-11-15T21:46:02+00:00,Nakiami__,Nakiami,I want to share a small achievement of mine. I've always struggled with my weight and it's been really hard to lose anything. So my sister started Mounjaro after our doctor recommended it to her and said I should as well. I've been on it for almost two weeks and I've lost 10 lbs! https://t.co/DabA45XEAP,en,2,0,7,1,,"<a href=""https://mobile.twitter.com"" rel=""nofollow"">Twitter Web App</a>",https://x.com/Nakiami__/status/1592635060771246082,False,False,2026-04-08T19:59:49.510029+00:00
1592563865115455488,mounjaro_weight,mounjaro,weight,2022-11-15T17:03:08+00:00,Tellit007,Tellit Likeitis,@kevinstock12 Minimize meat which puts you on the path of heart disease. Or if you are a fan of that maximize it and add cholesterol lowering drugs. If appetite is an issue and you are overweight or obese go for Tirzepatide.,en,0,0,1,0,,"<a href=""http://twitter.com/download/android"" rel=""nofollow"">Twitter for Android</a>",https://x.com/Tellit007/status/1592563865115455488,False,True,2026-04-08T19:59:49.511027+00:00
1592351950221508609,mounjaro_weight,mounjaro,weight,2022-11-15T03:01:04+00:00,FM_in_Idaho,Rural FM Doc,"Alright @DrNadolsky, when and how are you decreasing tirzepatide to a maintenance dose?

I've got a patient that has lost 30 lbs and is just 18lbs from her personal goal. I kept her at 12.5 but anticipate I'll need to start decreasing once is at or very near her goal.",en,1,0,1,0,,"<a href=""http://twitter.com/download/android"" rel=""nofollow"">Twitter for Android</a>",https://x.com/FM_in_Idaho/status/1592351950221508609,False,False,2026-04-08T19:59:49.511027+00:00
1591613666616807424,mounjaro_weight,mounjaro,weight,2022-11-13T02:07:23+00:00,realchrisboutte,Chris Boutté,"@jdmumma Haha I’ve tweeted about it before

Im on a new medication called Mounjaro. Helps with appetite",en,0,0,2,0,,"<a href=""http://twitter.com/download/iphone"" rel=""nofollow"">Twitter for iPhone</a>",https://x.com/realchrisboutte/status/1591613666616807424,False,True,2026-04-08T19:59:49.511027+00:00
1591584118672064512,mounjaro_weight,mounjaro,weight,2022-11-13T00:09:58+00:00,AnneIsLosingIt,Anne-Elizabeth,@MichaelAlbertMD I’ve been on tirzepatide for 3 months. Down 30+ lbs and feeling great! It’s a game changer for sure!,en,0,0,2,0,,"<a href=""http://twitter.com/#!/download/ipad"" rel=""nofollow"">Twitter for iPad</a>",https://x.com/AnneIsLosingIt/status/1591584118672064512,False,True,2026-04-08T19:59:49.511027+00:00
1591583650805862400,mounjaro_weight,mounjaro,weight,2022-11-13T00:08:07+00:00,AnneIsLosingIt,Anne-Elizabeth,"@DrNadolsky I’ve lost a little over 30 lbs and my knees don’t hurt going up and down the stairs anymore! 😊 Still have about 45 lbs to lose, but I’m confident I’ll be able to lose it with tirzepatide. Been obese for at least the past 25 years.",en,3,1,29,0,,"<a href=""http://twitter.com/#!/download/ipad"" rel=""nofollow"">Twitter for iPad</a>",https://x.com/AnneIsLosingIt/status/1591583650805862400,False,True,2026-04-08T19:59:49.511027+00:00
1591275410511515648,mounjaro_weight,mounjaro,weight,2022-11-12T03:43:16+00:00,NatalieC_uk,Natalie Campbell,"Lost a shitload on @LillyPad today @elonmusk because of your messed up mad ideas of verify any idiot. I invested because I, like you, believe in mounjaro. Its like Homer Simpson became owner of @Twitter . Get your shit in order man. This is a shitshow.",en,0,0,0,0,,"<a href=""http://twitter.com/download/android"" rel=""nofollow"">Twitter for Android</a>",https://x.com/NatalieC_uk/status/1591275410511515648,False,False,2026-04-08T19:59:49.511027+00:00
1591269597306449920,mounjaro_weight,mounjaro,weight,2022-11-12T03:20:11+00:00,hlaurenbaker,Lauren,Hit 20 lbs down since starting #mounjaro. I’m telling you this is such a game changer.,en,0,0,5,0,,"<a href=""http://twitter.com/download/iphone"" rel=""nofollow"">Twitter for iPhone</a>",https://x.com/hlaurenbaker/status/1591269597306449920,False,False,2026-04-08T19:59:49.511027+00:00
1591258404701757441,mounjaro_weight,mounjaro,weight,2022-11-12T02:35:42+00:00,BanksButNotTyra,marissa,Eli lily's mounjaro helped me lose 28 lbs so far and I'm guessing it's going to help me reach my goal weight for $25/month so not all bad. Although I do agree these medications need to be significantly less overall they do have a cheaper medication than others and more effective,en,0,0,0,0,,"<a href=""http://twitter.com/download/android"" rel=""nofollow"">Twitter for Android</a>",https://x.com/BanksButNotTyra/status/1591258404701757441,False,False,2026-04-08T19:59:49.511027+00:00
1590491815001853952,mounjaro_weight,mounjaro,weight,2022-11-09T23:49:33+00:00,n8rtot317,Nate Payne,"@Tesler51448970 @BlytheandDogs @DrNadolsky Starting taking #mounjaro in Aug. at the recommendation of my doctor. In addition to helping control my A1C, I've lost over 30lbs. downsides are nausea with increased in doseage, I'm considering going back down in doseage.",en,2,0,2,0,,"<a href=""https://mobile.twitter.com"" rel=""nofollow"">Twitter Web App</a>",https://x.com/n8rtot317/status/1590491815001853952,False,True,2026-04-08T19:59:49.512023+00:00
1590289304068456451,mounjaro_weight,mounjaro,weight,2022-11-09T10:24:50+00:00,minroscs,echo ⋆ ˚｡⋆୨୧˚,@Mounjaro4TheWin wow you must have had a a great experience with mounjaro! then again if I lost 30lbs on it like that i would be too😭😭,en,0,0,0,0,,"<a href=""http://twitter.com/download/iphone"" rel=""nofollow"">Twitter for iPhone</a>",https://x.com/minroscs/status/1590289304068456451,False,True,2026-04-08T19:59:49.512023+00:00
1590194895675068416,mounjaro_weight,mounjaro,weight,2022-11-09T04:09:42+00:00,hlaurenbaker,Lauren,Down 18.8 pounds since starting #mounjaro 6 weeks ago,en,0,0,2,0,,"<a href=""http://twitter.com/download/iphone"" rel=""nofollow"">Twitter for iPhone</a>",https://x.com/hlaurenbaker/status/1590194895675068416,False,False,2026-04-08T19:59:49.512023+00:00
1589993592634114049,mounjaro_weight,mounjaro,weight,2022-11-08T14:49:47+00:00,Handy_ANNIE,Annie Jenkins,Officially on week 2/shot 2 of Mounjaro and down 3 pounds.. I can’t wait to see what this week brings!,en,0,0,0,0,,"<a href=""http://twitter.com/download/iphone"" rel=""nofollow"">Twitter for iPhone</a>",https://x.com/Handy_ANNIE/status/1589993592634114049,False,False,2026-04-08T19:59:49.512023+00:00
1589970742908964868,mounjaro_weight,mounjaro,weight,2022-11-08T13:18:59+00:00,AnneIsLosingIt,Anne-Elizabeth,@minroscs I’ve been on Mounjaro for 12 weeks. Down 30.5 lbs.,en,1,0,1,0,,"<a href=""http://twitter.com/#!/download/ipad"" rel=""nofollow"">Twitter for iPad</a>",https://x.com/AnneIsLosingIt/status/1589970742908964868,False,True,2026-04-08T19:59:50.571732+00:00
1589946249448685569,mounjaro_weight,mounjaro,weight,2022-11-08T11:41:40+00:00,BartlebyX,Bartleby the Scrivener,"@ML_Philosophy My next step is the gym, and believe it or not, it is not to lose weight!  In the year since I've moved up here, I've lost 40 pounds.  All credit goes to my honey, my endocrinologist, and a new medicine Mounjaro!

So I need to develop more muscle mass and improve my conditioning",en,1,0,0,0,,"<a href=""http://twitter.com/download/android"" rel=""nofollow"">Twitter for Android</a>",https://x.com/BartlebyX/status/1589946249448685569,False,True,2026-04-08T19:59:50.571732+00:00
1589772211560206336,mounjaro_weight,mounjaro,weight,2022-11-08T00:10:06+00:00,AMY_Moon72,Squeeze Me,"@minroscs I'm on Mounjaro  for almost a month  I have lost  15Lb so far 
Idk about anyone else but for me I have zero appetite and no side effects",en,1,0,1,0,,"<a href=""http://twitter.com/download/android"" rel=""nofollow"">Twitter for Android</a>",https://x.com/AMY_Moon72/status/1589772211560206336,False,True,2026-04-08T19:59:50.571732+00:00
1589678171288637440,mounjaro_weight,mounjaro,weight,2022-11-07T17:56:25+00:00,0xfr_,______,"@drakeevans tirzepatide is GLP-1 + GIP, supposed to also control hypoglycemia. i started feeling less physically full but more mental satiety + trials show better weight loss potential

both drugs reduced appetite and sugar, alcohol, caffeine and nicotine cravings  for me",en,1,0,0,0,,"<a href=""https://mobile.twitter.com"" rel=""nofollow"">Twitter Web App</a>",https://x.com/0xfr_/status/1589678171288637440,False,True,2026-04-08T19:59:50.572729+00:00
1589667198981017601,mounjaro_weight,mounjaro,weight,2022-11-07T17:12:49+00:00,festivelady826,festivelady826,"@TheToadours The new drug is tirzepatide. It's a weekly injection at a cost of approximately $2500, so the average person isn't rushing down to Walgreen's. Kim Kardashian put it out there when she lost 16 pounds to get in Marilyn Monroe's Jean Louis dress for the Met Gala. Khloe uses it, too.",en,1,1,8,0,,"<a href=""https://mobile.twitter.com"" rel=""nofollow"">Twitter Web App</a>",https://x.com/festivelady826/status/1589667198981017601,False,True,2026-04-08T19:59:50.572729+00:00
1589615825530793984,mounjaro_weight,mounjaro,weight,2022-11-07T13:48:41+00:00,PhlawlessPharm,phlawless pharm✨,"Another week, another mounjaro update!
Still continuing with essentially no side effects. Again, no change in physical activity and not following a diet. Eating less than prior to the medication
Week 2: 236.8➡️230.8 (6 lbs)
Total down: 13 lbs https://t.co/GqbAyaM5fo",en,5,0,22,0,,"<a href=""http://twitter.com/download/iphone"" rel=""nofollow"">Twitter for iPhone</a>",https://x.com/PhlawlessPharm/status/1589615825530793984,False,True,2026-04-08T19:59:50.572729+00:00
1589445790711566338,mounjaro_weight,mounjaro,weight,2022-11-07T02:33:01+00:00,ScripIanHaydock,Ian Haydock,".@pfizer's R&amp;D head Dolsten on #COVID19 experiences,  @LillyPad's Mounjaro plans and China's mRNA #vaccine progress among topics in this week's #podcast. Free access article below or on your usual platform under Pharma Intelligence 

https://t.co/J55hajhCXF",en,0,2,2,0,,"<a href=""https://mobile.twitter.com"" rel=""nofollow"">Twitter Web App</a>",https://x.com/ScripIanHaydock/status/1589445790711566338,False,False,2026-04-08T19:59:50.572729+00:00
1589239666301341698,mounjaro_weight,mounjaro,weight,2022-11-06T12:53:57+00:00,twinsmom0220,Christy Harberson,@alanroberts Agreed. May I suggest you look into Mounjaro. It’s a diabetic med that has amazing results with weight loss. It also completely removes the mental preoccupation with food and greatly suppresses the appetite. I am one of the ongoing success stories. The mental freedom is 😇😇😇,en,1,0,0,0,,"<a href=""http://twitter.com/download/iphone"" rel=""nofollow"">Twitter for iPhone</a>",https://x.com/twinsmom0220/status/1589239666301341698,False,True,2026-04-08T19:59:50.572729+00:00
1589031928191406080,mounjaro_weight,mounjaro,weight,2022-11-05T23:08:29+00:00,MartyManley,Marty Manley (Bluesky @martymanley),"#Obesity is endemic throughout the developed world. And God takes the fat ones first.

I got fat and tried a new category of drugs that imitate the hormones that control appetite. So far, I've lost more than 50 lbs.

Here is the story of #Mounjaro and Me.

https://t.co/B1mDgaNRyh",en,1,1,7,1,,"<a href=""https://mobile.twitter.com"" rel=""nofollow"">Twitter Web App</a>",https://x.com/MartyManley/status/1589031928191406080,False,False,2026-04-08T19:59:50.572729+00:00
1588544810218303488,mounjaro_weight,mounjaro,weight,2022-11-04T14:52:51+00:00,edsperr,Ed Sperr,@ferrilibrarian @krafty @katemsaylor One reason for the relative lack of items could be that a good bit of the work Eli Lilly is doing on Tirzepatide is still in progress: https://t.co/EIYVl80AWS,en,0,0,0,0,,"<a href=""https://mobile.twitter.com"" rel=""nofollow"">Twitter Web App</a>",https://x.com/edsperr/status/1588544810218303488,False,True,2026-04-08T19:59:50.572729+00:00
1588511573370249217,mounjaro_weight,mounjaro,weight,2022-11-04T12:40:46+00:00,xKloc,Todd Skelton,@Lvjustanarchive @DrNadolsky @Tellit007 @BevTchangMD @EricTrexler @GregNuckols It's being used in humans under the brand name Mounjaro. I've dropped 40 pounds on it.,en,2,0,3,0,,"<a href=""http://twitter.com/download/android"" rel=""nofollow"">Twitter for Android</a>",https://x.com/xKloc/status/1588511573370249217,False,True,2026-04-08T19:59:50.572729+00:00
1588268055423242241,mounjaro_weight,mounjaro,weight,2022-11-03T20:33:07+00:00,JustJewels93,Just Julie,13 weeks of Mounjaro.  Currently on my 3rd month of 5mg. Down 29lbs. Lost 2 lbs this week.,en,0,0,5,0,,"<a href=""http://twitter.com/download/iphone"" rel=""nofollow"">Twitter for iPhone</a>",https://x.com/JustJewels93/status/1588268055423242241,False,False,2026-04-08T19:59:50.573725+00:00
1588186688962154496,mounjaro_weight,mounjaro,weight,2022-11-03T15:09:48+00:00,Tellit007,Tellit Likeitis,"@Gearoidmuar @DrNadolsky Yeah no. It can also be done with GLP-1 / GIP agents to suppress appetite and reduce insulin resistance. Tirzepatide for the win. I have lost over 30lbs since August eating a variety of foods, including plants but also quarter pounders and fries fried in the dreaded seed oils.",en,0,0,3,0,,"<a href=""http://twitter.com/download/android"" rel=""nofollow"">Twitter for Android</a>",https://x.com/Tellit007/status/1588186688962154496,False,True,2026-04-08T19:59:50.573725+00:00
1587933630055096320,mounjaro_weight,mounjaro,weight,2022-11-02T22:24:14+00:00,BevTchangMD,"Beverly G. Tchang, MD","Great audience case: chronic severe asthma on chronic steroids, uncontrolled T2D newly on insulin, no reports of lack of satiety, already s/p RYGB, now on tirzepatide 
Had lost 20 lb with sema but A1c jumped to 11",en,1,0,0,0,,"<a href=""http://twitter.com/download/iphone"" rel=""nofollow"">Twitter for iPhone</a>",https://x.com/BevTchangMD/status/1587933630055096320,False,True,2026-04-08T19:59:50.573725+00:00
1587641273506304000,mounjaro_weight,mounjaro,weight,2022-11-02T03:02:31+00:00,tanyasinwi,Tanya S,@fancytomboy I had a script for Mounjaro and a coupon. I got 3 months worth at $25 per month. Insurance wouldn't approve my refill and cost went from $25 to $1167. I lost about 25 pounds. So how unhappy am I?,en,1,0,0,0,,"<a href=""https://mobile.twitter.com"" rel=""nofollow"">Twitter Web App</a>",https://x.com/tanyasinwi/status/1587641273506304000,False,True,2026-04-08T19:59:50.573725+00:00
1587632903499808768,mounjaro_weight,mounjaro,weight,2022-11-02T02:29:15+00:00,brycePharmD2012,DisruptingTech Δτ,@bradsferguson @TeslaBoomerMama @elonmusk Yes I am aware off label prescribing is pretty common. I was not criticizing. I am glad you have found success. 50 pounds over weight you could have weight related complications. Based on your use of mounjaro I’m deducing you have DM which would qualify you even if 10lbs over,en,0,0,0,0,,"<a href=""http://twitter.com/download/iphone"" rel=""nofollow"">Twitter for iPhone</a>",https://x.com/brycePharmD2012/status/1587632903499808768,False,True,2026-04-08T19:59:50.573725+00:00
1587523497521094656,mounjaro_weight,mounjaro,weight,2022-11-01T19:14:31+00:00,realchrisboutte,Chris Boutté,"Just a quick weight loss update: I'm down 15 lbs after 3 weeks of being on this new medication Mounjaro

(keep in mind I'm bigger so I lose more weight faster)

But it's a game changer. I really just want to spread the word

https://t.co/aVtEtJiO8A",en,1,0,14,1,,"<a href=""https://mobile.twitter.com"" rel=""nofollow"">Twitter Web App</a>",https://x.com/realchrisboutte/status/1587523497521094656,False,False,2026-04-08T19:59:50.573725+00:00
1587521790846201857,mounjaro_weight,mounjaro,weight,2022-11-01T19:07:44+00:00,realchrisboutte,Chris Boutté,"@Boogie2988 Boogie. My dr recently prescribed Mounjaro, and it's AMAZING

I'm down 15 lbs in the first month

I am blown away after a lifetime of trying different things.

feel free to shoot me a DM if you have questions",en,0,0,2,0,,"<a href=""https://mobile.twitter.com"" rel=""nofollow"">Twitter Web App</a>",https://x.com/realchrisboutte/status/1587521790846201857,False,True,2026-04-08T19:59:50.573725+00:00
1587397289160605697,mounjaro_weight,mounjaro,weight,2022-11-01T10:53:00+00:00,BertrandBio,Bertrand Delsuc,"Lilly $LLY Reports Solid Third-Quarter 2022 Financial Results and Continued Pipeline Progress 

sales +2% /+7% at CER (beat), driven by Verzenio &amp; Mounjaro
EPS +32% to $1.61 reported / +12% to $1.98 non-GAAP (in line or slightly abobe consensus)
https://t.co/n3eIYquCpN",en,2,1,6,4,,"<a href=""https://mobile.twitter.com"" rel=""nofollow"">Twitter Web App</a>",https://x.com/BertrandBio/status/1587397289160605697,False,False,2026-04-08T19:59:50.574722+00:00
1587111155721461761,mounjaro_weight,mounjaro,weight,2022-10-31T15:56:01+00:00,Marielle_Lee,Marielle LeMasters,"@pausedME @fereshtehjahan1 @BhupeshPrusty @JanetDafoe @davidasinclair @dg_mecfs I gained about 80 pounds from abilify, and am on mounjaro injections now. It’s helping me lose weight, but I’ve also noticed I don’t have these spikes and drastic lows where sugar is the only thing that’ll help me feel better. It seems counterintuitive.",en,0,0,0,0,,"<a href=""http://twitter.com/download/iphone"" rel=""nofollow"">Twitter for iPhone</a>",https://x.com/Marielle_Lee/status/1587111155721461761,False,True,2026-04-08T20:14:25.461262+00:00
1587102191873130496,mounjaro_weight,mounjaro,weight,2022-10-31T15:20:24+00:00,PhlawlessPharm,phlawless pharm✨,"For people interested in my Mounjaro updates:
End of Week 1: 243.8 lb➡️236.8 lb
Appetite suppression is real. Minimal side effects. No change in physical activity. No real change in diet, other than eating less. Never have seen the scale go down in my life. This is crazy. https://t.co/LwPvdK5xIL",en,11,1,106,0,,"<a href=""http://twitter.com/download/iphone"" rel=""nofollow"">Twitter for iPhone</a>",https://x.com/PhlawlessPharm/status/1587102191873130496,False,False,2026-04-08T20:14:25.461262+00:00
1586749928893812736,mounjaro_weight,mounjaro,weight,2022-10-30T16:00:38+00:00,DimitriLyon,Dimitri Lyon,These are my intermittent fasting times on #Mounjaro. It completely removes your appetite. Several days I’ve gone past 24 hours without eating. I hope the FDA approves it for the treatment of obesity. https://t.co/NFZJ6xKw2R,en,2,0,7,0,,"<a href=""http://twitter.com/download/iphone"" rel=""nofollow"">Twitter for iPhone</a>",https://x.com/DimitriLyon/status/1586749928893812736,False,False,2026-04-08T20:14:25.461262+00:00
1586357268035018755,mounjaro_weight,mounjaro,weight,2022-10-29T14:00:20+00:00,BlytheandDogs,🐾Blythe & Her Dog 🐾,"@DrNadolsky @SPMedicine This.  I was having a hard time with the walking because of the extra 50lbs. Once Mounjaro took those lbs off I am now clocking 13k - 15k daily with no joint or knee issues. Eating was never my issue, it was being able to move without pain from extra weight. https://t.co/idAsM5Bhra",en,1,0,4,0,,"<a href=""http://twitter.com/download/iphone"" rel=""nofollow"">Twitter for iPhone</a>",https://x.com/BlytheandDogs/status/1586357268035018755,False,True,2026-04-08T20:14:25.462276+00:00
1586199880841588736,mounjaro_weight,mounjaro,weight,2022-10-29T03:34:56+00:00,Tom_Hirschfeld,Tom Hirschfeld,@cheerfulpaige You should consider taking a GLP-1 med like ozempic or mounjaro. They change your metabolism and make you not hungry. Open secret in Hollywood is that this is how Kim K lost a bunch of weight in the last few months,en,0,0,1,0,,"<a href=""http://twitter.com/download/iphone"" rel=""nofollow"">Twitter for iPhone</a>",https://x.com/Tom_Hirschfeld/status/1586199880841588736,False,True,2026-04-08T20:14:25.462276+00:00
1585794960451768322,mounjaro_weight,mounjaro,weight,2022-10-28T00:45:55+00:00,JENuinely_me,jenniferyvonne🌻,"Weighed in today, 30.7 more pounds to hit my first big goal! I am currently 16.8 lbs down since starting Mounjaro. My whole body is changing &amp; I am loving the results!",en,0,0,3,0,,"<a href=""http://twitter.com/download/iphone"" rel=""nofollow"">Twitter for iPhone</a>",https://x.com/JENuinely_me/status/1585794960451768322,False,False,2026-04-08T20:14:25.462276+00:00
1585788639585439745,mounjaro_weight,mounjaro,weight,2022-10-28T00:20:48+00:00,sirlanceohlot,Lance M,"@pulte @elonmusk He took a weight-loss drug, I believe it was a shot, my mom takes one that is similar called mounjaro, she’s lost 80 lbs.",en,2,0,2,0,,"<a href=""http://twitter.com/download/iphone"" rel=""nofollow"">Twitter for iPhone</a>",https://x.com/sirlanceohlot/status/1585788639585439745,False,True,2026-04-08T20:14:25.462276+00:00
1585032438707023872,mounjaro_weight,mounjaro,weight,2022-10-25T22:15:56+00:00,itsCrystal4522,Momma.💙,@Tesler51448970 @BlytheandDogs @DrNadolsky Start it. It has changed my life completely. The only thing I have had issues with was constipation. I am now on magnium citrate with Mounjaro and down 18 pounds with my a1c dropping as well as menopause and insulin resistance.,en,1,0,12,0,,"<a href=""http://twitter.com/download/android"" rel=""nofollow"">Twitter for Android</a>",https://x.com/itsCrystal4522/status/1585032438707023872,False,True,2026-04-08T20:14:25.462276+00:00
1584964775611486209,mounjaro_weight,mounjaro,weight,2022-10-25T17:47:04+00:00,LoafersNoSneaks,Datuan D.,Doctor put me on mounjaro to keep me from taking so many shots a day. One thing he told me before hand was it's gonna decrease my appetite. Boy he wasn't lying.,en,0,0,1,0,,"<a href=""http://twitter.com/download/android"" rel=""nofollow"">Twitter for Android</a>",https://x.com/LoafersNoSneaks/status/1584964775611486209,False,False,2026-04-08T20:14:25.463272+00:00
1584697632907464704,mounjaro_weight,mounjaro,weight,2022-10-25T00:05:32+00:00,coppertoparoo,Coppertop,@M2Esq I’m on Mounjaro. I’m starting month 4.  Absolutely baffled. It’s the most incredible tool I’ve ever used. I have had so much trouble seeing any change in my weight. I’ve lost 25 lbs (beyond my original goal of 20). I’m terrified to have to go off of it when the discount stops.,en,0,0,3,0,,"<a href=""http://twitter.com/download/iphone"" rel=""nofollow"">Twitter for iPhone</a>",https://x.com/coppertoparoo/status/1584697632907464704,False,True,2026-04-08T20:14:25.463272+00:00
1584160938659581953,mounjaro_weight,mounjaro,weight,2022-10-23T12:32:54+00:00,Fluffy_Yella,Trap Goddess 👑💜,Week 10 of #mounjaro 🤗 I’ve lost 36 pounds &amp; 14.5 off my waist #mounjarojourney #mounjaroweightloss #weightlossjourney #weightlosstips #weightlosstransformation #diet #exercise https://t.co/bNICWMJ2Vn,en,1,0,10,0,,"<a href=""http://twitter.com/download/iphone"" rel=""nofollow"">Twitter for iPhone</a>",https://x.com/Fluffy_Yella/status/1584160938659581953,False,False,2026-04-08T20:14:25.463272+00:00
1584009302393597953,mounjaro_weight,mounjaro,weight,2022-10-23T02:30:21+00:00,Tesler51448970,Tesler,"@DrNadolsky @Rorogza Been using mounjaro for 9 days now, binged once early in the week when I would've at least once a day. Down about 7 lbs. Going well, just very low energy and disorientation, like almost vertigo. Easy aside from that!",en,0,0,1,0,,"<a href=""http://twitter.com/download/android"" rel=""nofollow"">Twitter for Android</a>",https://x.com/Tesler51448970/status/1584009302393597953,False,True,2026-04-08T20:14:25.463272+00:00
1582875891759128576,mounjaro_weight,mounjaro,weight,2022-10-19T23:26:35+00:00,gimme_a_kisss,Ugly Sam,@erfbeeass Switch to the newer drug Mounjaro. It’s even better for both diabetes AND appetite suppression - and it’s available.,en,0,0,0,0,,"<a href=""http://twitter.com/download/iphone"" rel=""nofollow"">Twitter for iPhone</a>",https://x.com/gimme_a_kisss/status/1582875891759128576,False,False,2026-04-08T20:14:25.463272+00:00
1582861905235828736,mounjaro_weight,mounjaro,weight,2022-10-19T22:31:01+00:00,Tellit007,Tellit Likeitis,"@MifuneKinski @davidludwigmd @BenBikmanPhD Very true, since it does not take into account lack of appetite suppression. Take tirzepatide. It suppresses appetite and increases insulin post prandally and folks are dropping 50+ lbs left right and center on both low and high glycemic diets. Disproves CIM.",en,0,0,1,0,,"<a href=""http://twitter.com/download/android"" rel=""nofollow"">Twitter for Android</a>",https://x.com/Tellit007/status/1582861905235828736,False,True,2026-04-08T20:14:25.463272+00:00
1582626922722369536,mounjaro_weight,mounjaro,weight,2022-10-19T06:57:16+00:00,JameseyBoy65,WOODCHIPPER,@Storm4Congress Ozempic takes off weight so does Mounjaro ... My neighbor lost a bunch of weight  on Ozempic ... A once a week epipen injection !!!!,en,2,0,0,0,,"<a href=""http://twitter.com/download/iphone"" rel=""nofollow"">Twitter for iPhone</a>",https://x.com/JameseyBoy65/status/1582626922722369536,False,True,2026-04-08T20:14:25.463272+00:00
1582552381455503360,mounjaro_weight,mounjaro,weight,2022-10-19T02:01:04+00:00,soozy25,Suzie (Taylor) Manfredi,@Katie22576227 @Moooooolahh I’m pcos/insulin resistant: “just working out” does nothing. I’ve lost 15lbs in a month on mounjaro and haven’t changed a thing otherwise.,en,0,0,0,0,,"<a href=""http://twitter.com/download/iphone"" rel=""nofollow"">Twitter for iPhone</a>",https://x.com/soozy25/status/1582552381455503360,False,True,2026-04-08T20:14:25.463272+00:00
1582470755568472065,mounjaro_weight,mounjaro,weight,2022-10-18T20:36:43+00:00,marthann85,Martha,Saw my gynecologist today and told her I lost 35 pounds on Mounjaro. She said “it’s in my fridge you gave me motivation to start it”,en,1,0,9,0,,"<a href=""http://twitter.com/download/iphone"" rel=""nofollow"">Twitter for iPhone</a>",https://x.com/marthann85/status/1582470755568472065,False,False,2026-04-08T20:14:25.463272+00:00
1582124550711803904,mounjaro_weight,mounjaro,weight,2022-10-17T21:41:01+00:00,moxwell,moxwell,"@deaflibertarian Started mounjaro, I've lost 15 lbs in two weeks. I was considering surgery and had gone through all the hoops, but decided against it. With mounjaro I don't think about food, not hungry, feel great.",en,0,0,0,0,,"<a href=""http://twitter.com/download/iphone"" rel=""nofollow"">Twitter for iPhone</a>",https://x.com/moxwell/status/1582124550711803904,False,True,2026-04-08T20:14:26.337656+00:00
1581786532288921601,mounjaro_weight,mounjaro,weight,2022-10-16T23:17:52+00:00,realchrisboutte,Chris Boutté,"@ZAKtalksTECH DAAAAAAAAAYUM! Congrats. That's awesome. Since losing about 60-70 lbs after getting sober, I always plateau.

I'm on this new medication Mounjaro, which is working INSANELY well for my appetite. Been less than a week though",en,1,0,1,0,,"<a href=""https://mobile.twitter.com"" rel=""nofollow"">Twitter Web App</a>",https://x.com/realchrisboutte/status/1581786532288921601,False,True,2026-04-08T20:14:26.337656+00:00
1580958849380798465,mounjaro_weight,mounjaro,weight,2022-10-14T16:28:57+00:00,soozy25,Suzie (Taylor) Manfredi,Month #1 on #Mounjaro and I’ve lost 10.4 lbs 🥹♥️,en,1,0,11,0,,"<a href=""http://twitter.com/download/iphone"" rel=""nofollow"">Twitter for iPhone</a>",https://x.com/soozy25/status/1580958849380798465,False,False,2026-04-08T20:14:26.337656+00:00
1580741563008761857,mounjaro_weight,mounjaro,weight,2022-10-14T02:05:32+00:00,sips311,Joe Sambataro MD,@DrNadolsky I have someone on 10 mg of tirzepatide who’s down 60 lbs in 3 months… total hyper responder,en,0,0,0,0,,"<a href=""http://twitter.com/download/iphone"" rel=""nofollow"">Twitter for iPhone</a>",https://x.com/sips311/status/1580741563008761857,False,True,2026-04-08T20:14:26.337656+00:00
1580348632561504256,mounjaro_weight,mounjaro,weight,2022-10-13T00:04:10+00:00,JustJewels93,Just Julie,Week 10 of my Mounjaro experiment has me down 27.8 lbs. zero nausea this week. Flirting with doing another month on the 5mg but still mulling it over. Averaging around -2.5 lbs per week. Starting to believe I may be able to lose all of this weight! 42.4 lbs left to go!!,en,0,0,15,0,,"<a href=""http://twitter.com/download/iphone"" rel=""nofollow"">Twitter for iPhone</a>",https://x.com/JustJewels93/status/1580348632561504256,False,False,2026-04-08T20:14:26.337656+00:00
1580216157822672897,mounjaro_weight,mounjaro,weight,2022-10-12T15:17:45+00:00,DimitriLyon,Dimitri Lyon,Started my #Mounjaro journey just last week. It’s really amazing how it cuts the food cravings and the desire for sweets. I’m on week 2.,en,0,0,0,0,,"<a href=""http://twitter.com/download/iphone"" rel=""nofollow"">Twitter for iPhone</a>",https://x.com/DimitriLyon/status/1580216157822672897,False,False,2026-04-08T20:14:26.338650+00:00
1579853401328091141,mounjaro_weight,mounjaro,weight,2022-10-11T15:16:17+00:00,jareddashevsky,"Jared Dashevsky, MD, MEng 💌","1/ First, what does the drug do? 

Tirzepatide is a GLP-1 and GIP receptor agonist that does the following: 

-reduces appetite
-slows food release from the stomach
-increases insulin response 
-inhibits glucagon. https://t.co/iJ3GEoxTYG",en,1,1,4,0,,"<a href=""https://mobile.twitter.com"" rel=""nofollow"">Twitter Web App</a>",https://x.com/jareddashevsky/status/1579853401328091141,False,True,2026-04-08T20:14:26.338650+00:00
1579842352939937792,mounjaro_weight,mounjaro,weight,2022-10-11T14:32:23+00:00,MyaCareHealth,Mya Care,"#WeightLoss in obese patients - brought on by the side-effect of reduced appetite and cravings - has been observed in people using the new diabetes type 2 medication, Mounjaro (tirzepatide). Click to learn more. https://t.co/n0YeH6jOkG #diabetesmedication #diabetesawareness https://t.co/cfRPFmgdm8",en,0,0,1,0,,"<a href=""http://erased6225867_MqC1pCvscC.com"" rel=""nofollow"">erased6225867_MqC1pCvscC</a>",https://x.com/MyaCareHealth/status/1579842352939937792,False,False,2026-04-08T20:14:26.338650+00:00
1579813598322647041,mounjaro_weight,mounjaro,weight,2022-10-11T12:38:08+00:00,KunoichiJen,ThatThangPokin🍑,"Morning. I started Mounjaro for weight loss yesterday. Took my first weekly shot in the evening. I also took a zofran to counteract any potential nausea. 

I feel good. A friend of mine lost 40 lbs in 4 months on it so I’m looking forward to the results.",en,1,0,4,0,,"<a href=""http://twitter.com/download/iphone"" rel=""nofollow"">Twitter for iPhone</a>",https://x.com/KunoichiJen/status/1579813598322647041,False,False,2026-04-08T20:14:26.338650+00:00
1579689305995632642,mounjaro_weight,mounjaro,weight,2022-10-11T04:24:14+00:00,mburgosmd,"Mónica I. Burgos, MD",@mell0wmama @DrNadolsky Our patients report that the craving for sweets or anything in general is almost zero. A pt lost 25lbs in two months with the lowest dose of Mounjaro.,en,1,0,2,0,,"<a href=""http://twitter.com/download/iphone"" rel=""nofollow"">Twitter for iPhone</a>",https://x.com/mburgosmd/status/1579689305995632642,False,False,2026-04-08T20:14:26.338650+00:00
1579223636720095232,mounjaro_weight,mounjaro,weight,2022-10-09T21:33:50+00:00,BlytheandDogs,🐾Blythe & Her Dog 🐾,"@DrNadolsky I started Mounjaro back in June, down 40 lbs (242 to 202 on 7.5 mg now) and just now the loss is beginning to slow, which is ok because I need to build muscle back.  It’s a miracle, literally nothing has ever worked but this.",en,2,2,46,2,,"<a href=""http://twitter.com/download/iphone"" rel=""nofollow"">Twitter for iPhone</a>",https://x.com/BlytheandDogs/status/1579223636720095232,False,True,2026-04-08T20:14:26.338650+00:00
1578918603784527873,mounjaro_weight,mounjaro,weight,2022-10-09T01:21:44+00:00,bjdavis1,bjdavis1,"Mounjaro Weight Loss Journey - Week 2 Recap
https://t.co/nCnVax9CIw",en,0,0,0,0,,"<a href=""https://twitterrific.com/ios"" rel=""nofollow"">Twitterrific for iOS</a>",https://x.com/bjdavis1/status/1578918603784527873,False,False,2026-04-08T20:14:26.338650+00:00
1578918473463652354,mounjaro_weight,mounjaro,weight,2022-10-09T01:21:13+00:00,bjdavis1,bjdavis1,"Mounjaro Weight Loss Journey - Week 1 Recap
https://t.co/BnCBNtb4NE",en,0,0,0,0,,"<a href=""https://twitterrific.com/ios"" rel=""nofollow"">Twitterrific for iOS</a>",https://x.com/bjdavis1/status/1578918473463652354,False,False,2026-04-08T20:14:26.338650+00:00
1578864440828514304,mounjaro_weight,mounjaro,weight,2022-10-08T21:46:31+00:00,Mounjaro_and_me,Ells Bells,"7 weeks on #Mounjaro 
I’m down 15 pounds. I’m about to start the 7.5mg dose. The first 24hrs after a shot has been rough on my tummy. Papaya enzymes help a bit plus they keep things moving 😉
Drink your water!!",en,1,0,6,0,,"<a href=""http://twitter.com/download/iphone"" rel=""nofollow"">Twitter for iPhone</a>",https://x.com/Mounjaro_and_me/status/1578864440828514304,False,False,2026-04-08T20:14:26.338650+00:00
1578691778718285824,mounjaro_weight,mounjaro,weight,2022-10-08T10:20:25+00:00,AirAcademy,Allan Foxall,https://t.co/yDYwXsH22E 🌐 Click on link for details. Suppress appetite with weekly injection of TIRZEPATIDE.,en,0,1,0,0,,"<a href=""http://twitter.com/download/android"" rel=""nofollow"">Twitter for Android</a>",https://x.com/AirAcademy/status/1578691778718285824,False,False,2026-04-08T20:14:26.338650+00:00
1578189965305208834,mounjaro_weight,mounjaro,weight,2022-10-07T01:06:23+00:00,moxwell,moxwell,"Week one of #Mounjaro and I've lost 9 pounds. I don't for a second think of food. Before, I'd be eating a meal and thinking of what's for dinner, not anymore.",en,0,0,14,0,,"<a href=""http://twitter.com/download/iphone"" rel=""nofollow"">Twitter for iPhone</a>",https://x.com/moxwell/status/1578189965305208834,False,False,2026-04-08T20:14:26.339649+00:00
1578145650281091077,mounjaro_weight,mounjaro,weight,2022-10-06T22:10:18+00:00,hlaurenbaker,Lauren,Week 2 of #Mounjaro and I’m down 11.2 lbs.,en,1,0,5,0,,"<a href=""http://twitter.com/download/iphone"" rel=""nofollow"">Twitter for iPhone</a>",https://x.com/hlaurenbaker/status/1578145650281091077,False,False,2026-04-08T20:14:26.339649+00:00
1578033962060255235,mounjaro_weight,mounjaro,weight,2022-10-06T14:46:29+00:00,JustJewels93,Just Julie,Week 9 of my Mounjaro experiment and I’m down 25.6 lbs. The 5mg shot seems to be working well for me. No nausea at all. Somewhat slow digestion (to be expected). I have to work at staying hydrated especially since I don’t really have an appetite for anything. Love this med!,en,0,0,6,0,,"<a href=""http://twitter.com/download/iphone"" rel=""nofollow"">Twitter for iPhone</a>",https://x.com/JustJewels93/status/1578033962060255235,False,False,2026-04-08T20:14:26.339649+00:00
1577778983097212945,mounjaro_weight,mounjaro,weight,2022-10-05T21:53:17+00:00,Ankerman10,Ankerman,@realDailyWire @RealCandaceO It’s very good. Trulicity and now Mounjaro are in the same class. I’ve had patients lose &gt; 100 lbs. Completely changes their lives. They feel better and get off multiple medications.,en,0,0,8,0,,"<a href=""http://twitter.com/download/iphone"" rel=""nofollow"">Twitter for iPhone</a>",https://x.com/Ankerman10/status/1577778983097212945,False,True,2026-04-08T20:14:27.208002+00:00
1577654253786697728,mounjaro_weight,mounjaro,weight,2022-10-05T13:37:40+00:00,dutchyankee2,Rob Dirne,"@DrNadolsky It's funny, lost 20lbs in 2.5 months on eating pretty much what's in that picture with tirzepatide and fatty fish twice a week. I just eat less than before. Still plenty carbs.",en,0,0,3,0,,"<a href=""http://twitter.com/download/android"" rel=""nofollow"">Twitter for Android</a>",https://x.com/dutchyankee2/status/1577654253786697728,False,True,2026-04-08T20:14:27.208002+00:00
1577369684701233152,mounjaro_weight,mounjaro,weight,2022-10-04T18:46:53+00:00,EconRsrch,Research-Junkie,"Down 7 pounds, 1 week on Mounjaro (bmi 33). I know it’s probably some water weight but I’ve been feeling energetic too - more like myself than I have in a long time. Thank you for the coupon program @MounjaroHCP .",en,0,0,6,0,,"<a href=""http://twitter.com/download/iphone"" rel=""nofollow"">Twitter for iPhone</a>",https://x.com/EconRsrch/status/1577369684701233152,False,False,2026-04-08T20:14:27.208002+00:00
1576276946035433472,mounjaro_weight,mounjaro,weight,2022-10-01T18:24:44+00:00,Tellit007,Tellit Likeitis,@ESpacetime @DavidMacklinMD @DanielJDrucker @davidludwigmd @bcorkey Well diet works if you have an appetite suppressor like tirzepatide. Good luck doing that without it and maintain weightloss.,en,1,0,2,0,,"<a href=""http://twitter.com/download/android"" rel=""nofollow"">Twitter for Android</a>",https://x.com/Tellit007/status/1576276946035433472,False,True,2026-04-08T20:14:27.208002+00:00
1575979026656944128,mounjaro_weight,mounjaro,weight,2022-09-30T22:40:54+00:00,kevbino2,Kev 🪸,Also I’ve lost 8 pounds since starting mounjaro can I get a skinny in the replies please https://t.co/RvKXj9G38X,en,2,0,9,0,,"<a href=""http://twitter.com/download/iphone"" rel=""nofollow"">Twitter for iPhone</a>",https://x.com/kevbino2/status/1575979026656944128,False,False,2026-04-08T20:14:27.208002+00:00
1575970708253200386,mounjaro_weight,mounjaro,weight,2022-09-30T22:07:51+00:00,Tellit007,Tellit Likeitis,"@bcorkey @davidludwigmd Is the weightloss from ""transient"" insulin or vice versa? I have lost 18(!)lbs in 6 weeks since starting tirzepatide. Diet content has remained 100% same (oatmeal with fruits, seeds, berries and plant based meals from Sprinly) with only diff a calorie deficit from eating less.",en,1,0,0,0,,"<a href=""http://twitter.com/download/android"" rel=""nofollow"">Twitter for Android</a>",https://x.com/Tellit007/status/1575970708253200386,False,True,2026-04-08T20:14:27.208999+00:00
1575570393016209413,mounjaro_weight,mounjaro,weight,2022-09-29T19:37:09+00:00,JustJewels93,Just Julie,Week 8 of my Mounjaro experiment and I’m down 22.1 lbs. I started my 2nd month of the 5mg because the weight loss has been great. Still having great appetite suppression and satiety. Feeling good overall. Averaging 1200 calories per day with no effort. Eating 100g protein/daily.,en,1,1,14,0,,"<a href=""http://twitter.com/download/iphone"" rel=""nofollow"">Twitter for iPhone</a>",https://x.com/JustJewels93/status/1575570393016209413,False,False,2026-04-08T20:14:27.208999+00:00
1574751720181501952,mounjaro_weight,mounjaro,weight,2022-09-27T13:24:02+00:00,Tellit007,Tellit Likeitis,@Laurie07070758 @DrNadolsky @MichaelAlbertMD Don't forget about the myriad of other benefits tirzepatide provides that exercise cannot. Appetite suppression being one of them. I always get super hungry after my run. So why not get all the benefits and do both?,en,1,0,0,0,,"<a href=""http://twitter.com/download/android"" rel=""nofollow"">Twitter for Android</a>",https://x.com/Tellit007/status/1574751720181501952,False,True,2026-04-08T20:14:27.208999+00:00
1574604388311568384,mounjaro_weight,mounjaro,weight,2022-09-27T03:38:35+00:00,FactsOvrFiction,Fletch F. Fletch,@soupcanarchist Mounjaro. FDA approved for weight loss. I’ve lost 70lbs in 4 months and feel great!,en,1,0,3,0,,"<a href=""http://twitter.com/download/iphone"" rel=""nofollow"">Twitter for iPhone</a>",https://x.com/FactsOvrFiction/status/1574604388311568384,False,False,2026-04-08T20:14:27.208999+00:00
1574591616522031104,mounjaro_weight,mounjaro,weight,2022-09-27T02:47:50+00:00,moonriver_sound,Moon River,"5 weeks of #Mounjaro, down 8.2 lbs. Couldn’t be happier!! I don’t obsess over food anymore. I feel motivated to eat well and exercise.",en,0,0,3,0,,"<a href=""http://twitter.com/download/iphone"" rel=""nofollow"">Twitter for iPhone</a>",https://x.com/moonriver_sound/status/1574591616522031104,False,False,2026-04-08T20:14:27.208999+00:00
1574191337767047168,mounjaro_weight,mounjaro,weight,2022-09-26T00:17:16+00:00,SierraSorcery,Sierra,"I got rid of 6 full trash bags of fat clothes today. I have a ways to go but I’ve lost 32lbs from my height weight, 12 of that in the last 6wks. An empty closet means I’m NEVER going back.🖤 #weightloss #Mounjaro #metabolicsyndrome",en,1,0,9,0,,"<a href=""http://twitter.com/download/iphone"" rel=""nofollow"">Twitter for iPhone</a>",https://x.com/SierraSorcery/status/1574191337767047168,False,False,2026-04-08T20:14:27.208999+00:00
1574139565224624129,mounjaro_weight,mounjaro,weight,2022-09-25T20:51:33+00:00,Mykalt45,Michael Torres,2 weeks after my last shot of 5 mg of #mounjaro. Holding steady around 170 lbs. https://t.co/5Wj3839e1B,en,0,0,3,0,,"<a href=""http://twitter.com/download/iphone"" rel=""nofollow"">Twitter for iPhone</a>",https://x.com/Mykalt45/status/1574139565224624129,False,True,2026-04-08T20:14:27.208999+00:00
1574090123666685953,mounjaro_weight,mounjaro,weight,2022-09-25T17:35:05+00:00,JustJewels93,Just Julie,"How does one interpret this? Good, bad, ok? What’s “ideal”? Clearly the calories are low (I’m on Mounjaro so my appetite is reduced), but what should I aim for? @tednaiman https://t.co/LUPCWtyaBe",en,1,0,2,0,,"<a href=""http://twitter.com/download/iphone"" rel=""nofollow"">Twitter for iPhone</a>",https://x.com/JustJewels93/status/1574090123666685953,False,False,2026-04-08T20:14:27.208999+00:00
1573367612280655873,mounjaro_weight,mounjaro,weight,2022-09-23T17:44:05+00:00,lfengland,Linda England,"@TommyKC2 There’s a new diabetes drug, known as “Mounjaro,” that works very aggressively for weight loss, much more than Ozempic. I’m wondering if that explains why some folks have lost 50, 75, or more pounds recently?",en,1,0,2,0,,"<a href=""http://twitter.com/#!/download/ipad"" rel=""nofollow"">Twitter for iPad</a>",https://x.com/lfengland/status/1573367612280655873,False,True,2026-04-08T20:14:27.208999+00:00
1572783855421239298,mounjaro_weight,mounjaro,weight,2022-09-22T03:04:26+00:00,JustJewels93,Just Julie,Tomorrow marks 7 weeks of Mounjaro shots and I’m down 18.5 lbs. I’m planning to titrate up to 7.5mg next week. Not looking forward to the inevitable initial nausea but hoping for continued weight loss. This drug feels like a miracle to me. Still low carb. Avg 25% protein.,en,2,0,8,0,,"<a href=""http://twitter.com/download/iphone"" rel=""nofollow"">Twitter for iPhone</a>",https://x.com/JustJewels93/status/1572783855421239298,False,False,2026-04-08T20:14:27.209994+00:00
1572245330132877312,mounjaro_weight,mounjaro,weight,2022-09-20T15:24:32+00:00,halalseyy,nicole🐱💕,update on mounjaro: ive lost 21 pounds,en,3,0,12,0,,"<a href=""https://mobile.twitter.com"" rel=""nofollow"">Twitter Web App</a>",https://x.com/halalseyy/status/1572245330132877312,False,False,2026-04-08T20:14:27.209994+00:00
1571525588556587008,mounjaro_weight,mounjaro,weight,2022-09-18T15:44:32+00:00,JustJewels93,Just Julie,I’ve lost 17lbs in 6 weeks of using Mounjaro in conjunction with Lchf eating. It makes me wonder if the reason I stopped losing and even gained had more to do with something not working efficiently in my body? It certainly hasn’t been due to lack of willpower!,en,1,0,17,0,,"<a href=""http://twitter.com/download/iphone"" rel=""nofollow"">Twitter for iPhone</a>",https://x.com/JustJewels93/status/1571525588556587008,False,False,2026-04-08T20:14:27.209994+00:00
1571280874099843072,mounjaro_weight,mounjaro,weight,2022-09-17T23:32:08+00:00,bkdoty,"Brandon Doty, DO","@mike_natter I bet it would! Question though: current RNYGB patient almost 2 years out on Mounjaro to help lose the last of the weight. (“Dumping” def happens more easily, if wondering). But would a DPP4 agonist dropping GLP-1 levels cause increased appetite in these WLS patients?",en,0,0,1,0,,"<a href=""http://twitter.com/download/iphone"" rel=""nofollow"">Twitter for iPhone</a>",https://x.com/bkdoty/status/1571280874099843072,False,True,2026-04-08T20:14:27.209994+00:00
1570828338415177730,mounjaro_weight,mounjaro,weight,2022-09-16T17:33:55+00:00,dutchyankee2,Rob Dirne,"@Nutradvance What works for me is Tirzepatide on Friday morning for appetite control throughout the week. Oatmeal in mornings, biggest meal for lunch and some fruit, nuts seeds in the evening.",en,0,0,1,0,,"<a href=""http://twitter.com/download/android"" rel=""nofollow"">Twitter for Android</a>",https://x.com/dutchyankee2/status/1570828338415177730,False,True,2026-04-08T20:14:28.264269+00:00
1570579225614372864,mounjaro_weight,mounjaro,weight,2022-09-16T01:04:01+00:00,JustJewels93,Just Julie,Week 6 of Mounjaro and my official weight loss is 17lbs. I took my 3rd 5mg shot. Feeling good. Some dry mouth as expected. Appetite suppression and feeling satiated quickly. Staying low carb. Having zero cravings or obsessive food thoughts.,en,2,1,16,0,,"<a href=""http://twitter.com/download/iphone"" rel=""nofollow"">Twitter for iPhone</a>",https://x.com/JustJewels93/status/1570579225614372864,False,False,2026-04-08T20:14:28.265266+00:00
1570094724089790465,mounjaro_weight,mounjaro,weight,2022-09-14T16:58:47+00:00,lblee58,Larry Lee,"#WednesdayVibes Medical advances are great things. I can't believe there's a medication (Mounjaro) that helps lower A1C and can be used for weight loss. In 1 day the medication has greatly reduced my appetite, I feel full faster so I eat less and the feeling lasts for hours.",en,0,0,6,0,,"<a href=""https://mobile.twitter.com"" rel=""nofollow"">Twitter Web App</a>",https://x.com/lblee58/status/1570094724089790465,False,False,2026-04-08T20:14:28.265266+00:00
1568643127434706944,mounjaro_weight,mounjaro,weight,2022-09-10T16:50:40+00:00,BevTchangMD,"Beverly G. Tchang, MD","Tirzepatide is far more a GIPR agonist than GLP1RA 

Probably gives an additional ⬇️0.3% in A1c over sema 2.0

And an extra ⬇️4.5 kg over sema 2.0 (10 lbs!)

But no official CVOT data yet 

4/",en,1,0,9,0,,"<a href=""http://twitter.com/download/iphone"" rel=""nofollow"">Twitter for iPhone</a>",https://x.com/BevTchangMD/status/1568643127434706944,False,True,2026-04-08T20:14:28.265266+00:00
1568619999211958277,mounjaro_weight,mounjaro,weight,2022-09-10T15:18:46+00:00,JustJewels93,Just Julie,"My Mounjaro experiment is showing me a few things are key for me to lose weight: adequate protein, moderate fat, and lower calories (~1200-1400). If I ever have to stop this med, I want to remember this formula unless this med does something else to cause fat loss? Down 15.7 lbs",en,3,0,9,0,,"<a href=""http://twitter.com/download/iphone"" rel=""nofollow"">Twitter for iPhone</a>",https://x.com/JustJewels93/status/1568619999211958277,False,False,2026-04-08T20:14:28.265266+00:00
1566289139036835840,mounjaro_weight,mounjaro,weight,2022-09-04T04:56:45+00:00,AntoniBloggs,Antoni Bloggs,"Tirzepatide: Weight loss drug suppresses appetite, awaits FDA approval - Insider

Our group has actually looked the Internet to offer you with a detailed collection of the most current information in the health, physical fitness and also wellness room on the web. We wish that y https://t.co/zpCdAUNIoa",en,0,0,0,0,,"<a href=""https://publer.com"" rel=""nofollow"">Publer.com</a>",https://x.com/AntoniBloggs/status/1566289139036835840,False,False,2026-04-08T20:14:28.265266+00:00
1565349063901708292,mounjaro_weight,mounjaro,weight,2022-09-01T14:41:14+00:00,JustJewels93,Just Julie,One month Mounjaro update: total loss is -10.8 lbs. It killed cravings and obsessive food thoughts (such a relief). I feel good. No reduction in energy. Starting the next level up today and doing 5mg.,en,1,0,8,0,,"<a href=""http://twitter.com/download/iphone"" rel=""nofollow"">Twitter for iPhone</a>",https://x.com/JustJewels93/status/1565349063901708292,False,False,2026-04-08T20:14:28.265266+00:00
1565103195466104832,mounjaro_weight,mounjaro,weight,2022-08-31T22:24:14+00:00,FazzyMom,☀️Di☀️,@stanielsmooth I’ve lost 18 lbs in 8 wks by taking the shot Mounjaro. That was just the loading dose. Now is when I’m suppose to start losing real weight.,en,0,0,4,0,,"<a href=""http://twitter.com/download/iphone"" rel=""nofollow"">Twitter for iPhone</a>",https://x.com/FazzyMom/status/1565103195466104832,False,True,2026-04-08T20:14:28.266262+00:00
1565008163484700678,mounjaro_weight,mounjaro,weight,2022-08-31T16:06:37+00:00,pmarreck,"Peter ""Coder AI Optimist"" Marreck","@iamritu @NEJM @mmamas1973 @escardio @JGrapsa @vass_vassiliou @purviparwani @DrMarthaGulati @Sarah_Moharem @chiarabd @SilCastelletti @hvanspall 1 month in on Tirzepatide (prediabetic diagnosis). 17+ lbs lost. Exercise 2-3x/wk at Orangetheory. Try to avoid carbs (this drug makes that feel MUCH easier). Other than that, just… not obsessing over food intake, and still losing, for the first time in my life at 50 years old. https://t.co/u7BG0B5RrV",en,0,0,0,0,,"<a href=""http://twitter.com/download/iphone"" rel=""nofollow"">Twitter for iPhone</a>",https://x.com/pmarreck/status/1565008163484700678,False,True,2026-04-08T20:14:28.266262+00:00
1565006837224726528,mounjaro_weight,mounjaro,weight,2022-08-31T16:01:21+00:00,pmarreck,"Peter ""Coder AI Optimist"" Marreck","@DeepuSebin This is just about 1 month in on tirzepatide, 17 lbs lost fairly effortlessly, and without having to obsess over it (food logging, etc.), which is extremely impressive; goal is (and has been for literally the last 20+ years) 200 lbs https://t.co/f9zskkmixT",en,0,0,0,0,,"<a href=""http://twitter.com/download/iphone"" rel=""nofollow"">Twitter for iPhone</a>",https://x.com/pmarreck/status/1565006837224726528,False,True,2026-04-08T20:14:28.266262+00:00
1565004323398062081,mounjaro_weight,mounjaro,weight,2022-08-31T15:51:21+00:00,pmarreck,"Peter ""Coder AI Optimist"" Marreck","@DrNadolsky @joinsequence Start peak at left was 275, just a little over a month ago. 17 lbs so far, and I’m only on 5mg tirzepatide. The thing I love about this is *not having to hyperfocus on my eating in order to get the weight down.* I’m just exercising 2-3x/week and otherwise just doing my tech life https://t.co/0zpZuDSh05",en,2,0,1,0,,"<a href=""http://twitter.com/download/iphone"" rel=""nofollow"">Twitter for iPhone</a>",https://x.com/pmarreck/status/1565004323398062081,False,True,2026-04-08T20:14:28.266262+00:00
1564974930227232771,mounjaro_weight,mounjaro,weight,2022-08-31T13:54:33+00:00,Tellit007,Tellit Likeitis,@DrNadolsky @joinsequence I am seeing same. Less than 1 month on 2.5mg starter dose I have lost 9.5lbs without batting an eye. I almost feel guilty about how easy tirzepatide makes this. It seriously reduced my appetite while still letting me enjoy the food I still eat.,en,0,1,9,0,,"<a href=""http://twitter.com/download/android"" rel=""nofollow"">Twitter for Android</a>",https://x.com/Tellit007/status/1564974930227232771,False,True,2026-04-08T20:14:28.266262+00:00
1564765952432029696,mounjaro_weight,mounjaro,weight,2022-08-31T00:04:09+00:00,Tellit007,Tellit Likeitis,"@DrNadolsky Mounjaro has now officially beat Covid-19 to its game. 6lbs lost on Covid, 8 on 1st month of Mounjaro! Catchingggg!",en,0,0,1,0,,"<a href=""http://twitter.com/download/android"" rel=""nofollow"">Twitter for Android</a>",https://x.com/Tellit007/status/1564765952432029696,False,False,2026-04-08T20:14:28.266262+00:00
1564324069109104642,mounjaro_weight,mounjaro,weight,2022-08-29T18:48:16+00:00,marthann85,Martha,@AliLexa Same! I hit my highest weight ever in April. I’ve done 2 months of mounjaro and lost 27 pounds!,en,0,0,5,0,,"<a href=""http://twitter.com/download/iphone"" rel=""nofollow"">Twitter for iPhone</a>",https://x.com/marthann85/status/1564324069109104642,False,True,2026-04-08T20:14:28.266262+00:00
1564271063017586690,mounjaro_weight,mounjaro,weight,2022-08-29T15:17:38+00:00,AliLexa,Ali Juris,For years I've struggled with my weight. Between PCOS and major hormonal imbalances I've gained 100lbs in the last 5 years. I started Mounjaro almost a month ago and I've dropped almost 25 pounds. I could cry. My clothes fit better. I have no food cravings. I'm so fucking happy.,en,3,1,13,0,,"<a href=""https://mobile.twitter.com"" rel=""nofollow"">Twitter Web App</a>",https://x.com/AliLexa/status/1564271063017586690,False,False,2026-04-08T20:14:28.267259+00:00
1564099262794833920,mounjaro_weight,mounjaro,weight,2022-08-29T03:54:58+00:00,Clmpedspt,Connie Moore,"@DrNadolsky If a person has 50 pounds to lose, which would you recommend….
tirzepatide or GLP-1 RA.  I’m no doc, just reading your tweets and interested.",en,0,0,0,0,,"<a href=""http://twitter.com/download/iphone"" rel=""nofollow"">Twitter for iPhone</a>",https://x.com/Clmpedspt/status/1564099262794833920,False,True,2026-04-08T20:14:28.267259+00:00
1563985099754020872,mounjaro_weight,mounjaro,weight,2022-08-28T20:21:19+00:00,phyllismc,Phyllis MC,"@AdamBaldwin @elonmusk WeightWatchers &amp; Mounjaro to control blood sugar (glycemic index). Mounjaro cuts carb craving to virtually nil.
Gone sugar-free, &amp; for items that need sugar, replaced w Monk fruit sweetener. ❤️
More fruits &amp; veg as fillers.
Thrilled w progress for 1st time in life.
-14# in 6wks.",en,2,0,0,0,,"<a href=""http://twitter.com/download/android"" rel=""nofollow"">Twitter for Android</a>",https://x.com/phyllismc/status/1563985099754020872,False,False,2026-04-08T20:14:28.267259+00:00
1563547920057905152,mounjaro_weight,mounjaro,weight,2022-08-27T15:24:08+00:00,girlmeetsworm,who wants to know?,"@BrianFr11473 me neither, it made me so so sick! my dr had me stop for a few months and I just started mounjaro 2 months ago and I’ve lost 15 lbs",en,0,0,1,0,,"<a href=""http://twitter.com/download/iphone"" rel=""nofollow"">Twitter for iPhone</a>",https://x.com/girlmeetsworm/status/1563547920057905152,False,True,2026-04-08T20:14:28.267259+00:00
1563172212173328384,mounjaro_weight,mounjaro,weight,2022-08-26T14:31:12+00:00,lfcphl,OLFC Philly (LFCPHL),@fatwallet72 @fredflunk Mounjaro does too. I lost 65lb on Glyxambi but it has some odd side effects,en,1,0,1,0,,"<a href=""http://twitter.com/download/iphone"" rel=""nofollow"">Twitter for iPhone</a>",https://x.com/lfcphl/status/1563172212173328384,False,True,2026-04-08T20:14:28.267771+00:00
1563130003729948672,mounjaro_weight,mounjaro,weight,2022-08-26T11:43:29+00:00,iamritu,Ritu Thamman MD,"#ESCCongress
New weight loss class of Rx:
Tirzepatide
🫀GLP-1/GIP receptor dual agonist 
🫀Dosed weekly SC
🫀Net weight loss &gt;= 5% seen at 5, 10, 15 mg doses 
🫀More than 50% pts lost &gt;= 20% body weight at 10 or 15 mg 
SURMOUNT-1 phase 3 trial in @nejm https://t.co/cpVAdmcyux https://t.co/DnMblnIwAq",en,1,8,14,1,,"<a href=""http://twitter.com/download/iphone"" rel=""nofollow"">Twitter for iPhone</a>",https://x.com/iamritu/status/1563130003729948672,False,False,2026-04-08T20:14:28.267771+00:00
1562830884600184834,mounjaro_weight,mounjaro,weight,2022-08-25T15:54:53+00:00,JustJewels93,Just Julie,#mounjaro and data driven fasting update for week 3: I am -9.5 lbs total. Feeling good. Minimal side effects other than temporary mild nausea and some dry mouth 9 hours post shot.  Satiety is high!,en,0,0,4,0,,"<a href=""http://twitter.com/download/iphone"" rel=""nofollow"">Twitter for iPhone</a>",https://x.com/JustJewels93/status/1562830884600184834,False,False,2026-04-08T20:14:29.046640+00:00
1562807502873325568,mounjaro_weight,mounjaro,weight,2022-08-25T14:21:58+00:00,Mounjaro_and_me,Ells Bells,"3 pounds lost. 
Today is 2nd dose of #Mounjaro. Compared to the possible side effects, I got off easy this last week. #Mounjaro #terzepatide #weightlossjourney",en,0,0,2,0,,"<a href=""http://twitter.com/download/iphone"" rel=""nofollow"">Twitter for iPhone</a>",https://x.com/Mounjaro_and_me/status/1562807502873325568,False,False,2026-04-08T20:14:29.047639+00:00
1562488048599703552,mounjaro_weight,mounjaro,weight,2022-08-24T17:12:35+00:00,ruthie48,Ruthie,"Tirzepatide: Weight Loss Drug Suppresses Appetite, Awaits FDA Approval https://t.co/yWaTKTniDy",en,0,0,0,0,,"<a href=""http://twitter.com/#!/download/ipad"" rel=""nofollow"">Twitter for iPad</a>",https://x.com/ruthie48/status/1562488048599703552,False,False,2026-04-08T20:14:29.047639+00:00
1562208265391448064,mounjaro_weight,mounjaro,weight,2022-08-23T22:40:49+00:00,Mounjaro_and_me,Ells Bells,Day five on Mounjaro. I feel better already…less bloated. Needing to keep up water intake for sure! Lots of bathroom breaks. Appetite suppression as feeling fuller faster when eating as also prominent. #Mounjaro #terzepatide #weightlossjourney,en,0,0,1,0,,"<a href=""http://twitter.com/download/iphone"" rel=""nofollow"">Twitter for iPhone</a>",https://x.com/Mounjaro_and_me/status/1562208265391448064,False,False,2026-04-08T20:14:29.047639+00:00
1560982459461910528,mounjaro_weight,mounjaro,weight,2022-08-20T13:29:54+00:00,sarasteinmd,Sara Stein MD,"@ElieJarrougeMD @MMtofollow Tirzepatide will help with that, it's the GIP agonist that seems to make a difference. I don't see a simple GLP-1 agonist working on sugar addiction, although it does reduce appetite. The Mounjaro seems to do both. I add bupropion for the dopamine kick if needed.",en,0,0,4,0,,"<a href=""http://twitter.com/download/android"" rel=""nofollow"">Twitter for Android</a>",https://x.com/sarasteinmd/status/1560982459461910528,False,True,2026-04-08T20:14:29.047639+00:00
1560812321206845440,mounjaro_weight,mounjaro,weight,2022-08-20T02:13:50+00:00,Tellit007,Tellit Likeitis,"So I added seed oil and lost 10lbs in a week. Or maybe it was the tirzepatide? Either way, seed oil not the problem @TheNutrivore ?",en,2,0,4,0,,"<a href=""http://twitter.com/download/android"" rel=""nofollow"">Twitter for Android</a>",https://x.com/Tellit007/status/1560812321206845440,False,False,2026-04-08T20:14:29.047639+00:00
1560507273880952832,mounjaro_weight,mounjaro,weight,2022-08-19T06:01:41+00:00,rikrenard,Rik Renard,@Andy_Arends MM you lost me here sorry 😂 Can you explain what Mounjaro is?,en,1,0,0,0,,"<a href=""http://twitter.com/download/iphone"" rel=""nofollow"">Twitter for iPhone</a>",https://x.com/rikrenard/status/1560507273880952832,False,True,2026-04-08T20:14:29.047639+00:00
1560431671848996864,mounjaro_weight,mounjaro,weight,2022-08-19T01:01:16+00:00,JustJewels93,Just Julie,Mounjaro plus data driven fasting week #2 update: -2.1 lbs for the week. Total weight lost in two weeks= 7.1 lbs. I’m very happy with this and feel good overall! Satiety up and I’m able to easily eat two meals plus zero snacks daily. Third shot taken today. Blood sugar down.,en,2,0,6,0,,"<a href=""http://twitter.com/download/iphone"" rel=""nofollow"">Twitter for iPhone</a>",https://x.com/JustJewels93/status/1560431671848996864,False,False,2026-04-08T20:14:29.047639+00:00
1560165615607988224,mounjaro_weight,mounjaro,weight,2022-08-18T07:24:03+00:00,SennaSimama,Weight Loss Success,"Tirzepatide: Weight loss drug suppresses appetite, awaits FDA approval - Insider https://t.co/gl5by05TGF",en,0,0,0,0,,"<a href=""https://ifttt.com"" rel=""nofollow"">IFTTT</a>",https://x.com/SennaSimama/status/1560165615607988224,False,False,2026-04-08T20:14:29.047639+00:00
1560115898119241734,mounjaro_weight,mounjaro,weight,2022-08-18T04:06:30+00:00,pmarreck,"Peter ""Coder AI Optimist"" Marreck","@theliverdoc @AchakzaiMashaal I’ve been on tirzepatide for a month. Down 10 lbs completely effortlessly. I’d say 50% of my hunger is gone, and no between-meal cravings. If this is how normal- to thin-weighted people (who are not weight-obsessed) experience hunger, then f***, they indeed have a superpower lol",en,1,0,2,0,,"<a href=""http://twitter.com/download/iphone"" rel=""nofollow"">Twitter for iPhone</a>",https://x.com/pmarreck/status/1560115898119241734,False,True,2026-04-08T20:14:29.048633+00:00
1560080077957775360,mounjaro_weight,mounjaro,weight,2022-08-18T01:44:10+00:00,HerGraceFace,DJ BOSS 🏳️‍🌈 she/her,@TheChronicCon I'm just under 5 weeks on Mounjaro. 18lbs lost so far. Basically no appetite most of the time. Drinking tons of water. Really pleased with my results so far.,en,1,0,6,0,,"<a href=""http://twitter.com/download/android"" rel=""nofollow"">Twitter for Android</a>",https://x.com/HerGraceFace/status/1560080077957775360,False,True,2026-04-08T20:14:29.048633+00:00
1559993255734960131,mounjaro_weight,mounjaro,weight,2022-08-17T19:59:10+00:00,dutchyankee2,Rob Dirne,"@DrNadolsky @MyNutritionSci @sguyenet Tirzepatide is unreal. Less than 2 weeks in, over 6lbs lost on STARTER dose of 2.5mg. No nausea at all, just some stomach rumblings occasionally. Early days but already looking too good to be true.",en,0,0,1,0,,"<a href=""http://twitter.com/download/android"" rel=""nofollow"">Twitter for Android</a>",https://x.com/dutchyankee2/status/1559993255734960131,False,True,2026-04-08T20:14:29.048633+00:00
1559990066767880193,mounjaro_weight,mounjaro,weight,2022-08-17T19:46:29+00:00,dutchyankee2,Rob Dirne,"@Tonyoneill83 @ScepticalDoctor Tirzepatide. 10lbs down in 2 weeks on the starter dose of 2.5mg. 0 side effects so far (nausea is the most reported one, I have none). Stomach a bit rumbly once in a while that's it.
It suppresses my appetite making it almost too easy!",en,1,0,0,0,,"<a href=""http://twitter.com/download/android"" rel=""nofollow"">Twitter for Android</a>",https://x.com/dutchyankee2/status/1559990066767880193,False,True,2026-04-08T20:14:29.048633+00:00
1559141831358693376,mounjaro_weight,mounjaro,weight,2022-08-15T11:35:54+00:00,Mykalt45,Michael Torres,"Latest #mounjaro update. 1 month at 2.5 mg, 3 weeks at 5 mg. So ~20 lbs in 2 months. We discussed doing 3 months, but not sure it’s needed. https://t.co/JY2qCcf4Bj",en,4,0,7,0,,"<a href=""http://twitter.com/download/iphone"" rel=""nofollow"">Twitter for iPhone</a>",https://x.com/Mykalt45/status/1559141831358693376,False,True,2026-04-08T20:14:29.048633+00:00
1558544732241936384,mounjaro_weight,mounjaro,weight,2022-08-13T20:03:15+00:00,jessicadbarlow,Jessica Barlow,@ballnallthetime So i just got my OB to prescribe me Mounjaro for off label use appetite suppressant and weight loss. I started today and I am so excited to see how it goes,en,2,0,2,0,,"<a href=""http://twitter.com/download/iphone"" rel=""nofollow"">Twitter for iPhone</a>",https://x.com/jessicadbarlow/status/1558544732241936384,False,True,2026-04-08T20:14:29.048633+00:00
1558160973306798080,mounjaro_weight,mounjaro,weight,2022-08-12T18:38:19+00:00,JustJewels93,Just Julie,Mounjaro with data driven fasting update for one week: -5.5 lbs! Mild nausea 9 hours post 2nd shot. Reduced appetite this morning. I ate lunch. Possibly done with food for the day. Finding this medication to be extremely helpful with satiety and appetite so far.,en,2,0,6,0,,"<a href=""http://twitter.com/download/iphone"" rel=""nofollow"">Twitter for iPhone</a>",https://x.com/JustJewels93/status/1558160973306798080,False,False,2026-04-08T20:14:29.048633+00:00
1558072390902583301,mounjaro_weight,mounjaro,weight,2022-08-12T12:46:20+00:00,marthann85,Martha,@speecherKelly I didn’t do Ozempic but I’ve been on Mounjaro for 5 weeks and have lost 14 pounds. Ozempic is having supply issues so that’s probably why they switched you (and mounjaro is showing better weight loss results),en,1,0,0,0,,"<a href=""http://twitter.com/download/iphone"" rel=""nofollow"">Twitter for iPhone</a>",https://x.com/marthann85/status/1558072390902583301,False,False,2026-04-08T20:14:29.048633+00:00
1558039514836353024,mounjaro_weight,mounjaro,weight,2022-08-12T10:35:41+00:00,kellyjphd,DrJPhD,"Patient success story:Lost 14.4 pounds in 4 weeks Keys to Success:
Utilizing Mounjaro and reports it’s a game changer Being mindful of the food consuming 
Walking 30 minutes a day! 
@inhealthonline #weightloss #lifestylechange #behaviorchange",en,0,0,2,0,,"<a href=""http://twitter.com/download/iphone"" rel=""nofollow"">Twitter for iPhone</a>",https://x.com/kellyjphd/status/1558039514836353024,False,False,2026-04-08T20:14:29.049632+00:00
1557632332508561408,mounjaro_weight,mounjaro,weight,2022-08-11T07:37:42+00:00,BuySite1,fatloss.shop,Mounjaro One month results | I LOST HOW MUCH?! | Weight loss UPDATE! https://t.co/MvBzTuE3VI,en,0,0,0,0,,"<a href=""http://publicize.wp.com/"" rel=""nofollow"">Jetpack.com</a>",https://x.com/BuySite1/status/1557632332508561408,False,False,2026-04-08T20:14:29.049632+00:00
1556651290511388672,mounjaro_weight,mounjaro,weight,2022-08-08T14:39:23+00:00,JustJewels93,Just Julie,So total weight loss (so far) with #Mounjaro over 4 days is -4.2lbs. Obviously it’s water with a smidge of fat but it’s still great to see. Guaranteed to slow down AND I’m on the lowest dose so room to move up! Appetite starting to increase as the week goes on. Next shot Thurs.,en,4,0,1,0,,"<a href=""http://twitter.com/download/iphone"" rel=""nofollow"">Twitter for iPhone</a>",https://x.com/JustJewels93/status/1556651290511388672,False,False,2026-04-08T20:14:29.049632+00:00
1556422894468485120,mounjaro_weight,mounjaro,weight,2022-08-07T23:31:49+00:00,JustJewels93,Just Julie,"@KetoSustainable @DoctorTro Idk but I think if it were, I would’ve mastered it. Nobody has worked harder to hack their appetite than me! I’ve been at this for 4+ years now and my weight is beginning to climb and I’m scared! Mounjaro is a relief!",en,0,0,4,0,,"<a href=""http://twitter.com/download/iphone"" rel=""nofollow"">Twitter for iPhone</a>",https://x.com/JustJewels93/status/1556422894468485120,False,True,2026-04-08T20:14:30.110012+00:00
1556397772462387200,mounjaro_weight,mounjaro,weight,2022-08-07T21:52:00+00:00,JustJewels93,Just Julie,"@DoctorTro If you are like me who has tried and tried and tried to hack her appetite and satiety through keto/carnivore/PE to no avail, then try Ozempic or Mounjaro… it is shutting off my appetite and feels like a miracle!!!",en,3,0,5,0,,"<a href=""http://twitter.com/download/iphone"" rel=""nofollow"">Twitter for iPhone</a>",https://x.com/JustJewels93/status/1556397772462387200,False,True,2026-04-08T20:14:30.111007+00:00
1556085075481165825,mounjaro_weight,mounjaro,weight,2022-08-07T01:09:27+00:00,thirstytrapped,nah,@xKloc - I took my first shot of Mounjaro two days ago. Nausea and headache first night. Intermittent but tolerable nausea first full day. Now second full day and at least for me appetite suppression has already worn off.,en,3,0,0,0,,"<a href=""http://twitter.com/download/iphone"" rel=""nofollow"">Twitter for iPhone</a>",https://x.com/thirstytrapped/status/1556085075481165825,False,False,2026-04-08T20:14:30.111007+00:00
1555983491766145024,mounjaro_weight,mounjaro,weight,2022-08-06T18:25:47+00:00,DanielJDrucker,Daniel J Drucker,Pharmacological Rxment of adolescent #obesity Rapid progress without even a whisper of emerging tirzepatide https://t.co/X4BJWV0iXy https://t.co/YqnmxRyJPZ,en,1,30,53,1,,"<a href=""http://twitter.com/#!/download/ipad"" rel=""nofollow"">Twitter for iPad</a>",https://x.com/DanielJDrucker/status/1555983491766145024,False,False,2026-04-08T20:14:30.111007+00:00
1555148873370329088,mounjaro_weight,mounjaro,weight,2022-08-04T11:09:19+00:00,DanielJDrucker,Daniel J Drucker,@LillyPad highlights strong early growth and clinical trial progress for tirzepatide #obesity #T2D https://t.co/qdVmsG8wlq https://t.co/OAF402q1mm,en,1,3,14,1,,"<a href=""http://twitter.com/download/iphone"" rel=""nofollow"">Twitter for iPhone</a>",https://x.com/DanielJDrucker/status/1555148873370329088,False,False,2026-04-08T20:14:30.111007+00:00
1554478548412669953,mounjaro_weight,mounjaro,weight,2022-08-02T14:45:41+00:00,tariqtramboo,Dr Tariq Tramboo,"Breaking:

 #Tirzepatide Trial Demonstrates Substantial #weightloss 

Patients with overweight or obesity who took tirzepatide in a clinical trial lost up to 21% of their body weight compared with an average 3.1% weight loss in the placebo group. https://t.co/zwXIijQ4hb",en,0,1,11,0,,"<a href=""http://twitter.com/download/iphone"" rel=""nofollow"">Twitter for iPhone</a>",https://x.com/tariqtramboo/status/1554478548412669953,False,False,2026-04-08T20:14:30.111007+00:00
1554296093596299264,mounjaro_weight,mounjaro,weight,2022-08-02T02:40:40+00:00,dmbtrivia2,DMDirecTrivia,"@QuaintTransfer @CiaoDottoressa @EricTopol @davidludwigmd @PostOpinions @NatureComms It's way more nuanced than that. Do some research and you'll see that GLP-1 affects more than just appetite.

GIP, which Tirzepatide also antagonizes, has other effects. It's not all about calories. Intellectual flexibility my friends.... we learn.... https://t.co/pD0OWrrH5s",en,1,0,0,0,,"<a href=""https://mobile.twitter.com"" rel=""nofollow"">Twitter Web App</a>",https://x.com/dmbtrivia2/status/1554296093596299264,False,True,2026-04-08T20:14:30.111007+00:00
1554059365824569352,mounjaro_weight,mounjaro,weight,2022-08-01T11:00:00+00:00,JAMA_current,JAMA,#MedicalNews: Patients with overweight or obesity who took tirzepatide in a clinical trial lost up to 21% of their body weight compared with an average 3.1% weight loss in the placebo group. https://t.co/cKwhN4bgrq,en,3,17,79,7,,"<a href=""https://www.sprinklr.com"" rel=""nofollow"">Sprinklr</a>",https://x.com/JAMA_current/status/1554059365824569352,False,False,2026-04-08T20:14:30.112004+00:00
1553709426703482880,mounjaro_weight,mounjaro,weight,2022-07-31T11:49:28+00:00,Mykalt45,Michael Torres,"#mounjaro update. I just finished week 1 at 5 mg having done 2.5 mg once weekly for 4 weeks. Once I finish the month out, I don’t think I’ll need to continue. (Side note, easy to see when we were in Mexico. Trend survived all-inclusive! https://t.co/8DnpfNAAtr",en,3,0,2,0,,"<a href=""http://twitter.com/download/iphone"" rel=""nofollow"">Twitter for iPhone</a>",https://x.com/Mykalt45/status/1553709426703482880,False,True,2026-04-08T20:14:30.112004+00:00
1551195046938017792,mounjaro_weight,mounjaro,weight,2022-07-24T13:18:13+00:00,GeneticLiteracy,Genetic Literacy Project,"People who took Tirzepatide (a drug) lost up to 22% of their body weight and achieved far greater weight loss on average than the placebo group.
@Gizmodo
 https://t.co/6d5ReAzSB4",en,0,1,1,0,,"<a href=""http://erased6644614_QyctI2jsZ5.com"" rel=""nofollow"">erased6644614_QyctI2jsZ5</a>",https://x.com/GeneticLiteracy/status/1551195046938017792,False,False,2026-04-08T20:14:30.112004+00:00
1548856447055839233,mounjaro_weight,mounjaro,weight,2022-07-18T02:25:27+00:00,marthann85,Martha,I started Mounjaro Tuesday and I’m down 3.5 pounds in 6 days (10 pounds since we got back from France!). AND I’m not hungry. It’s a weekly injection and I can tell It’s wearing off bc I’ve been hungry today. Im excited to see how this will help me.,en,1,0,4,1,,"<a href=""http://twitter.com/download/iphone"" rel=""nofollow"">Twitter for iPhone</a>",https://x.com/marthann85/status/1548856447055839233,False,True,2026-04-08T20:14:30.112004+00:00
1548826419475759104,mounjaro_weight,mounjaro,weight,2022-07-18T00:26:08+00:00,dutchyankee2,Rob Dirne,"@NutritionMadeS3 Mounjaro for the win. Suppress that appetite! And then use the remaining appetite for fruits, veggies, legumes, whole grains and fatty fish (or vegan version of omegas and pufas if so inclined).",en,0,0,0,0,,"<a href=""http://twitter.com/download/android"" rel=""nofollow"">Twitter for Android</a>",https://x.com/dutchyankee2/status/1548826419475759104,False,True,2026-04-08T20:14:30.112004+00:00
1548647323902693384,mounjaro_weight,mounjaro,weight,2022-07-17T12:34:29+00:00,Mykalt45,Michael Torres,#mounjaro update after completing 3 weeks at 2.5 mg. 12 lbs so far. Getting closer to my goal weight. https://t.co/BKYykjLsfH,en,1,0,6,0,,"<a href=""http://twitter.com/download/iphone"" rel=""nofollow"">Twitter for iPhone</a>",https://x.com/Mykalt45/status/1548647323902693384,False,True,2026-04-08T20:14:30.113000+00:00
1546225110096515074,mounjaro_weight,mounjaro,weight,2022-07-10T20:09:28+00:00,jenniferhuber,Jennifer Huber,"Have you heard of #Mounjaro for Type 2 Diabetes? I just wrapped up Week 2 on this new medication. Because it's new, I'm documenting my journey and posting the videos on YouTube. Here's my Week2 experience:  https://t.co/aPjakVcuqC via @YouTube",en,0,1,2,0,,"<a href=""https://mobile.twitter.com"" rel=""nofollow"">Twitter Web App</a>",https://x.com/jenniferhuber/status/1546225110096515074,False,False,2026-04-08T20:14:30.113000+00:00
1546119196693696513,mounjaro_weight,mounjaro,weight,2022-07-10T13:08:36+00:00,prometheusgreen,Val Giddings,Tirzepatide: Drug  in trials that can help you shed 50 pounds or more is as effective as bariatric surgery https://t.co/9WKpyZTpPF via @GeneticLiteracy,en,0,0,3,0,,"<a href=""https://mobile.twitter.com"" rel=""nofollow"">Twitter Web App</a>",https://x.com/prometheusgreen/status/1546119196693696513,False,False,2026-04-08T20:14:30.113000+00:00
1546112558352011266,mounjaro_weight,mounjaro,weight,2022-07-10T12:42:13+00:00,GeneticLiteracy,Genetic Literacy Project,"People who took Tirzepatide (a drug) lost up to 22% of their body weight and achieved far greater weight loss on average than the placebo group.
@Gizmodo
 https://t.co/lwRU0U8ND6",en,0,1,1,0,,"<a href=""http://erased6644614_QyctI2jsZ5.com"" rel=""nofollow"">erased6644614_QyctI2jsZ5</a>",https://x.com/GeneticLiteracy/status/1546112558352011266,False,False,2026-04-08T20:14:30.113000+00:00
1543659868267094018,mounjaro_weight,mounjaro,weight,2022-07-03T18:16:07+00:00,DUGHAWKS,Doug Gillespie,@Steveo19622 @KeithAn60375456 @DrNadolsky yep just gotta be consistent and realize will not be overnight. I did start Mounjaro b/c I feel it is a good bridge. so far I like it. But i know its way more than that. But I couldnt stop eating was like my appetite always on..sick stuff... good for you man unreal pic!,en,1,0,1,0,,"<a href=""https://mobile.twitter.com"" rel=""nofollow"">Twitter Web App</a>",https://x.com/DUGHAWKS/status/1543659868267094018,False,False,2026-04-08T20:14:30.113000+00:00
1542908180547751939,mounjaro_weight,mounjaro,weight,2022-07-01T16:29:10+00:00,BlytheandDogs,🐾Blythe & Her Dog 🐾,"@xKloc @DrNadolsky I also just started Mounjaro, so far it’s is really effective at helping me reduce my caloric intake (1800 down to 1100 daily) and energy for exercise is good too.  I’m down 11 lbs and I am only on the 2.5 mg dose.",en,1,1,3,0,,"<a href=""http://twitter.com/download/iphone"" rel=""nofollow"">Twitter for iPhone</a>",https://x.com/BlytheandDogs/status/1542908180547751939,False,True,2026-04-08T20:14:30.113000+00:00
1542342713605033991,mounjaro_weight,mounjaro,weight,2022-06-30T03:02:12+00:00,DoctorTro,DoctorTro,"Talked to an endocrinologist today:

Me:
“While in our program, we were able to stop the 40U of insulin, patient lost 50lbs &amp; a1c dropped to 6.1” 

Endo:
“How?”

Me:
“a CGM, our app, our education platform, our health coaches”

Endo:
“Do you think we should start Mounjaro”

🤦‍♂️",en,6,2,43,0,,"<a href=""http://twitter.com/download/iphone"" rel=""nofollow"">Twitter for iPhone</a>",https://x.com/DoctorTro/status/1542342713605033991,False,False,2026-04-08T20:14:31.090388+00:00
1540928629906997248,mounjaro_weight,mounjaro,weight,2022-06-26T05:23:09+00:00,sanapr84,SanMsk,"About 9 out of 10 people with obesity lost weight while taking tirzepatide in this study, said Dr. Ania Jastreboff, the lead author and director of weight management and obesity prevention at the Yale Stress Center in New Haven, Connecticut. ... https://t.co/6fiMZlSaO1",en,1,0,0,0,,"<a href=""https://contentstudio.io"" rel=""nofollow"">ContentStudio.io</a>",https://x.com/sanapr84/status/1540928629906997248,False,False,2026-04-08T20:14:31.090388+00:00
1540784531543924736,mounjaro_weight,mounjaro,weight,2022-06-25T19:50:33+00:00,GeneticLiteracy,Genetic Literacy Project,"People who took Tirzepatide (a drug) lost up to 22% of their body weight and achieved far greater weight loss on average than the placebo group.
@Gizmodo
 https://t.co/jBpYLT6rRy",en,0,1,1,0,,"<a href=""http://erased6644614_QyctI2jsZ5.com"" rel=""nofollow"">erased6644614_QyctI2jsZ5</a>",https://x.com/GeneticLiteracy/status/1540784531543924736,False,False,2026-04-08T20:14:31.090388+00:00
1540749413659734016,mounjaro_weight,mounjaro,weight,2022-06-25T17:31:00+00:00,Yale,Yale University,"People with obesity treated with a novel GIP/GLP-1 receptor agonist, tirzepatide, lost about 52 pounds on average, according to a recent Yale study.

@YaleMed 
https://t.co/9ZXt7FPbky",en,0,2,6,1,,"<a href=""https://sproutsocial.com"" rel=""nofollow"">Sprout Social</a>",https://x.com/Yale/status/1540749413659734016,False,False,2026-04-08T20:14:31.090388+00:00
1537425175930470400,mounjaro_weight,mounjaro,weight,2022-06-16T13:21:40+00:00,np_grwl,NP AGARWAL世界一フォローを目指しますAiming best in world.,"https://t.co/OohUoTnWRx
#tirzepatide, #lost #weight about 52 pounds on average,",en,0,0,0,0,,"<a href=""http://twitter.com/download/android"" rel=""nofollow"">Twitter for Android</a>",https://x.com/np_grwl/status/1537425175930470400,False,False,2026-04-08T20:14:31.091382+00:00
1537055229543436289,mounjaro_weight,mounjaro,weight,2022-06-15T12:51:38+00:00,emmarcourt,Emma Court,"For those following $LLY's obesity drug tirzepatide, which helped patients lose as much as 50 pounds in a recent study, the company could file for approval in 3Q23 and launch mid-2024, says SVB Securities' David Risinger.",en,1,0,1,0,,"<a href=""https://mobile.twitter.com"" rel=""nofollow"">Twitter Web App</a>",https://x.com/emmarcourt/status/1537055229543436289,False,False,2026-04-08T20:14:31.091382+00:00
1537051790088208385,mounjaro_weight,mounjaro,weight,2022-06-15T12:37:58+00:00,BenWWeston,"Ben Weston, MD, MPH","'40% lost a quarter of their body weight'

Promising new study on #obesity drug.

A REAL study (peer-reviewed, randomized, controlled) with ~2500 ppl found diabetes drug Tirzepatide led to avg 50lb wt loss at higher doses.

Impressive findings. 

https://t.co/3uTtATOEUP",en,1,0,3,0,,"<a href=""https://mobile.twitter.com"" rel=""nofollow"">Twitter Web App</a>",https://x.com/BenWWeston/status/1537051790088208385,False,False,2026-04-08T20:14:31.091382+00:00
1536361436586418178,mounjaro_weight,mounjaro,weight,2022-06-13T14:54:45+00:00,ValleyForgeWMC,Valley Forge Weight Management Center,"“This new drug could be a Game Changer” - CBS.
The study in NEJM - “Tirzepatide once weekly for treatment of obesity” shows promising results. A patient loses 25% to 30% weight after Bariatric Surgery in 1-2 years. 36% of patients in this trial lost 25% or more weight in 72 weeks https://t.co/WQ50Idtww3",en,1,3,4,0,,"<a href=""http://twitter.com/download/iphone"" rel=""nofollow"">Twitter for iPhone</a>",https://x.com/ValleyForgeWMC/status/1536361436586418178,False,False,2026-04-08T20:14:31.091382+00:00
1536338261286739971,mounjaro_weight,mounjaro,weight,2022-06-13T13:22:39+00:00,JonEntine,Jon Entine,Tirzepatide: Drug that can help you shed 50 pounds or more is as effective as bariatric surgery and in trials https://t.co/FrORYxRH5L via @GeneticLiteracy,en,0,0,1,0,,"<a href=""https://mobile.twitter.com"" rel=""nofollow"">Twitter Web App</a>",https://x.com/JonEntine/status/1536338261286739971,False,False,2026-04-08T20:14:31.091382+00:00
1535673754830897155,mounjaro_weight,mounjaro,weight,2022-06-11T17:22:09+00:00,GeneticLiteracy,Genetic Literacy Project,"People who took Tirzepatide (a drug) lost up to 22% of their body weight and achieved far greater weight loss on average than the placebo group.
@Gizmodo
 https://t.co/DknYhUMOIU",en,0,0,0,0,,"<a href=""http://erased6644614_QyctI2jsZ5.com"" rel=""nofollow"">erased6644614_QyctI2jsZ5</a>",https://x.com/GeneticLiteracy/status/1535673754830897155,False,False,2026-04-08T20:14:31.091382+00:00
1535293647310168065,mounjaro_weight,mounjaro,weight,2022-06-10T16:11:44+00:00,jareddashevsky,"Jared Dashevsky, MD, MEng 💌","1⃣ Promising weight loss drug 

Participants taking tirzepatide, a weekly injectable, GLP-1/GP1-analogue, lost on average 20% of their body weight after 1 year on the drug 

https://t.co/YnX4k4B2e2",en,1,0,4,0,,"<a href=""https://mobile.twitter.com"" rel=""nofollow"">Twitter Web App</a>",https://x.com/jareddashevsky/status/1535293647310168065,False,True,2026-04-08T20:14:31.091382+00:00
1533569324564226048,mounjaro_weight,mounjaro,weight,2022-06-05T21:59:53+00:00,jareddashevsky,"Jared Dashevsky, MD, MEng 💌","Gastric bypass surgery will be a thing of the past

I'll bet you my future attending salary...",en,7,5,17,3,,"<a href=""https://mobile.twitter.com"" rel=""nofollow"">Twitter Web App</a>",https://x.com/jareddashevsky/status/1533569324564226048,False,False,2026-04-08T20:14:31.092379+00:00
1535062616820707328,mounjaro_weight,mounjaro,weight,2022-06-10T00:53:42+00:00,RandallBurns5,Randall Burns,2) I personaly have lost over 90 lbs from my peak. I've found it very difficult to maintain that weight loss(which i have for several years) and Tirzepatide really make make that process accessible to more people.,en,0,0,1,0,,"<a href=""https://mobile.twitter.com"" rel=""nofollow"">Twitter Web App</a>",https://x.com/RandallBurns5/status/1535062616820707328,False,True,2026-04-08T20:14:31.092379+00:00
1534559126075973632,mounjaro_weight,mounjaro,weight,2022-06-08T15:33:01+00:00,Yale,Yale University,"People with obesity treated with a novel GIP/GLP-1 receptor agonist, tirzepatide, lost about 52 pounds on average, according to a new Yale study.

@YaleMed 
https://t.co/9ZXt7FxAt0",en,1,3,10,0,,"<a href=""https://sproutsocial.com"" rel=""nofollow"">Sprout Social</a>",https://x.com/Yale/status/1534559126075973632,False,False,2026-04-08T20:14:31.092379+00:00
1534552076792999938,mounjaro_weight,mounjaro,weight,2022-06-08T15:05:00+00:00,PhillyTrib,Philadelphia Tribune,"In comparison, studies on people with diabetes who used tirzepatide found they lost an average of 15% of their starting body weight, Gabbay said.

https://t.co/akzojX8TYX",en,0,0,0,0,,"<a href=""https://about.twitter.com/products/tweetdeck"" rel=""nofollow"">TweetDeck</a>",https://x.com/PhillyTrib/status/1534552076792999938,False,False,2026-04-08T20:14:31.092379+00:00
1534453495344005120,mounjaro_weight,mounjaro,weight,2022-06-08T08:33:16+00:00,drpatrickholmes,Patrick Holmes,"@irenep671 @GoggleDocs @UKCPADiabetes @kamleshkhunti @AbdTahrani @DanielJDrucker @HannahBeba @PharmRJ @AliceYYCheng @ShelleyZieroth @DSNforumUK @ADA_DiabetesPro @EASDelearning Would need to progress to completed phase 3. So 4 years if the development program goes forward. 

Then be licensed by the drug regulator. 

Then it would be up to NICE to deem if cost-effective for the U.K.  

I remember seeing similar data for tirzepatide 3y ago.",en,0,0,1,0,,"<a href=""http://twitter.com/download/iphone"" rel=""nofollow"">Twitter for iPhone</a>",https://x.com/drpatrickholmes/status/1534453495344005120,False,True,2026-04-08T20:14:31.092379+00:00
1534327259091423232,mounjaro_weight,mounjaro,weight,2022-06-08T00:11:39+00:00,JordanA_MD,"Jordan Anderson, MD MBA","Finally getting around to reading the Tirzepatide trial in @NEJM a new GIP + GLP-1 agonist used to treat obesity

- Average 20% body-weight loss (~45 lbs) in just over 1 yr 😲
- &gt;90% of patients received a minimum of 5%⬇️in weight
https://t.co/W0PeGiM7Rx https://t.co/5C2GUuc9jY",en,2,3,17,1,,"<a href=""https://mobile.twitter.com"" rel=""nofollow"">Twitter Web App</a>",https://x.com/JordanA_MD/status/1534327259091423232,False,False,2026-04-08T20:14:31.092379+00:00
1534239649727754252,mounjaro_weight,mounjaro,weight,2022-06-07T18:23:31+00:00,FelixR_Vasquez,Félix René Vásquez ✝️ 🇺🇸🎗️🇮🇱,"People lost an average of nearly 21 percent of their body weight at the highest dose studied. Scientists presented their findings recently at (ADA)

Type 2 Diabetes Drug Tirzepatide (Mounjaro) Aids Weight Loss in People With Obesity via @EverydayHealth  https://t.co/mH6fgOq5rH",en,0,0,0,0,,"<a href=""http://twitter.com/#!/download/ipad"" rel=""nofollow"">Twitter for iPad</a>",https://x.com/FelixR_Vasquez/status/1534239649727754252,False,False,2026-04-08T20:14:31.851101+00:00
1534230659601993731,mounjaro_weight,mounjaro,weight,2022-06-07T17:47:48+00:00,LonkyMD,"Stewart Lonky, MD","A weekly dose of #Tirzpatide appears to lead to significant weight loss in people with #obesity.
Ppl in a 72-week trial lost 20% or more of their body weight (15mg = average of 52 pounds).
Tirzepatide Once Weekly for the Treatment of Obesity | 
@NEJM https://t.co/I3vH5VR2hO",en,3,4,14,0,,"<a href=""https://mobile.twitter.com"" rel=""nofollow"">Twitter Web App</a>",https://x.com/LonkyMD/status/1534230659601993731,False,False,2026-04-08T20:14:31.851101+00:00
1534172119046963201,mounjaro_weight,mounjaro,weight,2022-06-07T13:55:11+00:00,nextdoormartian,nextdoormartian,"Just in!

Tirzepatide, a newly approved drug for diabetes, is now the 1st drug found to deliver more than 20% weight loss in a clinical study.

~24 kg lost over 72 weeks (18 months)! 

BUT

The drug costs US$974.33 per week.",en,3,2,16,2,,"<a href=""http://twitter.com/download/android"" rel=""nofollow"">Twitter for Android</a>",https://x.com/nextdoormartian/status/1534172119046963201,False,False,2026-04-08T20:14:31.852098+00:00
1534164360888975360,mounjaro_weight,mounjaro,weight,2022-06-07T13:24:21+00:00,KamranKKhawaja,Kamran Khawaja,"Tirzepatide; overweight people lost 35 to 52 pounds on newly approved diabetes drug, study says.

https://t.co/y8s78CidtS",en,0,0,0,0,,"<a href=""https://mobile.twitter.com"" rel=""nofollow"">Twitter Web App</a>",https://x.com/KamranKKhawaja/status/1534164360888975360,False,False,2026-04-08T20:14:31.852098+00:00
1534141417420992513,mounjaro_weight,mounjaro,weight,2022-06-07T11:53:11+00:00,GIUpdate,Gut Instinct: GI Research Update,"WOAH! Huge paper for obesity treatment in @NEJM:

- Tirzepatide (GLP1 agonist)
- Phase 3 RCT
- Approx 20% mean body wt loss at 72 weeks
- Approx 80% lost 10% of body wt
- GI S/Es common - led to discontinuation in 6-7%
- No pancreatitis/gallstone signal

https://t.co/hGaHRCT31B https://t.co/2zZPp5Fwik",en,0,3,4,1,,"<a href=""https://mobile.twitter.com"" rel=""nofollow"">Twitter Web App</a>",https://x.com/GIUpdate/status/1534141417420992513,False,False,2026-04-08T20:14:31.852098+00:00
1534140626014457856,mounjaro_weight,mounjaro,weight,2022-06-07T11:50:02+00:00,GIUpdate,Gut Instinct: GI Research Update,"WOAH! Huge paper for obesity treatment in NEJM:

- Tirzepatide (GLP1 agonist)
- Phase 3 RCT
- Approx 20% mean body wt loss at 72 weeks
- Approx 80% lost 10% of body wt
- GI S/Es common - led to discontinuation in 6-7%
- No pancreatitis/gallstone signal

https://t.co/hGaHRCT31B https://t.co/bvfvpfuMHF",en,0,0,0,0,,"<a href=""https://mobile.twitter.com"" rel=""nofollow"">Twitter Web App</a>",https://x.com/GIUpdate/status/1534140626014457856,False,False,2026-04-08T20:14:31.852098+00:00
1534112169234685952,mounjaro_weight,mounjaro,weight,2022-06-07T09:56:58+00:00,dondreak,Cell Phone Superman,"Overweight people lost 35 to 52 pounds on newly approved diabetes drug ""Mounjaro"", study says.

https://t.co/05tbhPAyjp",en,0,0,0,0,,"<a href=""http://twitter.com/download/android"" rel=""nofollow"">Twitter for Android</a>",https://x.com/dondreak/status/1534112169234685952,False,False,2026-04-08T20:14:31.852098+00:00
1533927824880443393,mounjaro_weight,mounjaro,weight,2022-06-06T21:44:27+00:00,EverydayHealth,Everyday Health,"In a study of people who were overweight or had obesity, but did not have type 2 #diabetes, the weekly injectable called tirzepatide (sold as the diabetes drug #Mounjaro) helped many lose an average of 50 pounds. https://t.co/oR7ZpMNdfF",en,0,0,0,0,,"<a href=""http://www.socialflow.com"" rel=""nofollow"">SocialFlow</a>",https://x.com/EverydayHealth/status/1533927824880443393,False,False,2026-04-08T20:14:31.852098+00:00
1533904315462701056,mounjaro_weight,mounjaro,weight,2022-06-06T20:11:02+00:00,EmPRO_Insurance,EmPRO Insurance,"""People with obesity treated with a novel GIP/GLP-1 receptor agonist, tirzepatide, lost about 52 pounds on average, according to results of a new study that were published in New England Journal of Medicine.""

https://t.co/OCRutZkbKX",en,0,0,0,0,,"<a href=""https://sproutsocial.com"" rel=""nofollow"">Sprout Social</a>",https://x.com/EmPRO_Insurance/status/1533904315462701056,False,False,2026-04-08T20:14:31.852098+00:00
1533901541924605955,mounjaro_weight,mounjaro,weight,2022-06-06T20:00:00+00:00,KTVL,News10,"A new weight-loss drug, tirzepatide, mimics the hormones that make the body feel full, and participants in the drug trial lost an average of 103 kilograms. The participants on the highest dose lost an average of 53 pounds during the 72-week trial.
https://t.co/wXDujabQnl",en,0,0,1,0,,"<a href=""https://about.twitter.com/products/tweetdeck"" rel=""nofollow"">TweetDeck</a>",https://x.com/KTVL/status/1533901541924605955,False,False,2026-04-08T20:14:31.852098+00:00
1533850837491109889,mounjaro_weight,mounjaro,weight,2022-06-06T16:38:31+00:00,YaleIMed,Yale Internal Medicine,"NEW STUDY! People with #obesity treated with a novel GIP/GLP-1 receptor agonist, tirzepatide, lost about 52 pounds on average, according to results published in @NEJM: 
https://t.co/c7NBtiDTVO

@AniaJastreboff #YaleEndocrinology @YaleMed #weightloss https://t.co/7BrTtscTvN",en,0,3,6,0,,"<a href=""https://mobile.twitter.com"" rel=""nofollow"">Twitter Web App</a>",https://x.com/YaleIMed/status/1533850837491109889,False,False,2026-04-08T20:14:31.853094+00:00
1533850765890035712,mounjaro_weight,mounjaro,weight,2022-06-06T16:38:14+00:00,newscientist,New Scientist,"People with obesity lost 24 kilograms on average when they gave themselves weekly injections of an appetite-suppressing drug, called tirzepatide, for 72 weeks in a large clinical trial https://t.co/ITQYl4revL",en,1,11,45,1,,"<a href=""http://erased6644614_QyctI2jsZ5.com"" rel=""nofollow"">erased6644614_QyctI2jsZ5</a>",https://x.com/newscientist/status/1533850765890035712,False,False,2026-04-08T20:14:31.853094+00:00
1533836333877182466,mounjaro_weight,mounjaro,weight,2022-06-06T15:40:53+00:00,DailyMail,Daily Mail,"Participants in a study of 2,500 overweight and obese people were given a once-a-week jab of tirzepatide alongside a diet and exercise regime

+ More than half of participants in the highest dose group lost a fifth of their body weight by the end of the 72-week trial https://t.co/VZIkIfqqYa",en,1,0,0,0,,"<a href=""https://mobile.twitter.com"" rel=""nofollow"">Twitter Web App</a>",https://x.com/DailyMail/status/1533836333877182466,False,True,2026-04-08T20:14:31.853094+00:00
1533787075933261825,mounjaro_weight,mounjaro,weight,2022-06-06T12:25:09+00:00,techpearce6,John pearce #cyber & #technology #news,SURMOUNT-1 Study Finds Individuals with Obesity Lost up to 22.5% of their Body Weight when Taking Tirzepatide https://t.co/gan9pbocyq,en,0,0,0,0,,"<a href=""https://crowdfireapp.com"" rel=""nofollow"">Crowdfire App</a>",https://x.com/techpearce6/status/1533787075933261825,False,False,2026-04-08T20:14:31.853094+00:00
1533719438738038784,mounjaro_weight,mounjaro,weight,2022-06-06T07:56:23+00:00,MaisRania,rania.mais,Tirzepatide killing it with weigjt loss! 64% of patients lost &gt;20% body weight😅,en,0,0,0,0,,"<a href=""https://mobile.twitter.com"" rel=""nofollow"">Twitter Web App</a>",https://x.com/MaisRania/status/1533719438738038784,False,False,2026-04-08T20:14:31.854090+00:00
1533168292675952641,mounjaro_weight,mounjaro,weight,2022-06-04T19:26:20+00:00,DrTinahones,Francisco Tinahones,Brutal!!! #ADA2022 Tirzepatide consigue con las dosis máximas que mas de un 60% de los pacientes pierdan mas de 20 % de peso y mas del 20 % pierden mas de un 30 % del peso. Fármacos que se acercan a la cirugia bariatrica en efectividad. https://t.co/UXzIiiq0NE,es,6,154,485,10,,"<a href=""http://twitter.com/download/iphone"" rel=""nofollow"">Twitter for iPhone</a>",https://x.com/DrTinahones/status/1533168292675952641,False,False,2026-04-08T20:14:31.854090+00:00
1533684285009547264,mounjaro_weight,mounjaro,weight,2022-06-06T05:36:42+00:00,Nigelj08223326,Truthoverdishonesty,"Diabetes drug that 'cuts weight by 👉20%' is hailed as a game-changer https://t.co/eYsBP5tLVf via @MailOnline

tirzepatide
👇
The group on the highest dose – 15mg – lost 3st 10lb on average

@MyatThi28104092 
@ParagSinghal09 
@FriedbergEric 
@juridr2",en,1,2,7,0,,"<a href=""http://twitter.com/#!/download/ipad"" rel=""nofollow"">Twitter for iPad</a>",https://x.com/Nigelj08223326/status/1533684285009547264,False,False,2026-04-08T20:14:31.854090+00:00
1533579276884267009,mounjaro_weight,mounjaro,weight,2022-06-05T22:39:26+00:00,prpnews,PressReleasePoint,https://t.co/6yoduTuShM SURMOUNT-1 Study Finds Individuals with Obesity Lost up to 22.5% of their Body Weight when Taking Tirzepatide,en,0,0,0,0,,"<a href=""http://www.pressreleasepoint.com/"" rel=""nofollow"">PressReleasePoint.Com</a>",https://x.com/prpnews/status/1533579276884267009,False,False,2026-04-08T20:14:31.854090+00:00
1533406970610208768,mounjaro_weight,mounjaro,weight,2022-06-05T11:14:45+00:00,chriskc_Lee,Christopher Lee,"A new study published in NEJM of a type 2 diabetic drug, tirzepatide found it  resulted in dramatic weight loss, offering hope for those struggling with obesity.
Those taking the highest of three studied doses lost as much as 21% of body weight.

https://t.co/FJ0MvdHT0M",en,0,3,17,0,,"<a href=""http://twitter.com/download/android"" rel=""nofollow"">Twitter for Android</a>",https://x.com/chriskc_Lee/status/1533406970610208768,False,False,2026-04-08T20:14:31.854090+00:00
1533350854576771072,mounjaro_weight,mounjaro,weight,2022-06-05T07:31:46+00:00,MasdelMedio,MasdelMedio,SURMOUNT-1 Study Finds Individuals with Obesity Lost up to 22.5% of their Body Weight when Taking Tirzepatide,en,0,0,0,0,,"<a href=""https://ifttt.com"" rel=""nofollow"">IFTTT</a>",https://x.com/MasdelMedio/status/1533350854576771072,False,False,2026-04-08T20:14:31.854090+00:00
1533122688348200961,mounjaro_weight,mounjaro,weight,2022-06-04T16:25:07+00:00,NeilSkolnik,PuttingHealthFirst,Fantastic Advance in pharmacotherapy for #obese individuals. Weight loss of 22% (52 lbs) with 15 mg dose! Presented today at #ADA2022 and published NEJM.  #tirzepatide #MedTwitter #MedEd,en,0,2,2,0,,"<a href=""https://mobile.twitter.com"" rel=""nofollow"">Twitter Web App</a>",https://x.com/NeilSkolnik/status/1533122688348200961,False,False,2026-04-08T20:14:32.459432+00:00
1533089016005918722,mounjaro_weight,mounjaro,weight,2022-06-04T14:11:19+00:00,ADA_DiabetesPro,American Diabetes Association - DiabetesPro,"#BREAKINGNEWS: Findings from SURMOUNT-1, the first investigational phase 3 trial evaluating the safety and efficacy of tirzepatide for the treatment of obesity were presented at the ADA’s 82nd Scientific Sessions. Read More: https://t.co/8QNQ4IPEC7 #ADA2022 #ConnectedForLife https://t.co/S0YvwxCahE",en,1,25,36,5,,"<a href=""http://twitter.com/download/iphone"" rel=""nofollow"">Twitter for iPhone</a>",https://x.com/ADA_DiabetesPro/status/1533089016005918722,False,False,2026-04-08T20:14:32.459432+00:00
1533098918178742272,mounjaro_weight,mounjaro,weight,2022-06-04T14:50:40+00:00,ComphiesTees,Comphies,SURMOUNT-1 Study Finds Individuals with Obesity Lost up to 22.5% of their Body Weight when Taking Tirzepatide https://t.co/usJKsM0kzr #StocksMarket #PressRelease,en,0,0,0,0,,"<a href=""https://dlvrit.com/"" rel=""nofollow"">dlvr.it</a>",https://x.com/ComphiesTees/status/1533098918178742272,False,False,2026-04-08T20:14:32.459432+00:00
1533087384149032960,mounjaro_weight,mounjaro,weight,2022-06-04T14:04:50+00:00,Malik31Mahmoudi,Junoir_9,SURMOUNT-1 Study Finds Individuals with Obesity Lost up to 22.5% of their Body Weight when Taking Tirzepatide https://t.co/uAH0Fq172x,en,0,0,0,0,,"<a href=""http://publicize.wp.com/"" rel=""nofollow"">Jetpack.com</a>",https://x.com/Malik31Mahmoudi/status/1533087384149032960,False,False,2026-04-08T20:14:32.459432+00:00
1530910569452212226,mounjaro_weight,mounjaro,weight,2022-05-29T13:54:57+00:00,JonEntine,Jon Entine,Tirzepatide: Drug that can help you shed 50 pounds or more is as effective as bariatric surgery and in trials https://t.co/FrORYxRH5L via @GeneticLiteracy,en,0,0,1,0,,"<a href=""https://mobile.twitter.com"" rel=""nofollow"">Twitter Web App</a>",https://x.com/JonEntine/status/1530910569452212226,False,False,2026-04-08T20:14:32.459432+00:00
1530562609807769600,mounjaro_weight,mounjaro,weight,2022-05-28T14:52:17+00:00,GeneticLiteracy,Genetic Literacy Project,"People who took Tirzepatide (a drug) lost up to 22% of their body weight and achieved far greater weight loss on average than the placebo group.
@Gizmodo
 https://t.co/7vwq5Wej55",en,0,1,1,0,,"<a href=""http://erased6644614_QyctI2jsZ5.com"" rel=""nofollow"">erased6644614_QyctI2jsZ5</a>",https://x.com/GeneticLiteracy/status/1530562609807769600,False,False,2026-04-08T20:14:32.459432+00:00
1528393288708939777,mounjaro_weight,mounjaro,weight,2022-05-22T15:12:10+00:00,Maratosflier,Terry Maratos-Flier,"@MatthewRehrl @ConscienHealth @LillyPad For diabetes Metforminstandard of care. Insurers won't cover additional meds unless metformin not tolerated or fails. Most older (60+) individuals prefer progress to SGLT2i s because pills, simple doses. Tirzepatide has 6 dose escalation points, each monthly. Not easy to manage.",en,0,1,1,0,,"<a href=""http://twitter.com/download/android"" rel=""nofollow"">Twitter for Android</a>",https://x.com/Maratosflier/status/1528393288708939777,False,True,2026-04-08T20:14:32.459432+00:00
1526780122421936128,mounjaro_weight,mounjaro,weight,2022-05-18T04:22:02+00:00,humanOS_me,humanOS.me,"Participants in SURPASS program achieved avg ↓ in A1C b/w 1.8-2.1% at 5 mg, and 1.7-2.4% at 10 &amp; 15 mg Tirzepatide, and lost b/w 12 lb. (5 mg) and 25 lb. (15 mg) on avg. (9/11)",en,1,0,0,0,,"<a href=""https://getdrafts.com"" rel=""nofollow"">Drafts </a>",https://x.com/humanOS_me/status/1526780122421936128,False,True,2026-04-08T20:14:32.459432+00:00
1525223109808345090,mounjaro_weight,mounjaro,weight,2022-05-13T21:15:01+00:00,JonEntine,Jon Entine,Tirzepatide: Drug that can help you shed 50 pounds or more is as effective as bariatric surgery and in trials https://t.co/FrORYxRH5L via @GeneticLiteracy,en,0,0,1,0,,"<a href=""https://mobile.twitter.com"" rel=""nofollow"">Twitter Web App</a>",https://x.com/JonEntine/status/1525223109808345090,False,False,2026-04-08T20:14:32.460428+00:00
1525175089012031489,mounjaro_weight,mounjaro,weight,2022-05-13T18:04:12+00:00,GeneticLiteracy,Genetic Literacy Project,"People who took Tirzepatide (a drug) lost up to 22% of their body weight and achieved far greater weight loss on average than the placebo group.
@Gizmodo
 https://t.co/c8RXIXMnSO",en,0,0,1,0,,"<a href=""http://erased6644614_QyctI2jsZ5.com"" rel=""nofollow"">erased6644614_QyctI2jsZ5</a>",https://x.com/GeneticLiteracy/status/1525175089012031489,False,False,2026-04-08T20:14:32.460428+00:00
1523709646246227971,mounjaro_weight,mounjaro,weight,2022-05-09T17:01:03+00:00,pharmanewsintel,pharmanewsintel,"Eli Lilly and Company recently announced that patients in a Phase 3 trial who received its obesity drug, tirzepatide, lost up to 22.5% of their body weight.  

https://t.co/8btnJywkWj",en,0,0,0,0,,"<a href=""https://www.hootsuite.com"" rel=""nofollow"">Hootsuite Inc.</a>",https://x.com/pharmanewsintel/status/1523709646246227971,False,False,2026-04-08T20:14:32.460428+00:00
1523378700464660482,mounjaro_weight,mounjaro,weight,2022-05-08T19:05:59+00:00,toddscarbrough,Todd Scarbrough,"Strong evidence that obesity and cancer are associated:
https://t.co/tbJnAtuti5
https://t.co/S4KH7Wn8vI

Eli Lilly's tirzepatide helped people lose up to 50 pounds... the sort of weight loss results only consistently seen w/ bariatric surgery
https://t.co/LGYdrSXtZw",en,2,0,5,0,,"<a href=""https://mobile.twitter.com"" rel=""nofollow"">Twitter Web App</a>",https://x.com/toddscarbrough/status/1523378700464660482,False,False,2026-04-08T20:14:32.460428+00:00
1522715431546535942,mounjaro_weight,mounjaro,weight,2022-05-06T23:10:24+00:00,drjerrykinard,"Jerry Kinard, DrPH","The 72-week, phase III SURMOUNT-1 clinical trial found that people taking 15 mg of a once-weekly injectable drug called tirzepatide lost 22.5 percent of their body weight – for an average weight loss among participants of 52 pounds.https://t.co/WO1Ge8FZCF via @healthline",en,0,0,0,0,,"<a href=""https://mobile.twitter.com"" rel=""nofollow"">Twitter Web App</a>",https://x.com/drjerrykinard/status/1522715431546535942,False,False,2026-04-08T20:14:32.460428+00:00
1521998282876231681,mounjaro_weight,mounjaro,weight,2022-05-04T23:40:42+00:00,elwalvador,Ashton Cheekly,"Holy shit! Eli Lilly is potentially going to cure obesity.

- Participants taking tirzepatide lost up to 52lb in this 72-week phase 3 study.

- 63% of participants taking tirzepatide 15 mg achieved at least 20% body weight reductions as a key secondary endpoint. $LLY https://t.co/XcydQH3JRJ",en,0,1,1,0,,"<a href=""https://mobile.twitter.com"" rel=""nofollow"">Twitter Web App</a>",https://x.com/elwalvador/status/1521998282876231681,False,False,2026-04-08T20:14:32.460428+00:00
1521490464725159938,mounjaro_weight,mounjaro,weight,2022-05-03T14:02:49+00:00,artkoff,Art Koff,"Obesity Drug Helps
Patients Lose About
20% of Weight

Eli Lilly &amp; Co.’s obesity drug tirzepatide helped patients on the highest tested dose shed about 21% of their body weight, or roughly 50 pounds, in a late-stage clinical trial.

https://t.co/YakBX6yicS",en,0,0,0,0,,"<a href=""https://mobile.twitter.com"" rel=""nofollow"">Twitter Web App</a>",https://x.com/artkoff/status/1521490464725159938,False,False,2026-04-08T20:14:32.461445+00:00
1521127384715567104,mounjaro_weight,mounjaro,weight,2022-05-02T14:00:04+00:00,valuetainment,Valuetainment,"In a late-stage clinical trial, patients that took the highest dose of their experimental drug tirzepatide reportedly lost roughly 50 pounds. 
https://t.co/N44q3IKzNM",en,1,1,3,0,,"<a href=""http://www.hubspot.com/"" rel=""nofollow"">HubSpot</a>",https://x.com/valuetainment/status/1521127384715567104,False,False,2026-04-08T20:14:32.461445+00:00
1521028779384008707,mounjaro_weight,mounjaro,weight,2022-05-02T07:28:15+00:00,indpharmapost,Indian Pharma Post,"Participants taking tirzepatide lost up to 52 lb. (24 kg) in this 72-week phase 3 study

https://t.co/BPglj296rW

#Lilly #Tirzepatide #JeffEmmickBMS

@LillyPad",en,0,0,0,0,,"<a href=""https://mobile.twitter.com"" rel=""nofollow"">Twitter Web App</a>",https://x.com/indpharmapost/status/1521028779384008707,False,False,2026-04-08T20:14:32.461445+00:00
1520923034244235268,mounjaro_weight,mounjaro,weight,2022-05-02T00:28:03+00:00,Ekkekakis,"Panteleimon (""Paddy"") Ekkekakis","As Lilly touts the 22.5% weight loss (52 lbs / 24 kg) with the new experimental drug tirzepatide, it may be useful to review the incredibly bleak history of anti-obesity drugs in the US and the questionable role of the FDA regulatory approval process.

https://t.co/Dpva73bbSF",en,0,2,7,0,,"<a href=""https://mobile.twitter.com"" rel=""nofollow"">Twitter Web App</a>",https://x.com/Ekkekakis/status/1520923034244235268,False,False,2026-04-08T20:14:32.461445+00:00
1414018632498270210,mounjaro_weight,mounjaro,weight,2021-07-11T00:28:07+00:00,Ekkekakis,"Panteleimon (""Paddy"") Ekkekakis","Of all the diseases, the ONE that is most often thought as something that can be treated with #exercise is, of course, #obesity. But, instead, obesity is commonly treated with #drugs. Who would like to know more about the history of FDA-approved obesity drugs in the US? A thread!",en,3,11,49,4,,"<a href=""https://mobile.twitter.com"" rel=""nofollow"">Twitter Web App</a>",https://x.com/Ekkekakis/status/1414018632498270210,False,False,2026-04-08T20:14:32.461445+00:00
1520273402426056704,mounjaro_weight,mounjaro,weight,2022-04-30T05:26:39+00:00,LizHighleyman,Liz Highleyman,"Maybe it will also help people with fatty liver disease/NAFLD...
""An experimental drug [tirzepatide] has enabled people with obesity or who are overweight to lose about 22.5 percent of their body weight, about 52 pounds on average.""

https://t.co/i46RFKoW59",en,1,0,3,0,,"<a href=""https://mobile.twitter.com"" rel=""nofollow"">Twitter Web App</a>",https://x.com/LizHighleyman/status/1520273402426056704,False,False,2026-04-08T20:14:32.461445+00:00
1607192061434007552,mounjaro_weight,mounjaro,weight,2022-12-26T01:50:22+00:00,sylviabaddie,Ézinwa,I prescribed myself Mounjaro. I better lose 20 pounds by February,en,1,0,0,0,129,"<a href=""http://twitter.com/download/iphone"" rel=""nofollow"">Twitter for iPhone</a>",https://x.com/sylviabaddie/status/1607192061434007552,False,False,2026-04-08T20:14:33.538284+00:00
1520058371306573825,mounjaro_weight,mounjaro,weight,2022-04-29T15:12:11+00:00,picardonhealth,André Picard,"Patients Taking Experimental #Obesity Drug Lost 22% of Body Weight, Maker Claims. The data have not yet been peer reviewed or published. But experts said the drug, tirzepatide, may be an alternative to bariatric surgery, by @ginakolata https://t.co/nYqIGm5wpW via @nytimes",en,5,4,4,0,,"<a href=""https://mobile.twitter.com"" rel=""nofollow"">Twitter Web App</a>",https://x.com/picardonhealth/status/1520058371306573825,False,False,2026-04-08T20:14:33.539280+00:00
1519995971127726086,mounjaro_weight,mounjaro,weight,2022-04-29T11:04:14+00:00,maoxian,C. Maoxian,"""Lilly’s tirzepatide works by mimicking the effects of two gut hormones, suppressing appetite and potentially increasing energy expenditure.""",en,0,0,0,0,,"<a href=""https://about.twitter.com/products/tweetdeck"" rel=""nofollow"">TweetDeck</a>",https://x.com/maoxian/status/1519995971127726086,False,False,2026-04-08T20:14:33.539280+00:00
1519870044485918720,mounjaro_weight,mounjaro,weight,2022-04-29T02:43:51+00:00,fitforfreelance,Reggie Wilson,Patients lost 52 pounds in the latest weight loss injection drug study for tirzepatide! What happened during the 72-week trial? Learn about the SURMOUNT-1 trial https://t.co/rgkMesGQ2l What do you think? #elililly #tirzepatide #weightloss #medicalnews,en,0,1,0,0,,"<a href=""https://mobile.twitter.com"" rel=""nofollow"">Twitter Web App</a>",https://x.com/fitforfreelance/status/1519870044485918720,False,False,2026-04-08T20:14:33.539280+00:00
1519801644434837504,mounjaro_weight,mounjaro,weight,2022-04-28T22:12:03+00:00,MyBestWeight_ie,My Best Weight,"Phenomenal toppling results from #tirzepatide (dual GIP-GLP1 receptor agonist) Phase 3 study #SURMOUNT1

Average 22.5% reduction in body weight (52 lbs or 24 Kg) with Tirepatide 15 mg &amp; 63% of participants had at least 20% body weight reduction.
#obesity #livingwithobesity https://t.co/5HmjSBDGm9",en,1,13,37,1,,"<a href=""https://mobile.twitter.com"" rel=""nofollow"">Twitter Web App</a>",https://x.com/MyBestWeight_ie/status/1519801644434837504,False,False,2026-04-08T20:14:33.539280+00:00
1519707948230254592,mounjaro_weight,mounjaro,weight,2022-04-28T15:59:44+00:00,SokoAnalyst,SokoAnalyst,"Eli Lilly shares jumped more than 3% in Thursday's premarket, shortly after releasing promising data from a 72-week trial of its obesity drug tirzepatide. Participants lost up to 22.5% of their body weight, or about 52 pounds #MarketsWatch",en,1,0,0,0,,"<a href=""https://mobile.twitter.com"" rel=""nofollow"">Twitter Web App</a>",https://x.com/SokoAnalyst/status/1519707948230254592,False,True,2026-04-08T20:14:33.539280+00:00
1519696975926546432,mounjaro_weight,mounjaro,weight,2022-04-28T15:16:08+00:00,AniaJastreboff,"Ania M. Jastreboff, MD, PhD",@ObesitySociety @ConscienHealth 62.9% of participants lost &gt;=20% total body weight with tirzepatide 15mg Qweek - visualizing results: https://t.co/w0fin4Kuef,en,1,9,25,3,,"<a href=""https://mobile.twitter.com"" rel=""nofollow"">Twitter Web App</a>",https://x.com/AniaJastreboff/status/1519696975926546432,False,True,2026-04-08T20:14:33.540278+00:00
1519689739561017345,mounjaro_weight,mounjaro,weight,2022-04-28T14:47:23+00:00,aaamchair,deez.,Obesity Drug Latest: Lilly Says Tirzepatide Helps Patients Lose 20% of Weight - OH SHIT!!!!  U CAN LOSE 50 lbs!!!! TAKIN A PILL!!!   “PILLS ARE GOOD! PILLS ARE GOOOD!” https://t.co/FAwLw6Ppdd,en,0,0,0,0,,"<a href=""http://twitter.com/download/iphone"" rel=""nofollow"">Twitter for iPhone</a>",https://x.com/aaamchair/status/1519689739561017345,False,False,2026-04-08T20:14:33.540278+00:00
1519681208099168263,mounjaro_weight,mounjaro,weight,2022-04-28T14:13:28+00:00,xixitian3,xixitian,"Foodie 💜💜💜
Participants taking tirzepatide lost up to 52 lb. (24 kg) in this 72-week phase 3 study. 63% of participants taking tirzepatide 15 mg achieved at least 20% body weight reductions as a key secondary endpoint https://t.co/1RRPzRTafE",en,1,0,0,0,,"<a href=""http://twitter.com/download/iphone"" rel=""nofollow"">Twitter for iPhone</a>",https://x.com/xixitian3/status/1519681208099168263,False,False,2026-04-08T20:14:33.540278+00:00
1519647828447965186,mounjaro_weight,mounjaro,weight,2022-04-28T12:00:50+00:00,CMichaelGibson,C. Michael Gibson MD,"More options for weight loss:

Participants taking #tirzepatide lost up to 52 lb. (24 kg) in this 72-week phase 3 study

63% of participants taking tirzepatide 15 mg achieved at least 20% body weight reductions as a key secondary endpoint
 https://t.co/k05YzcnnZa",en,1,3,12,1,,"<a href=""http://twitter.com/download/iphone"" rel=""nofollow"">Twitter for iPhone</a>",https://x.com/CMichaelGibson/status/1519647828447965186,False,False,2026-04-08T20:14:33.540278+00:00
1519643725890269189,mounjaro_weight,mounjaro,weight,2022-04-28T11:44:32+00:00,Ali_Aminian_MD,Ali Aminian,"🔥 Tirzepatide led to 22.5% weight loss in adults with #obesity

💥 63% lost &gt;20% of their weight

https://t.co/ruL8pG8nTc @LillyPad @1900b @ASMBS @UK_ASO @Cabps_Obesity @Obesitysoc @ObesityUK_org @EASOobesity @MichaelAlbertMD @drbutsch @CMichaelGibson @EricTopol",en,4,22,80,4,,"<a href=""http://twitter.com/download/iphone"" rel=""nofollow"">Twitter for iPhone</a>",https://x.com/Ali_Aminian_MD/status/1519643725890269189,False,False,2026-04-08T20:14:33.540278+00:00
1605716268127907840,mounjaro_weight,mounjaro,weight,2022-12-22T00:06:05+00:00,ArthurKuntler,Arthur Kuntler 🏴‍☠️,"Crowe can lose 50-60 lbs by then easy with tirzepatide, prepared meals and his normal hard training. It can be done. Then: make a master and commander sequel",en,4,0,24,0,1093,"<a href=""http://twitter.com/download/iphone"" rel=""nofollow"">Twitter for iPhone</a>",https://x.com/ArthurKuntler/status/1605716268127907840,False,False,2026-04-08T20:14:34.624754+00:00
1605633780932177920,mounjaro_weight,mounjaro,weight,2022-12-21T18:38:19+00:00,TheManlet_King,Manlet King ☩,"""Are you no- *heavy breathing* not entertained?"" https://t.co/evuaIfyn5t",en,1,1,30,3,4509,"<a href=""http://twitter.com/download/android"" rel=""nofollow"">Twitter for Android</a>",https://x.com/TheManlet_King/status/1605633780932177920,False,False,2026-04-08T20:14:34.624754+00:00
1608760584442630145,mounjaro_experience,mounjaro,experience,2022-12-30T09:43:07+00:00,Nefrontera,"Sol Carriazo, Neph.","👏🏽More tools for kidney protection! 
💥💥Check this review on the potential protective effects of tirzepatide in CKD!💥💥

@PepaSolerR @beaff26 @aortznfr @SOMANEorg",en,1,5,15,0,2069,"<a href=""http://twitter.com/download/android"" rel=""nofollow"">Twitter for Android</a>",https://x.com/Nefrontera/status/1608760584442630145,False,False,2026-04-15T04:24:31.566010+00:00
1608748973199884290,mounjaro_experience,mounjaro,experience,2022-12-30T08:56:58+00:00,CKJsocial,CKJ,"📢NEW Review:
Tirzepatide and prevention of chronic kidney disease 
➡️What are the potential kidney health implications for the treatment &amp; prevention of kidney disease &amp; expectations for the future?
📖https://t.co/39rIdzpik8 https://t.co/WfGyFCy0u1",en,0,12,27,2,5478,"<a href=""https://mobile.twitter.com"" rel=""nofollow"">Twitter Web App</a>",https://x.com/CKJsocial/status/1608748973199884290,False,False,2026-04-15T04:24:31.566010+00:00
1608663262090104833,mounjaro_experience,mounjaro,experience,2022-12-30T03:16:23+00:00,absinth009,"Alexis, Zephyr Mage",Josh is also type 2 &amp; he’s on mounjaro. Which is what people are using for weight loss &amp; it’s causing allllllll kinds of problems.,en,1,0,5,0,568,"<a href=""http://twitter.com/download/iphone"" rel=""nofollow"">Twitter for iPhone</a>",https://x.com/absinth009/status/1608663262090104833,False,True,2026-04-15T04:24:31.566010+00:00
1608495905258475520,mounjaro_experience,mounjaro,experience,2022-12-29T16:11:22+00:00,DeniseLenl,Denise Daphne Lenl,@KevinBSneed @US_FDA @AmDiabetesAssn I’ve been waiting a month for my #mounjaro. The pharmacy told me 20 people are waiting for my particular dosage - 5.,en,1,0,0,0,214,"<a href=""http://twitter.com/download/iphone"" rel=""nofollow"">Twitter for iPhone</a>",https://x.com/DeniseLenl/status/1608495905258475520,False,True,2026-04-15T04:24:31.566010+00:00
1608447067570987009,mounjaro_experience,mounjaro,experience,2022-12-29T12:57:19+00:00,mohsinditta88,Dr Mohsin Ditta,@SeeFisch Weight loss results seem fascinating with Tirzepatide although not as good as sleeve gastrectomy and very expensive (in UAE it’s 450USD a month). And potentially unknown long term risks like Thyroid Cancer?,en,0,0,0,0,135,"<a href=""http://twitter.com/download/iphone"" rel=""nofollow"">Twitter for iPhone</a>",https://x.com/mohsinditta88/status/1608447067570987009,False,True,2026-04-15T04:24:31.566010+00:00
1608333828975742978,mounjaro_experience,mounjaro,experience,2022-12-29T05:27:20+00:00,EconRsrch,Research-Junkie,"@brittt_88 When you break down the numbers and look at diagnosis codes, over 2/3 of people using Mounjaro are, in fact, type 2 diabetics.",en,1,0,2,0,116,"<a href=""http://twitter.com/download/iphone"" rel=""nofollow"">Twitter for iPhone</a>",https://x.com/EconRsrch/status/1608333828975742978,False,True,2026-04-15T04:24:31.566010+00:00
1608333426054295552,mounjaro_experience,mounjaro,experience,2022-12-29T05:25:44+00:00,EconRsrch,Research-Junkie,"@brittt_88 It’s actually incredibly complex.

But in general, your assessment is off.

The shortage actually started with Trulicity - and it started over a year ago, long before Mounjaro was available.",en,1,0,2,0,208,"<a href=""http://twitter.com/download/iphone"" rel=""nofollow"">Twitter for iPhone</a>",https://x.com/EconRsrch/status/1608333426054295552,False,False,2026-04-15T04:24:31.566010+00:00
1608289223362371586,mounjaro_experience,mounjaro,experience,2022-12-29T02:30:06+00:00,WTAJnews,WTAJ News,"The drugs Ozempic and Mounjaro are used to treat type 2 diabetes. The injections are shown to improve blood sugar levels and heart function, but doctors have more recently started prescribing them to help patients lose weight.
https://t.co/VdpLjdzsbt",en,0,1,0,0,819,"<a href=""http://www.socialflow.com"" rel=""nofollow"">SocialFlow</a>",https://x.com/WTAJnews/status/1608289223362371586,False,False,2026-04-15T04:24:31.566010+00:00
1608131344969646081,mounjaro_experience,mounjaro,experience,2022-12-28T16:02:44+00:00,iMSewKodak,Formally iKodak87 🫶🏾🩷,Week 4 on Mounjaro I’m down 8.4lbs https://t.co/mxAhDHveVQ,en,0,0,0,0,289,"<a href=""http://twitter.com/download/iphone"" rel=""nofollow"">Twitter for iPhone</a>",https://x.com/iMSewKodak/status/1608131344969646081,False,False,2026-04-15T04:24:31.566010+00:00
1607865919778312193,mounjaro_experience,mounjaro,experience,2022-12-27T22:28:02+00:00,lowcarberx,LowCarb,"@MichaelAlbertMD Taking 1 injection per week seems like a great way to manage metabolic dz and weight (if you can do it), but it seems far from optimal as compliance to medication is difficult, if longevity is the goal. Are there any centenarian populations that take Tirzepatide? 😜",en,0,0,0,0,43,"<a href=""http://twitter.com/download/iphone"" rel=""nofollow"">Twitter for iPhone</a>",https://x.com/lowcarberx/status/1607865919778312193,False,True,2026-04-15T04:24:31.566010+00:00
1607854238021058560,mounjaro_experience,mounjaro,experience,2022-12-27T21:41:37+00:00,backcracker48,radonjon,@POTUS What's it going to do to the cost of drugs like mounjaro which is costing about 1000 dollars a month,en,0,0,0,0,145,"<a href=""http://twitter.com/download/iphone"" rel=""nofollow"">Twitter for iPhone</a>",https://x.com/backcracker48/status/1607854238021058560,False,True,2026-04-15T04:24:31.567008+00:00
1607777623668838402,mounjaro_experience,mounjaro,experience,2022-12-27T16:37:11+00:00,lilgrapebot,Christine🎀Emily,@POTUS Can you do Mounjaro next? It’s $1000/month with insurance.,en,1,0,0,0,218,"<a href=""http://twitter.com/download/iphone"" rel=""nofollow"">Twitter for iPhone</a>",https://x.com/lilgrapebot/status/1607777623668838402,False,True,2026-04-15T04:24:31.567008+00:00
1606975837362094086,mounjaro_experience,mounjaro,experience,2022-12-25T11:31:10+00:00,meeshamess,Meesh ♀🫶🏾,This is so sad and insane https://t.co/bZ3zBXlXR9,en,4,11,62,9,16186,"<a href=""http://twitter.com/download/iphone"" rel=""nofollow"">Twitter for iPhone</a>",https://x.com/meeshamess/status/1606975837362094086,False,False,2026-04-15T04:24:31.567008+00:00
1606916849861808130,mounjaro_experience,mounjaro,experience,2022-12-25T07:36:46+00:00,AKronbichler,Andreas Kronbichler,Nice work @PepaSolerR @beaff26 @aortznfr @Solecita122 and others! We just discussed the potential of tirzepatide in our review of the year 2022 @MarcusSaemann @gunnar_heine and @AntMarlies,en,1,3,11,0,3017,"<a href=""http://twitter.com/download/iphone"" rel=""nofollow"">Twitter for iPhone</a>",https://x.com/AKronbichler/status/1606916849861808130,False,False,2026-04-15T04:24:31.567008+00:00
1606768885981745153,mounjaro_experience,mounjaro,experience,2022-12-24T21:48:49+00:00,PepaSolerR,Maria Jose Soler,"In case you want to read something in between Christmas Celebrations!!! What is new regarding Tirzepatide and CKD?? @beaff26 @aortznfr @Solecita122 https://t.co/KerVycvtBm
@vallhebron @Hospital_FJD https://t.co/QlVFmTUDPf",en,1,17,59,3,13449,"<a href=""https://mobile.twitter.com"" rel=""nofollow"">Twitter Web App</a>",https://x.com/PepaSolerR/status/1606768885981745153,False,False,2026-04-15T04:24:31.567008+00:00
1606720483440861187,mounjaro_experience,mounjaro,experience,2022-12-24T18:36:29+00:00,psychopharmacol,P𝘧OL,"Review: tirzepatide, a dual agonist of receptors for the incretin hormones glucagon-like peptide-1 (GLP-1) and glucose-dependent insulinotropic polypeptide (GIP), yields more weight loss than selective GLP-1 receptor (GLP-1R) agonists https://t.co/gDwhDTXG9F",en,1,1,0,0,182,"<a href=""https://mobile.twitter.com"" rel=""nofollow"">Twitter Web App</a>",https://x.com/psychopharmacol/status/1606720483440861187,False,False,2026-04-15T04:24:31.567008+00:00
1606679437600243717,mounjaro_experience,mounjaro,experience,2022-12-24T15:53:23+00:00,morticiaj_,🖤🌻,Injections are expensive af and all over $1000 so I doubt if anyone is paying out of pocket for those meds. And some dr are using Mounjaro as an alternative for diabetes cause it’s exactly the same as Ozempic.,en,2,0,0,0,129,"<a href=""http://twitter.com/download/iphone"" rel=""nofollow"">Twitter for iPhone</a>",https://x.com/morticiaj_/status/1606679437600243717,False,True,2026-04-15T04:24:31.567008+00:00
1606649893975494657,mounjaro_experience,mounjaro,experience,2022-12-24T13:55:59+00:00,jennimac13,Jennifer Macdonald,@campi0495 @DrSomedayMaybe Show me where Mounjaro was “approved and marketed” for weight loss. Ditto for Trulicity.  Technically Ozempic isn’t either. And none are approved for weight loss in patients with BMI under 27.  I’m not opposed to using drugs off label but your claim about approvals is bizarre.,en,1,1,2,0,322,"<a href=""http://twitter.com/download/iphone"" rel=""nofollow"">Twitter for iPhone</a>",https://x.com/jennimac13/status/1606649893975494657,False,False,2026-04-15T04:24:31.567008+00:00
1607182481618513921,mounjaro_experience,mounjaro,experience,2022-12-26T01:12:18+00:00,goseigers,☆ミ,"yup ozempic, mounjaro most of the injectable diabetic drugs are on a huge back order bc of the influx of people using them to lose weight 🙃",en,0,0,8,0,1463,"<a href=""http://twitter.com/download/iphone"" rel=""nofollow"">Twitter for iPhone</a>",https://x.com/goseigers/status/1607182481618513921,False,False,2026-04-15T04:24:31.567008+00:00
1606529618072469505,mounjaro_experience,mounjaro,experience,2022-12-24T05:58:03+00:00,kirangilll,lil taquito,"@simplynavk the other day i was speaking to a mounjaro sales rep (new drug on market), he refused to say that they know people are using it for weight loss because fda only has it approved for diabetes 
they’re giving coupons for this and pts are hooked and able to pay for it with $25 copay",en,1,0,0,0,254,"<a href=""http://twitter.com/download/iphone"" rel=""nofollow"">Twitter for iPhone</a>",https://x.com/kirangilll/status/1606529618072469505,False,True,2026-04-15T04:24:32.527447+00:00
1606492272530423808,mounjaro_experience,mounjaro,experience,2022-12-24T03:29:39+00:00,caitlyn_lacy,Caitlyn 🇵🇸,Same with people using mounjaro for weight loss when diabetic people actually need it. Makes my job 1000x times harder,en,0,0,0,0,414,"<a href=""http://twitter.com/download/iphone"" rel=""nofollow"">Twitter for iPhone</a>",https://x.com/caitlyn_lacy/status/1606492272530423808,False,False,2026-04-15T04:24:32.527447+00:00
1606484008745013248,mounjaro_experience,mounjaro,experience,2022-12-24T02:56:49+00:00,sch_mittens,justine.,"@peymamas Anyone in STL looking for mounjaro, contact Excel pharmacy. You can get 1 month supply for 25 bucks.",en,0,0,0,0,187,"<a href=""http://twitter.com/download/android"" rel=""nofollow"">Twitter for Android</a>",https://x.com/sch_mittens/status/1606484008745013248,False,False,2026-04-15T04:24:32.527447+00:00
1606406400938319896,mounjaro_experience,mounjaro,experience,2022-12-23T21:48:26+00:00,SkippingStone94,♡ H ♡,I am legitimately crying right now. I am so relieved. It took over a week to track just one box of Mounjaro down &amp; get my hands on it. Especially for the 5mg dose. I have no idea what I'll do 4 weeks from now. But at least for the next 4 weeks I have my diabetic medicine 😮‍💨 https://t.co/Lm1RXO9wiR,en,1,0,1,0,712,"<a href=""http://twitter.com/download/android"" rel=""nofollow"">Twitter for Android</a>",https://x.com/SkippingStone94/status/1606406400938319896,False,False,2026-04-15T04:24:32.527447+00:00
1606054692378726400,mounjaro_experience,mounjaro,experience,2022-12-22T22:30:52+00:00,Tellit007,Tellit Likeitis,@MyMindsetTips @BioLayne True. Consistency is important. I inject Tirzepatide exactly at same time every week. Game changer.,en,0,0,0,0,80,"<a href=""http://twitter.com/download/android"" rel=""nofollow"">Twitter for Android</a>",https://x.com/Tellit007/status/1606054692378726400,False,True,2026-04-15T04:24:32.527447+00:00
1605783621301784576,mounjaro_experience,mounjaro,experience,2022-12-22T04:33:43+00:00,highonflowerss,x,"@hellmutlang @FlLLEFATALE Ozempic &amp; mounjaro. Ozempic has been on back order for months now bc of this. People that actually need it for diabetes cannot get it. I just have to tell them ""sorry, we are trying but idk when""&amp; I see the diagnosis code. Ppl are using it for weightloss &amp; aren't even obese!",en,1,1,3,0,529,"<a href=""http://twitter.com/download/android"" rel=""nofollow"">Twitter for Android</a>",https://x.com/highonflowerss/status/1605783621301784576,False,True,2026-04-15T04:24:32.527447+00:00
1605389505250398208,mounjaro_experience,mounjaro,experience,2022-12-21T02:27:39+00:00,_macsaucee,MacK,"@HollyisShort @Lettersfromerin i also love Mounjaro.. people using it for weight loss and able to use the code to get it at a cheaper cost, now their insurance won’t cover it since the company took the code away.. like please y’all, make some diet changes, and exercise because i promise you it will help 🥲😅",en,1,0,1,0,306,"<a href=""http://twitter.com/download/iphone"" rel=""nofollow"">Twitter for iPhone</a>",https://x.com/_macsaucee/status/1605389505250398208,False,True,2026-04-15T04:24:32.527447+00:00
1605383344979599360,mounjaro_experience,mounjaro,experience,2022-12-21T02:03:10+00:00,SassyECUPirate,Sassy 🏳️‍🌈🏳️‍⚧️❤️🧡💛💚💙💜,"I told the endocrinologist that Ozempic made my gastroparesis worse, and she started me on Mounjaro. Day 3 of the .25mg dose and I have the bad burps already. Only had one meal today, and a few snacks.",en,2,0,2,0,957,"<a href=""http://twitter.com/download/iphone"" rel=""nofollow"">Twitter for iPhone</a>",https://x.com/SassyECUPirate/status/1605383344979599360,False,False,2026-04-15T04:24:32.527447+00:00
1604636556333305856,mounjaro_experience,mounjaro,experience,2022-12-19T00:35:42+00:00,JustJewels93,Just Julie,"Updated before and after pics and I never knew I had dimples! Left pic is 2018 and right pic is last week. Down 68lbs trying keto, carnivore, and now a combination of P:E and Mounjaro. I refuse to give up! 33lbs to go! BMI on left: 42, BMI on right: 29. https://t.co/hcFlseW0UP",en,68,25,909,4,62692,"<a href=""http://twitter.com/download/iphone"" rel=""nofollow"">Twitter for iPhone</a>",https://x.com/JustJewels93/status/1604636556333305856,False,False,2026-04-15T04:24:32.527447+00:00
1604624847711223811,mounjaro_experience,mounjaro,experience,2022-12-18T23:49:10+00:00,hlaurenbaker,Lauren,"Got my mounjaro filled, glad I don’t have to worry about that for another month lol",en,1,0,1,0,215,"<a href=""http://twitter.com/download/iphone"" rel=""nofollow"">Twitter for iPhone</a>",https://x.com/hlaurenbaker/status/1604624847711223811,False,False,2026-04-15T04:24:32.527447+00:00
1604488415059247105,mounjaro_experience,mounjaro,experience,2022-12-18T14:47:02+00:00,BezzyCommunity,Bezzy,"Using #diabetes medication like tirzepatide for #weightloss has recently gone viral, and it's since been fast-tracked to potentially be approved as a weight-loss treatment for folks struggling with #obesity. 💊  https://t.co/WCdTiYEmd8",en,0,0,0,0,75,"<a href=""https://sproutsocial.com"" rel=""nofollow"">Sprout Social</a>",https://x.com/BezzyCommunity/status/1604488415059247105,False,False,2026-04-15T04:24:32.527447+00:00
1604162553369722882,mounjaro_experience,mounjaro,experience,2022-12-17T17:12:11+00:00,Thue_Schwartz,Thue W Schwartz,MUST READ Review by world-leading metabolic-research influencer illustrious @DanielJDrucker trying to explain why GLP1R/GIPR co-AGONIST #Tirzepatide and GLP1R agonist/GIPR ANTAGONIST AMG-133 both are great drugs – still major unknowns 30/40+ years  later - but at a higher level https://t.co/g2yWU4JNsN,en,0,0,21,0,2914,"<a href=""https://mobile.twitter.com"" rel=""nofollow"">Twitter Web App</a>",https://x.com/Thue_Schwartz/status/1604162553369722882,False,False,2026-04-15T04:24:32.527447+00:00
1604026359847608320,mounjaro_experience,mounjaro,experience,2022-12-17T08:11:00+00:00,DanielJDrucker,Daniel J Drucker,"GLP-1R agonists reduce blood pressure, postprandial lipids, atherosclerosis, myocardial infarction albuminuria and stroke-what will adding GIP do to #diabetes complications? Review the mechanisms and the known unknowns @NatureRevEndo https://t.co/0MFHgZScgP https://t.co/sYNnQ8jhyC",en,2,34,119,3,16998,"<a href=""https://about.twitter.com/products/tweetdeck"" rel=""nofollow"">TweetDeck</a>",https://x.com/DanielJDrucker/status/1604026359847608320,False,False,2026-04-15T04:24:32.527447+00:00
1604110033297453056,mounjaro_experience,mounjaro,experience,2022-12-17T13:43:29+00:00,AnnieMc28668558,Annie McGee,"@ErlingStu I’ve been on cholesterol and meds for high trigly for years.
Been taking mounjaro for almost 3 months…will redo blood work next month…but, the reduction in my inflammation is dramatic. I can see it and feel it. Seems like most of my problems were linked to insulin resistance",en,1,0,1,0,169,"<a href=""http://twitter.com/#!/download/ipad"" rel=""nofollow"">Twitter for iPad</a>",https://x.com/AnnieMc28668558/status/1604110033297453056,False,True,2026-04-15T04:24:32.528444+00:00
1603083257129578498,mounjaro_experience,mounjaro,experience,2022-12-14T17:43:27+00:00,socalmom,Reina,I'm writing a piece about GLP-1 agonists (diabetes meds like Ozempic and Mounjaro sometimes prescribed for weight loss). Wondering if anyone I know here is using one of these medications and would be willing to answer a few questions about their experience?,en,0,0,0,0,,"<a href=""https://mobile.twitter.com"" rel=""nofollow"">Twitter Web App</a>",https://x.com/socalmom/status/1603083257129578498,False,False,2026-04-15T04:24:32.528444+00:00
1603054118129598465,mounjaro_experience,mounjaro,experience,2022-12-14T15:47:39+00:00,MissMo4442,Leo Sungodess,@BevTchangMD @jacobbrody Have you seen any severe side effects? I took my first dose yesterday and it about 6 hours later my lips started to swell. Only my lips and no irritation from injection site. I'm trying to figure out if it was the Mounjaro or something else,en,0,0,0,0,,"<a href=""http://twitter.com/download/iphone"" rel=""nofollow"">Twitter for iPhone</a>",https://x.com/MissMo4442/status/1603054118129598465,False,True,2026-04-15T04:24:32.528444+00:00
1602832528062160898,mounjaro_experience,mounjaro,experience,2022-12-14T01:07:08+00:00,musicloverMD,William,@itkenyon @calibrate 5 days since messaging calibrate and NO response. PillPak wont honor $25 Mounjaro coupon any longer. I just paid $1000 for one month meds and Calibrate hasn’t responded yet! Horrible customer service! I regret paying for your service and would NOT recommend.,en,2,0,5,0,,"<a href=""http://twitter.com/download/iphone"" rel=""nofollow"">Twitter for iPhone</a>",https://x.com/musicloverMD/status/1602832528062160898,False,False,2026-04-15T04:24:33.522371+00:00
1602430319067631616,mounjaro_experience,mounjaro,experience,2022-12-12T22:28:54+00:00,xKloc,Todd Skelton,"@kevinnbass Get you some tirzepatide, bro. 😆
OMAD is that 15 month dip in the middle, tirzepatide is the dip at the end. https://t.co/41zm5jvkbl",en,1,0,1,0,,"<a href=""http://twitter.com/download/android"" rel=""nofollow"">Twitter for Android</a>",https://x.com/xKloc/status/1602430319067631616,False,True,2026-04-15T04:24:33.522371+00:00
1602333207495680001,mounjaro_experience,mounjaro,experience,2022-12-12T16:03:01+00:00,BeyondType2,Beyond Type 2,"Mary participated in a trial using the new drug Mounjaro and shares her results, ""I have completely gotten my A1c under control. My cholesterol is under control now too. All the things that I had that were bad before now seem to be in check."" 
https://t.co/5mL90C8Npj",en,0,0,1,0,,"<a href=""https://sproutsocial.com"" rel=""nofollow"">Sprout Social</a>",https://x.com/BeyondType2/status/1602333207495680001,False,False,2026-04-15T04:24:33.522371+00:00
1602299236565090305,mounjaro_experience,mounjaro,experience,2022-12-12T13:48:01+00:00,0xfr_,______,@GCRClassic using grey market tirzepatide and it’s pretty amazing. the mounjaro subreddit acts like a bunch of crack heads looking for their next fix so will probably run hard for a while,en,1,0,0,0,,"<a href=""http://twitter.com/download/iphone"" rel=""nofollow"">Twitter for iPhone</a>",https://x.com/0xfr_/status/1602299236565090305,False,True,2026-04-15T04:24:33.522371+00:00
1601935746688073729,mounjaro_experience,mounjaro,experience,2022-12-11T13:43:39+00:00,Tellit007,Tellit Likeitis,@subbarajugv @DanielJDrucker I had gallstones before using Mounjaro. Took 2 years of urso prior to starting. So far no issues.,en,0,0,0,0,,"<a href=""http://twitter.com/download/android"" rel=""nofollow"">Twitter for Android</a>",https://x.com/Tellit007/status/1601935746688073729,False,True,2026-04-15T04:24:33.523367+00:00
1601825704089354241,mounjaro_experience,mounjaro,experience,2022-12-11T06:26:22+00:00,AlMusella,Al Musella,"@biggercapital I think there is going to be a cure for obesity in 2023 or 2024.   Drugs like Mounjaro are a major step forward but they have to make it oral with less side effects.   Imagine all of those people on the map taking a $1,000 per month drug for life.  My calculator doesn’t go there.",en,2,0,2,0,,"<a href=""http://twitter.com/download/iphone"" rel=""nofollow"">Twitter for iPhone</a>",https://x.com/AlMusella/status/1601825704089354241,False,True,2026-04-15T04:24:33.523367+00:00
1601343196587786240,mounjaro_experience,mounjaro,experience,2022-12-09T22:29:04+00:00,DuprasJacquelyn,Jacquelyn dupras,@LillyPad what a scam!! Mounjaro offered a$25 deal. Pharmacist called was told to pay $527 then $25 each month afterwards went for refill and it was denied. They lied to me and they lied to my pharmacist. No one answers customer service. No one calls you back,en,2,0,8,0,,"<a href=""http://twitter.com/download/iphone"" rel=""nofollow"">Twitter for iPhone</a>",https://x.com/DuprasJacquelyn/status/1601343196587786240,False,False,2026-04-15T04:24:33.523367+00:00
1601314230317518848,mounjaro_experience,mounjaro,experience,2022-12-09T20:33:58+00:00,semodough,dough,"$LLY Mounjaro TRx/NRx scripts for the week of 12/2/2022 were ~163,800/127,700",en,1,1,1,0,,"<a href=""http://twitter.com/download/iphone"" rel=""nofollow"">Twitter for iPhone</a>",https://x.com/semodough/status/1601314230317518848,False,False,2026-04-15T04:24:33.523367+00:00
1591475505361977344,mounjaro_experience,mounjaro,experience,2022-11-12T16:58:23+00:00,semodough,dough,$LLY Mounjaro  impressive—still looking forward to $VKTX similar drug early 1q23 @JamesEKrause https://t.co/vvMBmLPE84,en,2,1,5,1,,"<a href=""http://twitter.com/download/iphone"" rel=""nofollow"">Twitter for iPhone</a>",https://x.com/semodough/status/1591475505361977344,False,False,2026-04-15T04:24:33.523367+00:00
1601012876264624129,mounjaro_experience,mounjaro,experience,2022-12-09T00:36:29+00:00,claudeuh,Cloud Peña,Just left the pharmacy and they said they don’t know when I’ll be able to get my Mounjaro again since it’s so back ordered. 🥲 That 2 weeks I got to eat like a normal human was good while it lasted. 💔 hoping they’ll get it in before I need another injection next week. But idk 🥲,en,0,0,2,0,,"<a href=""http://twitter.com/download/iphone"" rel=""nofollow"">Twitter for iPhone</a>",https://x.com/claudeuh/status/1601012876264624129,False,False,2026-04-15T04:24:33.523367+00:00
1600844146318929920,mounjaro_experience,mounjaro,experience,2022-12-08T13:26:01+00:00,Billiam_the_3rd,Bill,@torriangray Have you looked into Mounjaro? It’s drastically improved my A1C and cholesterol in just a few months. It’s VERY expensive but there is a coupon that lets you get it for $25/month for either 6 months or 1 year.,en,0,0,0,0,,"<a href=""http://twitter.com/download/iphone"" rel=""nofollow"">Twitter for iPhone</a>",https://x.com/Billiam_the_3rd/status/1600844146318929920,False,False,2026-04-15T04:24:33.523367+00:00
1600787509310816257,mounjaro_experience,mounjaro,experience,2022-12-08T09:40:58+00:00,NeilFlochMD,Neil Floch MD,Let’s review the side effects of commonly used #weightloss #weight #obesity medications on this thread 🧵 feel free to respond with pictures graphs lists and descriptions: #ozempic #mounjaro #phentermine #saxenda #topamax #contrave #metformin,en,2,0,1,0,,"<a href=""http://twitter.com/download/iphone"" rel=""nofollow"">Twitter for iPhone</a>",https://x.com/NeilFlochMD/status/1600787509310816257,False,False,2026-04-15T04:24:33.523367+00:00
1600727738427625472,mounjaro_experience,mounjaro,experience,2022-12-08T05:43:27+00:00,DuoDiet,Duo Diet,"Weight Loss: MOUNJARO FOR WEIGHT LOSS | Week 5, 1st dose of 5 MG | New Symptoms? #weightloss 2022 https://t.co/EqiGAExnbZ",en,0,0,0,0,,"<a href=""http://publicize.wp.com/"" rel=""nofollow"">Jetpack.com</a>",https://x.com/DuoDiet/status/1600727738427625472,False,False,2026-04-15T04:24:33.523367+00:00
1600669466110607361,mounjaro_experience,mounjaro,experience,2022-12-08T01:51:54+00:00,notdeadyet5000,Greg,"@alaina4liberty They eventually put me on Ozempic. This shot actually makes you regret every meal, or eating at all. 

I am now on Mounjaro. It is a once a week shot. I am on the lowest dose. That has not affected me yet. However, my doc intends on tripling it.",en,1,0,1,0,,"<a href=""http://twitter.com/#!/download/ipad"" rel=""nofollow"">Twitter for iPad</a>",https://x.com/notdeadyet5000/status/1600669466110607361,False,True,2026-04-15T04:24:33.523367+00:00
1600650831707226112,mounjaro_experience,mounjaro,experience,2022-12-08T00:37:51+00:00,hguerrero9309,Heather,"Upping my dose of #mounjaro has me feeling like I have the flu. Sore muscles, fatigue, headache. I'm not wasting these meds. Guess ill have the flu for a month!",en,0,0,1,0,,"<a href=""http://twitter.com/download/android"" rel=""nofollow"">Twitter for Android</a>",https://x.com/hguerrero9309/status/1600650831707226112,False,False,2026-04-15T04:24:34.387829+00:00
1600624027462119424,mounjaro_experience,mounjaro,experience,2022-12-07T22:51:20+00:00,_Red_Hen_415,RedHen🐔,@90Leaks She’s using mounjaro or ozempic. They( SoCal people w/ means) all take it now. Listened to a podcast&amp; ‘ all natural’ Ali Landry admits to using it too,en,0,0,0,0,,"<a href=""https://mobile.twitter.com"" rel=""nofollow"">Twitter Web App</a>",https://x.com/_Red_Hen_415/status/1600624027462119424,False,True,2026-04-15T04:24:34.387829+00:00
1600522117736529920,mounjaro_experience,mounjaro,experience,2022-12-07T16:06:23+00:00,TaniaBradkin,"Tania Bradkin ♡ MSW, LCSW",@mcuban @costplusdrugs I just learned about a local pharmacy that is no longer accepting a coupon that brought down the cost of Mounjaro (Tirzepatide) from $1000/month to about $350. Many patients who take this medication have diabetes (not type 1). It is a @lillypad drug. Thank you.,en,0,0,3,0,,"<a href=""http://twitter.com/download/iphone"" rel=""nofollow"">Twitter for iPhone</a>",https://x.com/TaniaBradkin/status/1600522117736529920,False,True,2026-04-15T04:24:34.387829+00:00
1600494747633602560,mounjaro_experience,mounjaro,experience,2022-12-07T14:17:38+00:00,g0ingmad,Madison Muller,"Amid a surge in demand, @LillyPad and pharmacies have started to tighten access to tirzepatide, focusing on giving it to people with type 2 diabetes, @elaineywchen reports for @statnews.   https://t.co/EHcUXeJgff",en,0,5,3,0,,"<a href=""https://mobile.twitter.com"" rel=""nofollow"">Twitter Web App</a>",https://x.com/g0ingmad/status/1600494747633602560,False,False,2026-04-15T04:24:34.387829+00:00
1600489442933891073,mounjaro_experience,mounjaro,experience,2022-12-07T13:56:33+00:00,iMSewKodak,Formally iKodak87 🫶🏾🩷,Good morning y’all! Today I’ve started my Mounjaro journey and after weighing myself I will be tracking this journey.,en,1,0,3,0,,"<a href=""http://twitter.com/download/iphone"" rel=""nofollow"">Twitter for iPhone</a>",https://x.com/iMSewKodak/status/1600489442933891073,False,False,2026-04-15T04:24:34.387829+00:00
1600228894434820096,mounjaro_experience,mounjaro,experience,2022-12-06T20:41:13+00:00,xKloc,Todd Skelton,"@aghadden @DrNadolsky I have my weight data going back to 2016. It has some keto, some carnivore, some counting and my 15 months of OMAD on it. Take a guess when I started tirzepatide. https://t.co/d8L6VNBYox",en,0,0,0,0,,"<a href=""http://twitter.com/download/android"" rel=""nofollow"">Twitter for Android</a>",https://x.com/xKloc/status/1600228894434820096,False,True,2026-04-15T04:24:34.387829+00:00
1600198674524606464,mounjaro_experience,mounjaro,experience,2022-12-06T18:41:08+00:00,oakbendgirl,DLC777 on BlueSky 🇺🇦🌻☮️🐾,"@RebeccaAndrick1 @JesseLunsford @DrNadolsky Getting Mounjaro covered has been impossible, in my limited experience. And cash price is prohibitive for most.",en,0,0,1,0,,"<a href=""http://twitter.com/download/iphone"" rel=""nofollow"">Twitter for iPhone</a>",https://x.com/oakbendgirl/status/1600198674524606464,False,False,2026-04-15T04:24:34.387829+00:00
1599842463413256194,mounjaro_experience,mounjaro,experience,2022-12-05T19:05:41+00:00,jillmdfm,Jill,@Walgreens I just had a Walgreens pharmacy tell me they can't dispense Mounjaro to anyone without a diagnosis of type 2 diabetes (even if they are not using the coupon). Is this true?,en,1,0,1,0,,"<a href=""http://twitter.com/download/iphone"" rel=""nofollow"">Twitter for iPhone</a>",https://x.com/jillmdfm/status/1599842463413256194,False,False,2026-04-15T04:24:34.387829+00:00
1599755387506679808,mounjaro_experience,mounjaro,experience,2022-12-05T13:19:41+00:00,DanielJDrucker,Daniel J Drucker,"Reconciling MOA of Tirzepatide vs. AMG 133 at the GIP receptor is challenging. Yet data using mice, rats, non-human primates and human #genetics supports attenuation or loss of GIPR function linked to favorable metabolic outcomes. So an open mind pls, more science will clarify https://t.co/lEdEBKHrJn",en,4,10,50,1,,"<a href=""https://mobile.twitter.com"" rel=""nofollow"">Twitter Web App</a>",https://x.com/DanielJDrucker/status/1599755387506679808,False,False,2026-04-15T04:24:34.388828+00:00
1599261695473463297,mounjaro_experience,mounjaro,experience,2022-12-04T04:37:55+00:00,DanielJDrucker,Daniel J Drucker,"As disclosed today by @amgen @WCIRDC fascinating data for sustained improvements in #weightloss even months after cessation ofAMG-133 dosing, the GIPR antagonist, GLP-1-R agonist antibody. Likely more durability than expected from PK-PD, but small # of PPL in P1 trial #obesity https://t.co/xptkLsLZVV",en,3,48,119,4,,"<a href=""http://twitter.com/#!/download/ipad"" rel=""nofollow"">Twitter for iPad</a>",https://x.com/DanielJDrucker/status/1599261695473463297,False,False,2026-04-15T04:24:34.388828+00:00
1599247819919208448,mounjaro_experience,mounjaro,experience,2022-12-04T03:42:47+00:00,watchmefly13,gymnast4life,@wamalamawooboo @TomCar73503303 I doubt it. They probably take Mounjaro.  My doctor gave me a prescription but my insurance won’t cover it so it would be $1200 per month… 😒😒,en,1,0,0,0,,"<a href=""http://twitter.com/download/iphone"" rel=""nofollow"">Twitter for iPhone</a>",https://x.com/watchmefly13/status/1599247819919208448,False,True,2026-04-15T04:24:34.388828+00:00
1599075380819656704,mounjaro_experience,mounjaro,experience,2022-12-03T16:17:34+00:00,angryelderjay,Jay Wisniewski,I don’t usually do breakfast so I started the day with some Two Good greek yogurt with some fresh pineberries and blueberries on top. #weightlossjourney #Mounjaro #weightloss #joinsequence https://t.co/IZZj72KlVX,en,0,0,5,0,,"<a href=""http://twitter.com/download/iphone"" rel=""nofollow"">Twitter for iPhone</a>",https://x.com/angryelderjay/status/1599075380819656704,False,False,2026-04-15T04:24:34.388828+00:00
1598833312511901699,mounjaro_experience,mounjaro,experience,2022-12-03T00:15:41+00:00,tracy_trace70,Tracy Schaffer,Tell me your experience with taking Mounjaro. Andddd GO!,en,1,0,1,0,,"<a href=""http://twitter.com/#!/download/ipad"" rel=""nofollow"">Twitter for iPad</a>",https://x.com/tracy_trace70/status/1598833312511901699,False,False,2026-04-15T04:24:34.388828+00:00
1598489667602714624,mounjaro_experience,mounjaro,experience,2022-12-02T01:30:09+00:00,marthann85,Martha,I weigh what I did at high school graduation which is wild. My sister started Mounjaro yesterday and texted me today “I’m not hungry” when you live life thinking about food all the time you don’t know there is life not thinking about it. It’s life changing.,en,2,0,3,0,,"<a href=""http://twitter.com/download/iphone"" rel=""nofollow"">Twitter for iPhone</a>",https://x.com/marthann85/status/1598489667602714624,False,False,2026-04-15T04:24:34.388828+00:00
1598474207679193089,mounjaro_experience,mounjaro,experience,2022-12-02T00:28:43+00:00,MichaelAlbertMD,"Michael Albert, MD","[Shared with permission]
Using modern obesity medication, I helped a patient in their mid-50s achieve a BW state below their HS graduation weight. If this is not resetting energy homeostasis (or set point), then I don’t know what to call it. Absolutely remarkable! https://t.co/G4fOwTRdyq",en,7,4,71,3,,"<a href=""http://twitter.com/download/iphone"" rel=""nofollow"">Twitter for iPhone</a>",https://x.com/MichaelAlbertMD/status/1598474207679193089,False,False,2026-04-15T04:24:34.388828+00:00
1598342169554829314,mounjaro_experience,mounjaro,experience,2022-12-01T15:44:03+00:00,KwiatBerlin,Dennis Kwiatkowski,@john_bresnahan @ByLizC It’s likely not. AMG133 -14.5% at week 12 vs -9% for Tirzepatide as far as I see comparing then quickly,en,1,0,0,0,,"<a href=""http://twitter.com/download/iphone"" rel=""nofollow"">Twitter for iPhone</a>",https://x.com/KwiatBerlin/status/1598342169554829314,False,False,2026-04-15T04:24:34.388828+00:00
1598342027699159040,mounjaro_experience,mounjaro,experience,2022-12-01T15:43:29+00:00,jessica_in_tx,Jessica Michelle,"@chowandchatter @SummerDietitian My thoughts on mounjaro based on my experience - it’s a LIFE CHANGING medicine. I don’t binge eat, obsess over food, feel deprived, I barely drink alcohol, my body is less inflamed all around, I make smarter choices, I have more energy. No “diet” has done that for me. Ever.",en,1,0,8,0,,"<a href=""http://twitter.com/download/iphone"" rel=""nofollow"">Twitter for iPhone</a>",https://x.com/jessica_in_tx/status/1598342027699159040,False,True,2026-04-15T04:24:34.388828+00:00
1598068276013461504,mounjaro_experience,mounjaro,experience,2022-11-30T21:35:42+00:00,yash_adroja,Yash Adroja,@SummerDietitian Tirzepatide is phenomenal. Glad you’re having a good experience :),en,0,0,1,0,,"<a href=""http://twitter.com/download/iphone"" rel=""nofollow"">Twitter for iPhone</a>",https://x.com/yash_adroja/status/1598068276013461504,False,True,2026-04-15T04:24:34.389823+00:00
1597409204121534465,mounjaro_experience,mounjaro,experience,2022-11-29T01:56:47+00:00,indoximity,INDoximity 🇮🇳,Efficacy and safety of tirzepatide as novel treatment for type 2 diabetes: A systematic review and meta-analysis of randomized clinical trials https://t.co/pFrTMz9QwZ #Endocrinology,en,0,0,0,0,,"<a href=""https://indoximity.com"" rel=""nofollow"">INDoximity</a>",https://x.com/indoximity/status/1597409204121534465,False,False,2026-04-15T04:24:35.412788+00:00
1597358671679234048,mounjaro_experience,mounjaro,experience,2022-11-28T22:35:59+00:00,jacobbrody,Jacob Brody,This is very much in line with my experience on Tirzepatide.,en,0,0,2,0,,"<a href=""http://twitter.com/#!/download/ipad"" rel=""nofollow"">Twitter for iPad</a>",https://x.com/jacobbrody/status/1597358671679234048,False,False,2026-04-15T04:24:35.412788+00:00
1597309579783983104,mounjaro_experience,mounjaro,experience,2022-11-28T19:20:55+00:00,djnorocks,Chris,Thank you @LillyPad for causing pharmacies to stop taking the savings card for #Mounjaro. I really really wanted to spend 1100 a month. Appreciate it.,en,2,0,7,0,,"<a href=""https://mobile.twitter.com"" rel=""nofollow"">Twitter Web App</a>",https://x.com/djnorocks/status/1597309579783983104,False,False,2026-04-15T04:24:35.412788+00:00
1597076248756305920,mounjaro_experience,mounjaro,experience,2022-11-28T03:53:44+00:00,listen_here_hoe,MYY_TAH,I’m so desperate for Mounjaro but I don’t have 500 dollars every month for it,en,1,0,0,0,,"<a href=""http://twitter.com/download/iphone"" rel=""nofollow"">Twitter for iPhone</a>",https://x.com/listen_here_hoe/status/1597076248756305920,False,False,2026-04-15T04:24:35.412788+00:00
1596865298291834880,mounjaro_experience,mounjaro,experience,2022-11-27T13:55:30+00:00,drakesmith__,Drake Smith,"Is it as simple as some people will do the hard things and others won't?

I hate to believe that but in my experience I have never found a way to crack the psychology of the type of client that will reach for pyramid scheme powders and quick fixes like mounjaro",en,2,0,0,0,,"<a href=""https://typeshare.co"" rel=""nofollow"">Typeshare.co</a>",https://x.com/drakesmith__/status/1596865298291834880,False,True,2026-04-15T04:24:35.412788+00:00
1596688582881996801,mounjaro_experience,mounjaro,experience,2022-11-27T02:13:17+00:00,MartyManley,Marty Manley (Bluesky @martymanley),"If you are not aware of the revolution in obesity treatment just getting started by the drugs the mimic incretin hormones, you might learn from my account: Mounjaro and Me.

https://t.co/syCNFfdW5M",en,1,0,1,0,,"<a href=""https://mobile.twitter.com"" rel=""nofollow"">Twitter Web App</a>",https://x.com/MartyManley/status/1596688582881996801,False,True,2026-04-15T04:24:35.412788+00:00
1596557268593541121,mounjaro_experience,mounjaro,experience,2022-11-26T17:31:30+00:00,claudeuh,Cloud Peña,"Idk how non-diabetics even WANT to be on Ozempic. This nausea is the fucking worst and it’s getting worse each day.

I’m only on a sample rn and going to try Mounjaro next week but I told my endo I was worried about the shortage and didn’t want Ozempic long-term bc of it.",en,1,0,2,0,,"<a href=""http://twitter.com/download/iphone"" rel=""nofollow"">Twitter for iPhone</a>",https://x.com/claudeuh/status/1596557268593541121,False,False,2026-04-15T04:24:35.412788+00:00
1595679620489175040,mounjaro_experience,mounjaro,experience,2022-11-24T07:24:02+00:00,theshirarose,Shira Rose,"It’s so sad to see people fall for Ozempic (&amp; meds like it)as the next weight loss cure all. You tried intermittent fasting, Keto,Vyvanse, Whole 30,cleanses, etc &amp; they all “worked” until they didn’t.

You deserve so much more than a lifetime dedicated to the pursuit of thinness.",en,13,76,512,10,,"<a href=""http://twitter.com/download/iphone"" rel=""nofollow"">Twitter for iPhone</a>",https://x.com/theshirarose/status/1595679620489175040,False,False,2026-04-15T04:24:35.412788+00:00
1596239545917673472,mounjaro_experience,mounjaro,experience,2022-11-25T20:28:59+00:00,_dadte,Ra's Al Gabaghul,"PCP prescribed me Mounjaro 2 months ago and it’s been working greatly, however @LillyPad and/or @MounjaroHCP have changed the finely printed language and the effectiveness of the coupon for those not using insurance went from $25 to $500 but it’s not covered by my insurance. 😫",en,0,0,1,0,,"<a href=""http://twitter.com/download/iphone"" rel=""nofollow"">Twitter for iPhone</a>",https://x.com/_dadte/status/1596239545917673472,False,False,2026-04-15T04:24:35.412788+00:00
1595710341777948674,mounjaro_experience,mounjaro,experience,2022-11-24T09:26:07+00:00,CantonBuckNut,CBC,"@mcuban @costplusdrugs Tirzepatide - (Mounjaro) cost is around $1500 a month and not covered by insurance. Using retailer coupon, but only good for a couple months.",en,0,0,1,0,,"<a href=""http://twitter.com/download/iphone"" rel=""nofollow"">Twitter for iPhone</a>",https://x.com/CantonBuckNut/status/1595710341777948674,False,True,2026-04-15T04:24:35.412788+00:00
1595616570922999813,mounjaro_experience,mounjaro,experience,2022-11-24T03:13:30+00:00,PlayerTiffy,Tiffy,@LillyPad is there other coupons for mounjaro? The pharmacist says it no longer works and i cannot afford 1300 a month.,en,0,0,0,0,,"<a href=""https://mobile.twitter.com"" rel=""nofollow"">Twitter Web App</a>",https://x.com/PlayerTiffy/status/1595616570922999813,False,False,2026-04-15T04:24:35.412788+00:00
1595600327650250752,mounjaro_experience,mounjaro,experience,2022-11-24T02:08:57+00:00,Underpaidnurse,erika,the f*ck you care about people. Mounjaro?? 1200 bucks a month? How much is your insulin again? for shame,en,0,0,0,0,,"<a href=""https://mobile.twitter.com"" rel=""nofollow"">Twitter Web App</a>",https://x.com/Underpaidnurse/status/1595600327650250752,False,False,2026-04-15T04:24:35.413784+00:00
1588229712492503042,mounjaro_experience,mounjaro,experience,2022-11-03T18:00:45+00:00,EliLillyandCo,Eli Lilly and Company,"Take a deep dive into #GeneticMedicines, what they can treat, and why they’re becoming the medical mainstream. Listen to the latest podcast episode of The Elixir Factor: https://t.co/ZMZtTAGNKT #WeAreLilly https://t.co/cj4yTMiCbF",en,52,21,46,3,,"<a href=""https://www.spredfast.com/"" rel=""nofollow"">Khoros Publishing</a>",https://x.com/EliLillyandCo/status/1588229712492503042,False,False,2026-04-15T04:24:35.413784+00:00
1595594407188865026,mounjaro_experience,mounjaro,experience,2022-11-24T01:45:26+00:00,QuigleyNFT,Quigley.eth,@mcuban @costplusdrugs Can you get Mounjaro?  This stuff is selling like crazy rn but those using it for weight loss will likely not have insurance coverage soon... It's about 1200/month,en,0,0,2,0,,"<a href=""http://twitter.com/download/android"" rel=""nofollow"">Twitter for Android</a>",https://x.com/QuigleyNFT/status/1595594407188865026,False,True,2026-04-15T04:24:35.413784+00:00
1595121487476056064,mounjaro_experience,mounjaro,experience,2022-11-22T18:26:13+00:00,GoldieRichter,TheRichterScale,@DrNadolsky @thelowendhz Would you support sticking with 2.5mg Mounjaro for 2nd month or more if working beautifully (non-dm)?  What is known about habituation?,en,1,0,0,0,,"<a href=""https://mobile.twitter.com"" rel=""nofollow"">Twitter Web App</a>",https://x.com/GoldieRichter/status/1595121487476056064,False,True,2026-04-15T04:24:35.413784+00:00
1594932644957270016,mounjaro_experience,mounjaro,experience,2022-11-22T05:55:49+00:00,SeeFisch,Conrad Fischer,"I hate how drugs are paid for in the United States
*SGLT2 inhibitors: $500-$700 a MONTH!
*GLP agonists: $800-$900 a MONTH!
*Tirzepatide: $1,000 a MONTH!!!

*Sulfonylureas/ Metformin/ Pioglitazone: $20 a month",en,5,4,64,1,,"<a href=""https://mobile.twitter.com"" rel=""nofollow"">Twitter Web App</a>",https://x.com/SeeFisch/status/1594932644957270016,False,False,2026-04-15T04:24:35.413784+00:00
1593956298235723778,mounjaro_experience,mounjaro,experience,2022-11-19T13:16:10+00:00,itsCrystal4522,Momma.💙,"@NutritionTrain Sequence already offers this for $100 a month, including weight coach and rx for Mounjaro.",en,1,0,0,0,,"<a href=""http://twitter.com/download/android"" rel=""nofollow"">Twitter for Android</a>",https://x.com/itsCrystal4522/status/1593956298235723778,False,True,2026-04-15T04:24:36.235273+00:00
1593718999522725888,mounjaro_experience,mounjaro,experience,2022-11-18T21:33:14+00:00,jounee_,Unseriousness,Apparently people are using Mounjaro for weight loss,en,0,0,0,0,,"<a href=""http://twitter.com/download/android"" rel=""nofollow"">Twitter for Android</a>",https://x.com/jounee_/status/1593718999522725888,False,False,2026-04-15T04:24:36.235273+00:00
1593417379567923201,mounjaro_experience,mounjaro,experience,2022-11-18T01:34:42+00:00,ie49er,IE49er,@MounjaroHCP Thanks for changing the coupon. I can pay $1300 now to keep using Mounjaro.  You guys suck.,en,0,1,0,0,,"<a href=""http://twitter.com/download/android"" rel=""nofollow"">Twitter for Android</a>",https://x.com/ie49er/status/1593417379567923201,False,False,2026-04-15T04:24:36.235273+00:00
1593415398682042368,mounjaro_experience,mounjaro,experience,2022-11-18T01:26:49+00:00,kafaleen86,Kathleen T,@JWagoner54 It’s so gross 🤮 and I like that mounjaro is just once a week!,en,0,0,0,0,,"<a href=""http://twitter.com/download/iphone"" rel=""nofollow"">Twitter for iPhone</a>",https://x.com/kafaleen86/status/1593415398682042368,False,True,2026-04-15T04:24:36.235273+00:00
1593277901394288647,mounjaro_experience,mounjaro,experience,2022-11-17T16:20:28+00:00,Tellit007,Tellit Likeitis,"@DrNadolsky @Drlipid And reaping benefits clinically in my case. Very significant drop in ApoB from 116 to 43 and LDL-c from 99 to 22(!) on just 5mg rosuvastatin and 10mg ezetimibe. Also started Mounjaro at same time, not sure how much of above was from MJ. Either way TY @Drlipid and @DrNadolsky!",en,0,0,2,0,,"<a href=""http://twitter.com/download/android"" rel=""nofollow"">Twitter for Android</a>",https://x.com/Tellit007/status/1593277901394288647,False,True,2026-04-15T04:24:36.235273+00:00
1593231011999256576,mounjaro_experience,mounjaro,experience,2022-11-17T13:14:08+00:00,KeTONEgal,KeTONEgal,@iowajustin @ChasParker1 @LillyPad It’s $1K for the first month only.  For all the months there after it’s $2K a month. Most if not all patients who are put on Mounjaro need it for more than one month.,en,1,0,0,1,,"<a href=""http://twitter.com/download/iphone"" rel=""nofollow"">Twitter for iPhone</a>",https://x.com/KeTONEgal/status/1593231011999256576,False,True,2026-04-15T04:24:36.235273+00:00
1593227337176256512,mounjaro_experience,mounjaro,experience,2022-11-17T12:59:32+00:00,KeTONEgal,KeTONEgal,"@iowajustin @BernieSanders @US_FDA @LillyPad That is not correct.  The FDA allows doctors to prescribe medication off-label.  Lilly recently started to require patients to have DM if they’re going to use their coupon for Mounjaro, which most patients will need to be able to afford it.",en,1,0,0,0,,"<a href=""http://twitter.com/download/iphone"" rel=""nofollow"">Twitter for iPhone</a>",https://x.com/KeTONEgal/status/1593227337176256512,False,True,2026-04-15T04:24:36.235273+00:00
1593050097763303424,mounjaro_experience,mounjaro,experience,2022-11-17T01:15:15+00:00,brezie7421,Bre,Has anybody recently been started on Mounjaro that is also on an insulin pump? I feel like I was doing better before the Mounjaro. #diabetes,en,0,0,0,0,,"<a href=""http://twitter.com/download/iphone"" rel=""nofollow"">Twitter for iPhone</a>",https://x.com/brezie7421/status/1593050097763303424,False,False,2026-04-15T04:24:36.235273+00:00
1592956558744354819,mounjaro_experience,mounjaro,experience,2022-11-16T19:03:33+00:00,temmert,temmert,"@elonmusk @teslaownersSV @chicago_glenn @ianmiles @dcherring @nichegamer Great Job Elon!

I have been on Mounjaro for the last 5 weeks, but had to switch to Ozempic due to insurance (or lack of..) reasons.  Started at 288, weighed today at 261.5.   

Bacon is my new snack food! LOL",en,0,0,2,0,,"<a href=""https://about.twitter.com/products/tweetdeck"" rel=""nofollow"">TweetDeck</a>",https://x.com/temmert/status/1592956558744354819,False,True,2026-04-15T04:24:36.235273+00:00
1592862757724237824,mounjaro_experience,mounjaro,experience,2022-11-16T12:50:50+00:00,loriemanuel8,Gigi K 💫🕊,"@elonmusk @teslaownersSV @chicago_glenn @ianmiles @dcherring @nichegamer Mounjaro, less side effect 25lbs down. One shot a week. No issues. Feel great. 
Eating healthy and intermittent fasting , however i love to cook and bake . I just feed everyone else now! Haha🤣",en,1,0,2,0,,"<a href=""http://twitter.com/download/android"" rel=""nofollow"">Twitter for Android</a>",https://x.com/loriemanuel8/status/1592862757724237824,False,True,2026-04-15T04:24:36.235273+00:00
1594191559293124608,mounjaro_experience,mounjaro,experience,2022-11-20T04:51:01+00:00,barbedol,Barb Shapiro,Week 12 of my Mounjaro journey. Down 40lbs and 35 to go to reach my optimal BMI for my height.  #StoutNoMore #NoLongerATeapot #Mounjaro https://t.co/KxGv2KTO8C,en,0,0,8,0,,"<a href=""http://twitter.com/download/iphone"" rel=""nofollow"">Twitter for iPhone</a>",https://x.com/barbedol/status/1594191559293124608,False,False,2026-04-15T04:24:36.236276+00:00
1592617001457168386,mounjaro_experience,mounjaro,experience,2022-11-15T20:34:17+00:00,StacyJo88,Stacy Tremblay,@GreaterAjax989 I’m in my 14th month of a 2 year clinical trial on Mounjaro  for weight loss. It’s to determine if patients will keep the weight off. Half of us went on placebo at the 9 month mark. I’m assuming I’m still on the drug because I haven’t gained any weight.,en,4,1,8,0,,"<a href=""http://twitter.com/download/iphone"" rel=""nofollow"">Twitter for iPhone</a>",https://x.com/StacyJo88/status/1592617001457168386,False,True,2026-04-15T04:24:37.156758+00:00
1592608871079874560,mounjaro_experience,mounjaro,experience,2022-11-15T20:01:58+00:00,MedPipeline,MedPipeline,"Does Mounjaro work for weight loss? In studies with or without other diabetes medications weight loss in adults reached 11.4 kg (25 lb) over 52-week studies. Higher doses led to greater weight loss, but may be associated with greater stomach side effects. https://t.co/ZxAqG8XFUi",en,0,0,0,0,,"<a href=""https://mobile.twitter.com"" rel=""nofollow"">Twitter Web App</a>",https://x.com/MedPipeline/status/1592608871079874560,False,False,2026-04-15T04:24:37.156758+00:00
1592547099790671872,mounjaro_experience,mounjaro,experience,2022-11-15T15:56:31+00:00,lalauraru777,@lalauraru777,"@StephenM Or, unless you self-pay $1200 a month, if 65+- Medicare- can’t get @mounjaro or @0zempic",en,0,0,0,0,,"<a href=""http://twitter.com/#!/download/ipad"" rel=""nofollow"">Twitter for iPad</a>",https://x.com/lalauraru777/status/1592547099790671872,False,True,2026-04-15T04:24:37.156758+00:00
1592369874512543744,mounjaro_experience,mounjaro,experience,2022-11-15T04:12:17+00:00,Tellit007,Tellit Likeitis,@lowcarb_wa Weird. My buddy no longer has diabetes dropping 40lbs using tirzepatide and a high carb plant predominant diet. Please explain.,en,1,0,0,0,,"<a href=""http://twitter.com/download/android"" rel=""nofollow"">Twitter for Android</a>",https://x.com/Tellit007/status/1592369874512543744,False,True,2026-04-15T04:24:37.156758+00:00
1592048798951276544,mounjaro_experience,mounjaro,experience,2022-11-14T06:56:27+00:00,EyeMordor,Eye of Mordor,"Longs (5):  [Realizing now I need to condense these]  Will recall I sold almost all oils near summer peak but still holding $HAL, $KMI, $EE.  New position $GNRC saw major loss after earnings.  Moved some $XLV to $LLY on Mounjaro potential.  Long #Dollar last week.",en,0,0,0,0,,"<a href=""http://twitter.com/#!/download/ipad"" rel=""nofollow"">Twitter for iPad</a>",https://x.com/EyeMordor/status/1592048798951276544,False,False,2026-04-15T04:24:37.156758+00:00
1591934022019588096,mounjaro_experience,mounjaro,experience,2022-11-13T23:20:22+00:00,xKloc,Todd Skelton,"@Tellit007 @DrNadolsky @BevTchangMD @LillyPad Blue line is with tirzepatide vs green line without. For the first week, EE was much higher with tirzepatide (close to baseline).",en,1,0,2,0,,"<a href=""http://twitter.com/download/android"" rel=""nofollow"">Twitter for Android</a>",https://x.com/xKloc/status/1591934022019588096,False,True,2026-04-15T04:24:37.156758+00:00
1591914580086751234,mounjaro_experience,mounjaro,experience,2022-11-13T22:03:06+00:00,robertheadley,Robert Headley robertheadley.bsky.social,I started taking once weekly Mounjaro. Anyone else take it? Results?,en,3,0,3,0,,"<a href=""https://mobile.twitter.com"" rel=""nofollow"">Twitter Web App</a>",https://x.com/robertheadley/status/1591914580086751234,False,False,2026-04-15T04:24:37.156758+00:00
1591862472872718338,mounjaro_experience,mounjaro,experience,2022-11-13T18:36:03+00:00,mucus_cast,ribbity mcFish,@temafudge They have no idea the cognitive load it takes to recognize the need for pioglitazone or even acarbose in one encounter to freely using mounjaro in another,en,1,0,0,0,,"<a href=""http://twitter.com/download/iphone"" rel=""nofollow"">Twitter for iPhone</a>",https://x.com/mucus_cast/status/1591862472872718338,False,True,2026-04-15T04:24:37.156758+00:00
1591644150440534016,mounjaro_experience,mounjaro,experience,2022-11-13T04:08:31+00:00,cigarmike,cigarmike,Started on Mounjaro on Friday. Hopefully it works as advertised. We’ll see what happens. #OldGuyTweet,en,0,0,1,0,,"<a href=""http://twitter.com/download/iphone"" rel=""nofollow"">Twitter for iPhone</a>",https://x.com/cigarmike/status/1591644150440534016,False,False,2026-04-15T04:24:37.156758+00:00
1591527345562976257,mounjaro_experience,mounjaro,experience,2022-11-12T20:24:22+00:00,BaconOhmy,Mellie,@yash_adroja @RenoDrew @AshleyGWinter I have been using mounjaro for weight and it’s amazing.  There really are more benefits to it than weight loss.,en,0,0,0,0,,"<a href=""http://twitter.com/download/iphone"" rel=""nofollow"">Twitter for iPhone</a>",https://x.com/BaconOhmy/status/1591527345562976257,False,True,2026-04-15T04:24:37.156758+00:00
1591476497197719553,mounjaro_experience,mounjaro,experience,2022-11-12T17:02:19+00:00,JustJewels93,Just Julie,@KetoCarnivore I definitely had this prior to starting Mounjaro. I gained weight and increased blood sugar on a carnivore diet although it was somewhat tempered when I went high fat carnivore. I was unable to control blood sugar until I started medication though.,en,0,0,4,0,,"<a href=""http://twitter.com/download/iphone"" rel=""nofollow"">Twitter for iPhone</a>",https://x.com/JustJewels93/status/1591476497197719553,False,True,2026-04-15T04:24:37.156758+00:00
1591105237066350592,mounjaro_experience,mounjaro,experience,2022-11-11T16:27:04+00:00,JustJewels93,Just Julie,"CICO doesn’t always work. Case in point: I’m eating roughly 1000 cals a day. My body is used to 5mg Mounjaro and the scale is barely moving. Clearly, my body has something askew or I would be losing more rapidly even without medication. Moving up to 7.5 next week.",en,2,0,4,0,,"<a href=""http://twitter.com/download/iphone"" rel=""nofollow"">Twitter for iPhone</a>",https://x.com/JustJewels93/status/1591105237066350592,False,False,2026-04-15T04:24:37.157755+00:00
1590802984333869056,mounjaro_experience,mounjaro,experience,2022-11-10T20:26:01+00:00,Under6ftNoBeard,Call me Rickye,Get you a woman taking Mounjaro once a week and get out the game fellas,en,2,0,1,0,,"<a href=""http://twitter.com/download/android"" rel=""nofollow"">Twitter for Android</a>",https://x.com/Under6ftNoBeard/status/1590802984333869056,False,False,2026-04-15T04:24:37.157755+00:00
1590790135763062784,mounjaro_experience,mounjaro,experience,2022-11-10T19:34:58+00:00,Glutton4Pnshmnt,ChutzpahToLive,@DoodlesTrks Started Mounjaro and took my second shot yesterday.  It's a side effect that means its working.  Dunno y my doc couldn't just say i'd feel nauseated.  he specifically said morning sickness LMAO,en,1,0,1,0,,"<a href=""https://mobile.twitter.com"" rel=""nofollow"">Twitter Web App</a>",https://x.com/Glutton4Pnshmnt/status/1590790135763062784,False,True,2026-04-15T04:24:37.157755+00:00
1590770947044577280,mounjaro_experience,mounjaro,experience,2022-11-10T18:18:43+00:00,mackdaddypatty,retired gooch goblin,"Alright, I see why people been dropping 10-15lbs in the first week with mounjaro. As soon as you smell food you get nauseous.",en,0,0,1,0,,"<a href=""http://twitter.com/download/iphone"" rel=""nofollow"">Twitter for iPhone</a>",https://x.com/mackdaddypatty/status/1590770947044577280,False,False,2026-04-15T04:24:37.157755+00:00
1590475538766139394,mounjaro_experience,mounjaro,experience,2022-11-09T22:44:52+00:00,momofcheergirls,Karla Davis Redding,@LillyPad Stop letting pharmacies go around diagnosis code of T2 &amp; allow people to get $25 Mounjaro who are using it for weight loss which is still not FDA approved. That would help those with T2 be able to get their medication without being told at pharmacy they can’t get it for weeks.,en,0,0,0,0,,"<a href=""http://twitter.com/download/iphone"" rel=""nofollow"">Twitter for iPhone</a>",https://x.com/momofcheergirls/status/1590475538766139394,False,True,2026-04-15T04:24:37.157755+00:00
1590379799125823488,mounjaro_experience,mounjaro,experience,2022-11-09T16:24:26+00:00,sjcrain79,Sean,"@notspacytellman I got a script for Mounjaro and I ended up dropping like 25 in a month.  But I'm also drastically reducing calories in an effort to lose 50 before the end of the year.  I'm trying lose 150 in total, so this will be a slog.",en,0,0,1,0,,"<a href=""https://mobile.twitter.com"" rel=""nofollow"">Twitter Web App</a>",https://x.com/sjcrain79/status/1590379799125823488,False,True,2026-04-15T04:24:37.157755+00:00
1590361679225057282,mounjaro_experience,mounjaro,experience,2022-11-09T15:12:26+00:00,pattydog,pattydog,"@CVSHealth Tried to moved my prescriptions to Wegmans last week after the debacle at CVS in Wayne, PA getting my Mounjaro. Got call from Wegmans yesterday asking me to have my Dr provide new scripts because CVS won’t respond to their calls regarding Rx transfer. Disgusting!",en,1,0,0,0,,"<a href=""http://twitter.com/download/iphone"" rel=""nofollow"">Twitter for iPhone</a>",https://x.com/pattydog/status/1590361679225057282,False,False,2026-04-15T04:24:37.157755+00:00
1590123092533161984,mounjaro_experience,mounjaro,experience,2022-11-08T23:24:22+00:00,Tellit007,Tellit Likeitis,@ben63147361 @Lpa_Doc @ProfSNicholls Hard to say as I started all 3 around the same time. Based on the studies I think it is fair to say tirzepatide can take credit for about 10% of the drop.,en,1,0,0,0,,"<a href=""http://twitter.com/download/android"" rel=""nofollow"">Twitter for Android</a>",https://x.com/Tellit007/status/1590123092533161984,False,True,2026-04-15T04:24:38.088310+00:00
1589956844466081793,mounjaro_experience,mounjaro,experience,2022-11-08T12:23:46+00:00,mohamedhamedh2,"Mohamed Hamedh MSc, MD","Tirzepatide Lowers Weight Across All Groups With Obesity  

https://t.co/0M5ZszDOPK

Sent using the Medscape App for Android™",en,0,0,0,0,,"<a href=""http://twitter.com/download/android"" rel=""nofollow"">Twitter for Android</a>",https://x.com/mohamedhamedh2/status/1589956844466081793,False,False,2026-04-15T04:24:38.088310+00:00
1589954688752922624,mounjaro_experience,mounjaro,experience,2022-11-08T12:15:12+00:00,mohamedhamedh2,"Mohamed Hamedh MSc, MD","Tirzepatide Lowers Weight Across All Groups With Obesity  

https://t.co/0M5ZszURRK

Sent using the Medscape App for Android™",en,0,0,0,0,,"<a href=""http://twitter.com/download/android"" rel=""nofollow"">Twitter for Android</a>",https://x.com/mohamedhamedh2/status/1589954688752922624,False,False,2026-04-15T04:24:38.088310+00:00
1589753288521822208,mounjaro_experience,mounjaro,experience,2022-11-07T22:54:54+00:00,lblee58,Larry Lee,#TuesdayMotivaton When I started taking 5MG Mounjaro I no longer needed fast acting insulin and now I’m on the 7.5MG dose I no longer need long acting insulin. Will be increasing dosage every month until I hit 15MG which should help me lose 22% of my current weight in 15 months,en,0,0,5,0,,"<a href=""http://twitter.com/#!/download/ipad"" rel=""nofollow"">Twitter for iPad</a>",https://x.com/lblee58/status/1589753288521822208,False,False,2026-04-15T04:24:38.088310+00:00
1589488165794230272,mounjaro_experience,mounjaro,experience,2022-11-07T05:21:24+00:00,minroscs,echo ⋆ ˚｡⋆୨୧˚,does anyone have experience with mounjaro injections?,en,3,0,0,0,,"<a href=""http://twitter.com/download/iphone"" rel=""nofollow"">Twitter for iPhone</a>",https://x.com/minroscs/status/1589488165794230272,False,False,2026-04-15T04:24:38.088310+00:00
1589021675785682945,mounjaro_experience,mounjaro,experience,2022-11-05T22:27:44+00:00,BradStanfieldMD,Dr Brad Stanfield,@BWalkerTTAGGG @hubermanlab We need a new approach to weight loss. Telling people to ‘eat less’ hasn’t worked (surprise surprise). Using Tirzepatide and other similar meds alongside diet and exercise advice seems to be a very promising strategy,en,2,0,2,0,,"<a href=""http://twitter.com/download/iphone"" rel=""nofollow"">Twitter for iPhone</a>",https://x.com/BradStanfieldMD/status/1589021675785682945,False,True,2026-04-15T04:24:38.089307+00:00
1588633181733154816,mounjaro_experience,mounjaro,experience,2022-11-04T20:44:00+00:00,ZKForTre,🐊ZK For Tre🐊,"Tirzepatide in mice synopsis: 

Significant and probably meaningful increase in metabolic rate relative to control in first week of treatment…

Effect pretty much was gone by the end of the second week of treatment. 

Additional weight loss in calorie matched mice with TZP",en,1,0,3,0,,"<a href=""http://twitter.com/download/iphone"" rel=""nofollow"">Twitter for iPhone</a>",https://x.com/ZKForTre/status/1588633181733154816,False,False,2026-04-15T04:24:38.089307+00:00
1588580317883170820,mounjaro_experience,mounjaro,experience,2022-11-04T17:13:56+00:00,Semper_Sincerus,"Dennis, the OG menace","@SixOnTheOther @sassistheword It is nice to see Eli Lilly wanting to reduce Obesity, given it would cut into their insulin market. Of course, less than a month ago the FDA fast-tracked tirzepatide for weight loss, but that is probably coincidental timing.
They are right about using a multipronged approach.",en,0,0,1,0,,"<a href=""http://twitter.com/download/android"" rel=""nofollow"">Twitter for Android</a>",https://x.com/Semper_Sincerus/status/1588580317883170820,False,True,2026-04-15T04:24:38.089307+00:00
1587892517743521792,mounjaro_experience,mounjaro,experience,2022-11-02T19:40:52+00:00,marketplunger1,Brandon Beylo,"This is such a cool chart from $LLY Q3 Earnings Presentation. 

Key Growth Products are revenue monsters. 

Mounjaro (little red line up top) just getting started, too. 

Disc: We're long $LLY https://t.co/RVV6rE6bSh",en,0,3,22,3,,"<a href=""https://getchirrapp.com"" rel=""nofollow"">chirr.app</a>",https://x.com/marketplunger1/status/1587892517743521792,False,False,2026-04-15T04:24:38.089307+00:00
1587829164496789505,mounjaro_experience,mounjaro,experience,2022-11-02T15:29:07+00:00,DimitriLyon,Dimitri Lyon,Started week 5 on #Mounjaro at 7.5mg; so far no side effects.,en,0,0,2,0,,"<a href=""http://twitter.com/download/iphone"" rel=""nofollow"">Twitter for iPhone</a>",https://x.com/DimitriLyon/status/1587829164496789505,False,False,2026-04-15T04:24:38.089307+00:00
1587543274918658050,mounjaro_experience,mounjaro,experience,2022-11-01T20:33:06+00:00,racheln1977,Rachel Nicholson,@POTUS What about diabetic medications like Ozempic Mounjaro and Trulicity? They cost from $250-$280 a month,en,2,0,4,0,,"<a href=""http://twitter.com/download/iphone"" rel=""nofollow"">Twitter for iPhone</a>",https://x.com/racheln1977/status/1587543274918658050,False,True,2026-04-15T04:24:38.936216+00:00
1587382318074830850,mounjaro_experience,mounjaro,experience,2022-11-01T09:53:31+00:00,DanielJDrucker,Daniel J Drucker,There is no published data on using Tirzepatide in people with #cancer A new review on the topic https://t.co/qnA3lleKoG,en,1,2,3,0,,"<a href=""http://twitter.com/#!/download/ipad"" rel=""nofollow"">Twitter for iPad</a>",https://x.com/DanielJDrucker/status/1587382318074830850,False,False,2026-04-15T04:24:38.936216+00:00
1587150280306614273,mounjaro_experience,mounjaro,experience,2022-10-31T18:31:29+00:00,jesserinnn,jess,I’d love it if the mounjaro shot that everyone is using to lose weight will get off my for you page!!!! Thanks!!!!,en,0,0,0,0,,"<a href=""http://twitter.com/download/iphone"" rel=""nofollow"">Twitter for iPhone</a>",https://x.com/jesserinnn/status/1587150280306614273,False,False,2026-04-15T04:24:38.936216+00:00
1587087452094828545,mounjaro_experience,mounjaro,experience,2022-10-31T14:21:49+00:00,MarvelousCloud,The Marvelous Cloud 🌩️ (she/her),"Today is full of anxiety as Declan has surgery tomorrow and I start Mounjaro tomorrow. We have to sanitize all of him items ,give him a bath and let him have tons of time at the park as hell be on kennel rest for a week.",en,1,0,0,0,,"<a href=""http://twitter.com/download/android"" rel=""nofollow"">Twitter for Android</a>",https://x.com/MarvelousCloud/status/1587087452094828545,False,False,2026-04-15T04:24:38.936216+00:00
1586385275248586752,mounjaro_experience,mounjaro,experience,2022-10-29T15:51:37+00:00,BlytheandDogs,🐾Blythe & Her Dog 🐾,"@DrNadolsky @SPMedicine Even if I was underestimating my caloric intake by 50% I still would have only been at 1800-2000 calories, down to 1000-1200 on Mounjaro, I don’t see how it peels off 20lbs in a month",en,1,0,1,0,,"<a href=""http://twitter.com/download/iphone"" rel=""nofollow"">Twitter for iPhone</a>",https://x.com/BlytheandDogs/status/1586385275248586752,False,True,2026-04-15T04:24:38.937213+00:00
1586218401282011137,mounjaro_experience,mounjaro,experience,2022-10-29T04:48:32+00:00,FrontPharmacol,Frontiers - Pharmacology and Toxicology,New Research: Efficacy and Safety of Tirzepatide in Patients with Type 2 Diabetes: A systematic review and meta-analysis https://t.co/RBSomQ1q7l #pharmacology,en,0,3,3,0,,"<a href=""https://dlvrit.com/"" rel=""nofollow"">dlvr.it</a>",https://x.com/FrontPharmacol/status/1586218401282011137,False,False,2026-04-15T04:24:38.937213+00:00
1586175768757145601,mounjaro_experience,mounjaro,experience,2022-10-29T01:59:07+00:00,JustJewels93,Just Julie,"Week 12 of Mounjaro and I’m down 27.1lbs. Last week I went up 4lbs but I think that’s because I charged the scale, so this is the most current loss. I’m down 1lb from last week. Trying to tweak my diet to get the most out of it. P:E seems to work best with this med. Feeling great",en,3,0,5,0,,"<a href=""http://twitter.com/download/iphone"" rel=""nofollow"">Twitter for iPhone</a>",https://x.com/JustJewels93/status/1586175768757145601,False,False,2026-04-15T04:24:38.937213+00:00
1586150960556298240,mounjaro_experience,mounjaro,experience,2022-10-29T00:20:32+00:00,shyanneraines08,shyanne,"started mounjaro today, let’s see how this goes and if it helps with my insulin resistance 🙏",en,0,0,2,0,,"<a href=""http://twitter.com/download/iphone"" rel=""nofollow"">Twitter for iPhone</a>",https://x.com/shyanneraines08/status/1586150960556298240,False,False,2026-04-15T04:24:38.937213+00:00
1585964180183871488,mounjaro_experience,mounjaro,experience,2022-10-28T11:58:21+00:00,AuntPh,AuntCrazyRPh,@PhlawlessPharm What othe side effects do you experience on Mounjaro?,en,0,0,0,0,,"<a href=""http://twitter.com/download/iphone"" rel=""nofollow"">Twitter for iPhone</a>",https://x.com/AuntPh/status/1585964180183871488,False,True,2026-04-15T04:24:38.937213+00:00
1585807931332825088,mounjaro_experience,mounjaro,experience,2022-10-28T01:37:28+00:00,InsultComicDog,InsultComicDog,"@LillyPad as a new Mounjaro patient using your $25/month coupon offer but needing to ramp up dosage, is it still going to be $25/4 pens when my dosage increases?",en,3,0,0,0,,"<a href=""http://twitter.com/download/android"" rel=""nofollow"">Twitter for Android</a>",https://x.com/InsultComicDog/status/1585807931332825088,False,False,2026-04-15T04:24:38.937213+00:00
1585445807158968320,mounjaro_experience,mounjaro,experience,2022-10-27T01:38:31+00:00,MarvelousCloud,The Marvelous Cloud 🌩️ (she/her),"Next week is going to be crazy. Declan is getting fixed, In starting Mounjaro and I'm getting my ears re-pierced (they closed over the past few months). I'm also ramping up on work and cleaning out our entire backlog.",en,0,0,3,0,,"<a href=""http://twitter.com/download/android"" rel=""nofollow"">Twitter for Android</a>",https://x.com/MarvelousCloud/status/1585445807158968320,False,False,2026-04-15T04:24:38.937213+00:00
1585333691978584064,mounjaro_experience,mounjaro,experience,2022-10-26T18:13:00+00:00,biggasman44,🩺PMMD💉,"I have been hesitant to post this, but weight loss in middle age is hard. Our metabolism slows, we are no longer able to be as active as we once were. These pants were snug a month ago.  I am so thankful for modern medicine! #weightloss #gethealthier #Mounjaro https://t.co/yF3waY6UsX",en,6,1,36,1,,"<a href=""http://twitter.com/download/iphone"" rel=""nofollow"">Twitter for iPhone</a>",https://x.com/biggasman44/status/1585333691978584064,False,False,2026-04-15T04:24:38.937213+00:00
1585092738789568512,mounjaro_experience,mounjaro,experience,2022-10-26T02:15:33+00:00,costiganishero,Saeed,@northwoods1980 @DrNadolsky @Davembmd They are covered by insurance! Mounjaro (tirzepatide)  which is the most effective in the glp-1 class is available for 25$ a month through Eli lily savings card up to June 30 2023.,en,2,1,3,0,,"<a href=""http://twitter.com/download/iphone"" rel=""nofollow"">Twitter for iPhone</a>",https://x.com/costiganishero/status/1585092738789568512,False,True,2026-04-15T04:24:38.937213+00:00
1585055306874175488,mounjaro_experience,mounjaro,experience,2022-10-25T23:46:48+00:00,_AniyaMaria,Dr. Pill Pusher,@curlsnclover Now mounjaro works better than ozempic  and it takes about a month. It’s flying off the shelf,en,1,0,0,0,,"<a href=""http://twitter.com/download/iphone"" rel=""nofollow"">Twitter for iPhone</a>",https://x.com/_AniyaMaria/status/1585055306874175488,False,True,2026-04-15T04:24:38.937213+00:00
1584707756220555264,mounjaro_experience,mounjaro,experience,2022-10-25T00:45:46+00:00,lizzienel,Elizabeth Elvidge Nelson,"@PillPack   What poor customer service.  I transferred a script last week, and NOW you tell me you are no longer accepting the savings card unless your insurance covers it????? That is NOT the intent of the card at all.  @MounjaroHCP #Mounjaro @LillyPad",en,3,0,1,0,,"<a href=""https://mobile.twitter.com"" rel=""nofollow"">Twitter Web App</a>",https://x.com/lizzienel/status/1584707756220555264,False,False,2026-04-15T04:24:38.937213+00:00
1584626737773940736,mounjaro_experience,mounjaro,experience,2022-10-24T19:23:49+00:00,DianaMIsaacs,"Diana Isaacs, PharmD, BC-ADM, CDCES",Check out our latest Diabetes Dialogue episode where we talk about the new trend of celebrities using drugs like #Ozempic and #Mounjaro,en,0,0,6,0,,"<a href=""https://mobile.twitter.com"" rel=""nofollow"">Twitter Web App</a>",https://x.com/DianaMIsaacs/status/1584626737773940736,False,False,2026-04-15T04:24:39.827390+00:00
1584605828421763072,mounjaro_experience,mounjaro,experience,2022-10-24T18:00:44+00:00,endocrinenetwrk,HCPLive Endocrinology,"The latest episode of #DiabetesDialogue is here!
@DianaMIsaacs and @natalie_bellini discuss the ongoing GLP-1 RA shortage, if celebrity use is contributing to this shortage, and their top takeaways from the ADA/KDIGO consensus report.

https://t.co/QsY3NMo4DS

#Diabetes #CKD https://t.co/4ybsZs1Yga",en,0,3,2,1,,"<a href=""https://www.hootsuite.com"" rel=""nofollow"">Hootsuite Inc.</a>",https://x.com/endocrinenetwrk/status/1584605828421763072,False,False,2026-04-15T04:24:39.827390+00:00
1584055117787017216,mounjaro_experience,mounjaro,experience,2022-10-23T05:32:25+00:00,SuddenImpulsin,Honey Bee,@fancytomboy Whaaat?!  I just started mounjaro.  This is encouraging.,en,1,0,0,0,,"<a href=""http://twitter.com/download/iphone"" rel=""nofollow"">Twitter for iPhone</a>",https://x.com/SuddenImpulsin/status/1584055117787017216,False,True,2026-04-15T04:24:39.827390+00:00
1584008491512909824,mounjaro_experience,mounjaro,experience,2022-10-23T02:27:08+00:00,lisashelz6,Lisa,"@jackson47131341 @UnfilteredOnFox @dbongino @MartyMakary Nah, the other dude is lying to Dan. There are 3 hot diabetic injections right now. Ozempic, Trulicity, and Mounjaro. All 3 come with a manufacturers coupon with a cost of around $25.00/ month.",en,1,0,1,0,,"<a href=""http://twitter.com/download/iphone"" rel=""nofollow"">Twitter for iPhone</a>",https://x.com/lisashelz6/status/1584008491512909824,False,False,2026-04-15T04:24:39.827390+00:00
1583840036554158080,mounjaro_experience,mounjaro,experience,2022-10-22T15:17:45+00:00,MichelleBobeli,Bobeli,How to lose 25lbs in a month. #NoCap #mounjaro 🤫🤫 #weightloss https://t.co/7c3tZScTz8,en,0,0,1,1,,"<a href=""http://twitter.com/download/iphone"" rel=""nofollow"">Twitter for iPhone</a>",https://x.com/MichelleBobeli/status/1583840036554158080,False,False,2026-04-15T04:24:39.827390+00:00
1583465528320229376,mounjaro_experience,mounjaro,experience,2022-10-21T14:29:35+00:00,BuyBitcoinFFS,Crypⓣ⬡ ₿FF$,"I’ve been on #mounjaro for three months (2.5, 5.0, 7.5) and as I get to 10 mg my insurance decides they are no longer covering it?  Kind of shitty to have someone start the drug and then stop mid stream.  They won’t even cover the 7.5 mg they did last month. #BCBS @MounjaroHCP",en,1,0,2,0,,"<a href=""http://twitter.com/#!/download/ipad"" rel=""nofollow"">Twitter for iPad</a>",https://x.com/BuyBitcoinFFS/status/1583465528320229376,False,False,2026-04-15T04:24:39.828387+00:00
1582480525234958336,mounjaro_experience,mounjaro,experience,2022-10-18T21:15:32+00:00,Klbonbon,none ya,@MissBeehave1992 @KimKardashian Everyone is using that new diabetic med and even having inject parties. Mindy kaling is huge into it rn -mounjaro. Wonder if the Ks are as well,en,5,0,3,0,,"<a href=""http://twitter.com/download/iphone"" rel=""nofollow"">Twitter for iPhone</a>",https://x.com/Klbonbon/status/1582480525234958336,False,True,2026-04-15T04:24:39.828387+00:00
1582470992735002624,mounjaro_experience,mounjaro,experience,2022-10-18T20:37:40+00:00,Diabetes_Videos,Cure Diabetes Videos,"One of the newer injectable medications on the market, Mounjaro is a combination drug of glucose-dependent insulinotropic polypeptide (GIP) and glucagon-like peptide-1 (GLP-1). Are you taking it? What has your experience been?

#diabetes #t2d

https://t.co/Jl1lBKjbOo",en,0,0,0,0,,"<a href=""https://ifttt.com"" rel=""nofollow"">IFTTT</a>",https://x.com/Diabetes_Videos/status/1582470992735002624,False,False,2026-04-15T04:24:39.828387+00:00
1582460526189232128,mounjaro_experience,mounjaro,experience,2022-10-18T19:56:04+00:00,diabetesdaily,Diabetes Daily,"One of the newer injectable medications on the market, Mounjaro is a combination drug of glucose-dependent insulinotropic polypeptide (GIP) and glucagon-like peptide-1 (GLP-1). Are you taking it? What has your experience been?

#diabetes #t2d

https://t.co/rKg6X9SNsI",en,0,0,2,0,,"<a href=""https://coschedule.com"" rel=""nofollow"">CoSchedule</a>",https://x.com/diabetesdaily/status/1582460526189232128,False,False,2026-04-15T04:24:39.828387+00:00
1582064236397678592,mounjaro_experience,mounjaro,experience,2022-10-17T17:41:21+00:00,VietHeartPA,Viet Le DMSc PA-C FACC FAHA HF-Cert,"@DrKarlNadolsky @DrNadolsky 😂😂 

But seriously:
Started Tirzepatide in a pt w/T1 this past month. Thanks for sharing your case.",en,0,0,1,0,,"<a href=""http://twitter.com/download/iphone"" rel=""nofollow"">Twitter for iPhone</a>",https://x.com/VietHeartPA/status/1582064236397678592,False,True,2026-04-15T04:24:39.828387+00:00
1581993229485953024,mounjaro_experience,mounjaro,experience,2022-10-17T12:59:12+00:00,jacobbrody,Jacob Brody,I am excited to start Mounjaro this week. I have a few other T1D friends who are seeing great results already.,en,0,0,9,0,,"<a href=""http://twitter.com/#!/download/ipad"" rel=""nofollow"">Twitter for iPad</a>",https://x.com/jacobbrody/status/1581993229485953024,False,False,2026-04-15T04:24:39.828387+00:00
1581792168251101184,mounjaro_experience,mounjaro,experience,2022-10-16T23:40:15+00:00,MegC3537,Doc Conk,@opdiva_rx All I’m seeing on TikTok these days is white women talking about their Mounjaro experience. Specifically online providers and then avoiding the PA by using the manufacturer coupon (which apparently works even without running insurance first) to get it super cheap. Idk,en,1,0,2,0,,"<a href=""http://twitter.com/download/iphone"" rel=""nofollow"">Twitter for iPhone</a>",https://x.com/MegC3537/status/1581792168251101184,False,True,2026-04-15T04:24:39.828387+00:00
1581505777743069184,mounjaro_experience,mounjaro,experience,2022-10-16T04:42:15+00:00,whitneyymojo,WM Johnson,About to start week 9 of mounjaro. I’ll be going up to 7.5 mg. I’ve literally stuck myself once a week for 8 weeks and it still doesn’t get easier to do. I’m not looking forward to being sick tomorrow but hoping I’ll get past this plateau I’m at currently,en,1,0,0,0,,"<a href=""http://twitter.com/download/iphone"" rel=""nofollow"">Twitter for iPhone</a>",https://x.com/whitneyymojo/status/1581505777743069184,False,False,2026-04-15T04:24:39.828387+00:00
1581285544029347841,mounjaro_experience,mounjaro,experience,2022-10-15T14:07:07+00:00,Eva_Katarinaaa,Eva,@YangDailyCast @elonmusk @EvasTeslaSPlaid Those are ultra rare side effects.  I’ve been on mounjaro for a month and a half and it’s florist,en,1,0,0,0,,"<a href=""http://twitter.com/download/iphone"" rel=""nofollow"">Twitter for iPhone</a>",https://x.com/Eva_Katarinaaa/status/1581285544029347841,False,True,2026-04-15T04:24:40.742692+00:00
1581283650271731717,mounjaro_experience,mounjaro,experience,2022-10-15T13:59:35+00:00,Eva_Katarinaaa,Eva,@elonmusk @EvasTeslaSPlaid THANK YOU for that transparency!  I’ve been using Mounjaro and worried about the stigma.,en,0,0,1,0,,"<a href=""http://twitter.com/download/iphone"" rel=""nofollow"">Twitter for iPhone</a>",https://x.com/Eva_Katarinaaa/status/1581283650271731717,False,True,2026-04-15T04:24:40.742692+00:00
1581079905353072641,mounjaro_experience,mounjaro,experience,2022-10-15T00:29:59+00:00,DrJenniferJack1,"Jennifer Jackson MD, FACP, IFMCP","@REGENETARIANISM @TamarHaspel I’ve been using Mounjaro since May. My experience has been patients who were not able to get off processed food and stay with low carb due to emotions/cravings/addiction, etc are now able to make these changes successfully. Anyone else seeing this?",en,2,0,1,0,,"<a href=""http://twitter.com/download/iphone"" rel=""nofollow"">Twitter for iPhone</a>",https://x.com/DrJenniferJack1/status/1581079905353072641,False,True,2026-04-15T04:24:40.742692+00:00
1580984275901775874,mounjaro_experience,mounjaro,experience,2022-10-14T18:09:59+00:00,H1co_,H1,"@LillyPad has been granted a fast-tracked FDA review process for their diabetes drug to be used as a treatment for #obesity. In its first trial, tirzepatide helped participants lose up to 21% of their body weight. Very promising! https://t.co/9UAqh24WCn",en,0,0,0,0,,"<a href=""http://www.hubspot.com/"" rel=""nofollow"">HubSpot</a>",https://x.com/H1co_/status/1580984275901775874,False,False,2026-04-15T04:24:40.742692+00:00
1580713915872595970,mounjaro_experience,mounjaro,experience,2022-10-14T00:15:40+00:00,doctorartin,"Artin Entezarjou, M.D. PhD",@DrNadolsky Any experience with the more potent tirzepatide?,en,1,0,1,0,,"<a href=""http://twitter.com/download/android"" rel=""nofollow"">Twitter for Android</a>",https://x.com/doctorartin/status/1580713915872595970,False,True,2026-04-15T04:24:40.742692+00:00
1580411063170109440,mounjaro_experience,mounjaro,experience,2022-10-13T04:12:14+00:00,JustJewels93,Just Julie,@apowersurfer I’m beginning to think it’s dehydration. I don’t eat or drink much since using Mounjaro. I’m going to play with it and see what happens.,en,1,0,1,0,,"<a href=""http://twitter.com/download/iphone"" rel=""nofollow"">Twitter for iPhone</a>",https://x.com/JustJewels93/status/1580411063170109440,False,True,2026-04-15T04:24:40.742692+00:00
1580319444840042498,mounjaro_experience,mounjaro,experience,2022-10-12T22:08:11+00:00,sanguine2021,sanguine,@DeanStoneArt @Laughatsaltyge1 @NiLiHen67 @chickensbees Mounjaro will hopefully have the same approval in the Spring.  Folks are getting shut down from using the discount card through pharmacies it seems.,en,0,0,0,0,,"<a href=""http://twitter.com/download/iphone"" rel=""nofollow"">Twitter for iPhone</a>",https://x.com/sanguine2021/status/1580319444840042498,False,True,2026-04-15T04:24:40.742692+00:00
1580194024035524608,mounjaro_experience,mounjaro,experience,2022-10-12T13:49:48+00:00,bjdavis1,bjdavis1,"Mounjaro Weight Loss Journey - Week 9 Recap
https://t.co/YZv1sxboMh",en,0,0,2,0,,"<a href=""https://twitterrific.com/ios"" rel=""nofollow"">Twitterrific for iOS</a>",https://x.com/bjdavis1/status/1580194024035524608,False,False,2026-04-15T04:24:40.743691+00:00
1580033010732498944,mounjaro_experience,mounjaro,experience,2022-10-12T03:10:00+00:00,CarleneMac,"CarleneMacMillan MD, FCTMSS, DFAACAP",@jareddashevsky Agree. Have a personal family experience with Ozempic and most recently Mounjaro and it is even more phenomenal than Ozempic. Also my husband just wrote about these drugs for antipsychotic related metabolic side effects: https://t.co/mHCFsq8AEm https://t.co/GmIJx9Q3ir,en,1,0,4,0,,"<a href=""http://twitter.com/download/iphone"" rel=""nofollow"">Twitter for iPhone</a>",https://x.com/CarleneMac/status/1580033010732498944,False,True,2026-04-15T04:24:40.743691+00:00
1579934212836458497,mounjaro_experience,mounjaro,experience,2022-10-11T20:37:24+00:00,JustJewels93,Just Julie,"@Victoriar3RRR I’ve been thinking about food: no alcohol, no nuts. I’ve always done Splenda tho. I started Mounjaro 9 weeks ago and I’ve dropped 25lbs. I can see it maybe being electrolytes and/or work stress?",en,0,0,4,0,,"<a href=""http://twitter.com/download/iphone"" rel=""nofollow"">Twitter for iPhone</a>",https://x.com/JustJewels93/status/1579934212836458497,False,False,2026-04-15T04:24:40.743691+00:00
1579173350999744512,mounjaro_experience,mounjaro,experience,2022-10-09T18:14:01+00:00,pmlndr,Dr. Pam,Started mounjaro (tirzepatide) and 🤯!! Is this what “normal weight” people feel like all the time? Feels like I’m finally getting something important which hasbeen missing from my physiology. Game changer! #obesity #GLP1 #GIP #type2,en,0,1,12,0,,"<a href=""http://twitter.com/download/iphone"" rel=""nofollow"">Twitter for iPhone</a>",https://x.com/pmlndr/status/1579173350999744512,False,False,2026-04-15T04:24:40.743691+00:00
1578919217415745536,mounjaro_experience,mounjaro,experience,2022-10-09T01:24:10+00:00,bjdavis1,bjdavis1,"Mounjaro Weight Loss Journey - Week 8 Recap
https://t.co/VqDvNwpsUg",en,0,0,1,0,,"<a href=""https://twitterrific.com/ios"" rel=""nofollow"">Twitterrific for iOS</a>",https://x.com/bjdavis1/status/1578919217415745536,False,False,2026-04-15T04:24:40.743691+00:00
1578919109123014657,mounjaro_experience,mounjaro,experience,2022-10-09T01:23:45+00:00,bjdavis1,bjdavis1,"Mounjaro Weight Loss Journey - Week 7 Recap
https://t.co/RviDIZiOwL",en,0,0,0,0,,"<a href=""https://twitterrific.com/ios"" rel=""nofollow"">Twitterrific for iOS</a>",https://x.com/bjdavis1/status/1578919109123014657,False,False,2026-04-15T04:24:41.665624+00:00
1578919020149231616,mounjaro_experience,mounjaro,experience,2022-10-09T01:23:23+00:00,bjdavis1,bjdavis1,"Mounjaro Weight Loss Journey - Week 6 Recap
https://t.co/j1PgBZ04Ol",en,0,0,0,0,,"<a href=""https://twitterrific.com/ios"" rel=""nofollow"">Twitterrific for iOS</a>",https://x.com/bjdavis1/status/1578919020149231616,False,False,2026-04-15T04:24:41.665624+00:00
1578918908706185216,mounjaro_experience,mounjaro,experience,2022-10-09T01:22:57+00:00,bjdavis1,bjdavis1,"Mounjaro Weight Loss Journey - Week 5 Recap
https://t.co/DcNqjPPu0Z",en,0,0,0,0,,"<a href=""https://twitterrific.com/ios"" rel=""nofollow"">Twitterrific for iOS</a>",https://x.com/bjdavis1/status/1578918908706185216,False,False,2026-04-15T04:24:41.665624+00:00
1578918810664333312,mounjaro_experience,mounjaro,experience,2022-10-09T01:22:34+00:00,bjdavis1,bjdavis1,"Mounjaro Weight Loss Journey - Week 4 Recap
https://t.co/3ysChUxF9u",en,0,0,0,0,,"<a href=""https://twitterrific.com/ios"" rel=""nofollow"">Twitterrific for iOS</a>",https://x.com/bjdavis1/status/1578918810664333312,False,False,2026-04-15T04:24:41.665624+00:00
1578918704116424704,mounjaro_experience,mounjaro,experience,2022-10-09T01:22:08+00:00,bjdavis1,bjdavis1,"Mounjaro Weight Loss Journey - Week 3 Recap
https://t.co/u4SCidT0F6",en,0,0,0,0,,"<a href=""https://twitterrific.com/ios"" rel=""nofollow"">Twitterrific for iOS</a>",https://x.com/bjdavis1/status/1578918704116424704,False,False,2026-04-15T04:24:41.665624+00:00
1578832160185757696,mounjaro_experience,mounjaro,experience,2022-10-08T19:38:14+00:00,SummerDietitian,Summer the Dietitian,I just started #Mounjaro via @joinsequence and omg it’s so wild how this medication works I feel like an entirely different person. Sharing my experience on instagram #Summerthedietitian,en,0,0,1,0,,"<a href=""http://twitter.com/download/iphone"" rel=""nofollow"">Twitter for iPhone</a>",https://x.com/SummerDietitian/status/1578832160185757696,False,False,2026-04-15T04:24:41.665624+00:00
1578382422940557313,mounjaro_experience,mounjaro,experience,2022-10-07T13:51:09+00:00,robertservatius,Servatius,"@RoyLMattox Mounjaro from LLY is all the rage right now. My sister started taking it for weight loss, and she loves it. Says she has hardly any hunger. She got her friends on it too.",en,0,0,0,0,,"<a href=""http://twitter.com/download/iphone"" rel=""nofollow"">Twitter for iPhone</a>",https://x.com/robertservatius/status/1578382422940557313,False,True,2026-04-15T04:24:41.665624+00:00
1578320098867040256,mounjaro_experience,mounjaro,experience,2022-10-07T09:43:29+00:00,gbiondizoccai,Giuseppe Biondi-Zoccai,"Eli Lilly gets FDA's speedy review for obesity drug, tirzepatide (Mounjaro)
https://t.co/3i1lgeGUT3",en,0,0,3,1,,"<a href=""https://mobile.twitter.com"" rel=""nofollow"">Twitter Web App</a>",https://x.com/gbiondizoccai/status/1578320098867040256,False,False,2026-04-15T04:24:41.666620+00:00
1578238780808474625,mounjaro_experience,mounjaro,experience,2022-10-07T04:20:22+00:00,dr_hojele,د محمد الحجيلي,"Nice review of Tirzepatide trial
#obesity https://t.co/A4zVg5i5FV",en,0,2,8,0,,"<a href=""http://twitter.com/download/android"" rel=""nofollow"">Twitter for Android</a>",https://x.com/dr_hojele/status/1578238780808474625,False,False,2026-04-15T04:24:41.666620+00:00
1578113245239541767,mounjaro_experience,mounjaro,experience,2022-10-06T20:01:32+00:00,Reuters_Health,Reuters Health,"Eli Lilly and Co said on Thursday the U.S. Food and Drug Administration (FDA) had agreed to a quick review of its diabetes drug Mounjaro to treat obesity, months after a study showed it helped people lose more than 20% of their weight. https://t.co/3PDpSwxumB",en,0,0,3,0,,"<a href=""https://trueanthem.com/"" rel=""nofollow"">True Anthem</a>",https://x.com/Reuters_Health/status/1578113245239541767,False,False,2026-04-15T04:24:41.666620+00:00
1578048737108262913,mounjaro_experience,mounjaro,experience,2022-10-06T15:45:12+00:00,Reuters_Health,Reuters Health,"Eli Lilly and Co said on Thursday the U.S. Food and Drug Administration (FDA) had agreed to a quick review of its diabetes drug Mounjaro to treat obesity, months after a study showed it helped people lose more than 20% of their weight. https://t.co/6q3ll0pO7P",en,0,1,1,1,,"<a href=""https://trueanthem.com/"" rel=""nofollow"">True Anthem</a>",https://x.com/Reuters_Health/status/1578048737108262913,False,False,2026-04-15T04:24:41.666620+00:00
1577808789364940801,mounjaro_experience,mounjaro,experience,2022-10-05T23:51:44+00:00,AAinTX,Ann Alexander,@txvoodoo I started taking Mounjaro last month. Praying for miraculous weight loss. 😄,en,0,0,0,0,,"<a href=""http://twitter.com/download/iphone"" rel=""nofollow"">Twitter for iPhone</a>",https://x.com/AAinTX/status/1577808789364940801,False,True,2026-04-15T04:24:41.666620+00:00
1576722538457333760,mounjaro_experience,mounjaro,experience,2022-10-02T23:55:21+00:00,Sierra_Danilea,Sierra,I want some of those Mounjaro injections everyone on Tic Toc is using for weight loss.,en,4,0,3,1,,"<a href=""http://twitter.com/download/android"" rel=""nofollow"">Twitter for Android</a>",https://x.com/Sierra_Danilea/status/1576722538457333760,False,False,2026-04-15T04:24:42.432198+00:00
1575824802752868357,mounjaro_experience,mounjaro,experience,2022-09-30T12:28:05+00:00,GingerVieira,Ginger Vieira,@fain_eve I’ve written on the research regarding the b vitamin issues! No worries! I’ve been taking extra Bs for years. Using Mounjaro off label would be awesome—I believe T1s should be given more tools to compensate for not producing amylin. Give my article a read! ❤️,en,0,0,0,0,,"<a href=""http://twitter.com/download/iphone"" rel=""nofollow"">Twitter for iPhone</a>",https://x.com/GingerVieira/status/1575824802752868357,False,False,2026-04-15T04:24:42.433195+00:00
1575242147371982848,mounjaro_experience,mounjaro,experience,2022-09-28T21:52:49+00:00,AmCollegeGastro,ACG,"4/🔎Design

📍Phase 3 randomized, double-blind, placebo-controlled trial in 9⃣countries from Asia, North America and Europe🗺️
📍Co-primary endpoints: % weight change from baseline &amp; weight⬇️of &gt;5% at week 72.
📍Analysis: Intention-to-treat
📍Funding: Tirzepatide manufacturer https://t.co/y5Rj0N52t2",en,1,1,6,0,,"<a href=""https://mobile.twitter.com"" rel=""nofollow"">Twitter Web App</a>",https://x.com/AmCollegeGastro/status/1575242147371982848,False,True,2026-04-15T04:24:42.433195+00:00
1575131507542282241,mounjaro_experience,mounjaro,experience,2022-09-28T14:33:10+00:00,MatthewRehrl,Matthew Rehrl MD 🖋,"@ConscienHealth And let’s keep in mind that obesity in many people can create a complex array of mental, physical and emotional suffering, often presenting differently in different age groups. (And, at $1200/month out of pocket for Mounjaro, a little financial 💸 suffering too! 😉).",en,2,1,3,0,,"<a href=""http://twitter.com/download/iphone"" rel=""nofollow"">Twitter for iPhone</a>",https://x.com/MatthewRehrl/status/1575131507542282241,False,True,2026-04-15T04:24:42.433195+00:00
1574872108013854726,mounjaro_experience,mounjaro,experience,2022-09-27T21:22:24+00:00,Inflatable8D,something,"@TJDoesHealth @ALiteralGod2 Start upping your testosterone levels artifically to about 1200 ng/dl, take the diabetes medication called ""tirzepatide"" which will shred your fat, add creatine and keep lean high protein calories under 3000 a day while training each body part about 2 to 3 times a week.",en,2,0,0,0,,"<a href=""http://twitter.com/download/android"" rel=""nofollow"">Twitter for Android</a>",https://x.com/Inflatable8D/status/1574872108013854726,False,True,2026-04-15T04:24:42.433195+00:00
1574766654915244033,mounjaro_experience,mounjaro,experience,2022-09-27T14:23:22+00:00,espacetimeNOT,"Eve Fain, I can be super mean if you bother me","https://t.co/u3jcTW0ZLT

@MichaelMindrum 
@LillyDiabetes 
ran into a type 1 person who told me she has a little bit of insulin secretion ability still. She had a CGM. 
her doc using mounjaro ""off label"" 
She told me her A1c was amazing now.",en,1,0,0,1,,"<a href=""https://mobile.twitter.com"" rel=""nofollow"">Twitter Web App</a>",https://x.com/espacetimeNOT/status/1574766654915244033,False,False,2026-04-15T04:24:42.433195+00:00
1573314029086543874,mounjaro_experience,mounjaro,experience,2022-09-23T14:11:09+00:00,osocutie,petsrlife,@AskTheNP @Andy so would you prescribe one over the other? I keep seeing people in videows using only Mounjaro. Does one work better? What about side effects for both?,en,1,0,1,0,,"<a href=""https://mobile.twitter.com"" rel=""nofollow"">Twitter Web App</a>",https://x.com/osocutie/status/1573314029086543874,False,True,2026-04-15T04:24:42.433195+00:00
1573065410517385217,mounjaro_experience,mounjaro,experience,2022-09-22T21:43:14+00:00,owelch13,Olivia Welch,And mounjaro 🙃🙃 there’s people that actually use it for diabetes and can’t get it because everyone is using it for weight loss,en,0,0,0,0,,"<a href=""http://twitter.com/download/iphone"" rel=""nofollow"">Twitter for iPhone</a>",https://x.com/owelch13/status/1573065410517385217,False,False,2026-04-15T04:24:42.433195+00:00
1573043813819584512,mounjaro_experience,mounjaro,experience,2022-09-22T20:17:25+00:00,Andy,Andy Cohen,Everyone is suddenly showing up 25 pounds lighter.  What happens when they stop taking #Ozempic ?????,en,313,89,2197,85,,"<a href=""http://twitter.com/download/iphone"" rel=""nofollow"">Twitter for iPhone</a>",https://x.com/Andy/status/1573043813819584512,False,False,2026-04-15T04:24:42.433195+00:00
1573050776016109569,mounjaro_experience,mounjaro,experience,2022-09-22T20:45:05+00:00,adriantabraue,AT,@Andy Well I’m using Mounjaro or however you spell it. And they say when you stop it’s harder for you to not gain weight back so quickly because it’s teaching you to not eat so much making you feel full longer.,en,1,0,6,0,,"<a href=""http://twitter.com/download/iphone"" rel=""nofollow"">Twitter for iPhone</a>",https://x.com/adriantabraue/status/1573050776016109569,False,True,2026-04-15T04:24:42.433195+00:00
1572647310173110277,mounjaro_experience,mounjaro,experience,2022-09-21T18:01:51+00:00,lyndis,lyndis,@JaimeLiz77 @Kerryberry1618 @takeyourzoloft i know i’m lucky. there’s a new (may 2022) similar but much more effective drug (mounjaro) that just came out in the us and has a manufacturer coupon for $25/month so that’s more accessible for a lot of ppl rn!!!,en,0,1,2,0,,"<a href=""http://twitter.com/download/iphone"" rel=""nofollow"">Twitter for iPhone</a>",https://x.com/lyndis/status/1572647310173110277,False,True,2026-04-15T04:24:42.433195+00:00
1572602797199179776,mounjaro_experience,mounjaro,experience,2022-09-21T15:04:59+00:00,MichaelAlbertMD,"Michael Albert, MD","There is a massive real-time study happening right now. I suspect 100,000+ ppl started Mounjaro at the discretion of their doc for a capped OPC of $25/mo via a savings program. This level of access by a manufacturer is staggering. Simply, there is a CBA waiting to be conducted!!",en,2,2,33,0,,"<a href=""https://mobile.twitter.com"" rel=""nofollow"">Twitter Web App</a>",https://x.com/MichaelAlbertMD/status/1572602797199179776,False,False,2026-04-15T04:24:42.433195+00:00
1572252652897193984,mounjaro_experience,mounjaro,experience,2022-09-20T15:53:38+00:00,CDCESCoach,Beverly Thomassian,"Before AR is started on tirzepatide (Mounjaro), what action do you recommend? 

Test your knowledge with our Question of the Week. https://t.co/8pYRPUhhVa

#BoardCertificationinAdvancedDiabetesManagement #CertifiedDiabetesCareandEducationSpecialists #CDEC…https://t.co/Vfx5QhQkG1",en,0,0,0,0,,"<a href=""http://www.linkedin.com/"" rel=""nofollow"">LinkedIn</a>",https://x.com/CDCESCoach/status/1572252652897193984,False,False,2026-04-15T04:24:42.433195+00:00
1570985078645469184,mounjaro_experience,mounjaro,experience,2022-09-17T03:56:44+00:00,Tellit007,Tellit Likeitis,@docbrownsenergy @MichaelAlbertMD Stop torturing yourself and ask your doctor if tirzepatide is right for you. $25/month until end of June 2023.,en,0,0,0,0,,"<a href=""http://twitter.com/download/android"" rel=""nofollow"">Twitter for Android</a>",https://x.com/Tellit007/status/1570985078645469184,False,False,2026-04-15T04:24:42.433195+00:00
1570983708471226370,mounjaro_experience,mounjaro,experience,2022-09-17T03:51:18+00:00,Katie22576227,KatieBella,@catherine_tew @calibrate Trying using alpha medical. I've been using them for 3 months for weight loss and got mounjaro and haven't had any issues.,en,1,0,1,0,,"<a href=""https://mobile.twitter.com"" rel=""nofollow"">Twitter Web App</a>",https://x.com/Katie22576227/status/1570983708471226370,False,True,2026-04-15T04:24:42.433195+00:00
1570576516697948162,mounjaro_experience,mounjaro,experience,2022-09-16T00:53:16+00:00,tmodarressi,"Taher Modarressi, MD, FNLA","@scottisaacsmd @LillyPad Same! Mine doesn't ""second click"" anymore and I'm using Trulicity demo pen as substitute until the other Mounjaro demos arrive.",en,1,0,1,0,,"<a href=""https://mobile.twitter.com"" rel=""nofollow"">Twitter Web App</a>",https://x.com/tmodarressi/status/1570576516697948162,False,True,2026-04-15T04:24:43.331706+00:00
1570230171554250752,mounjaro_experience,mounjaro,experience,2022-09-15T01:57:01+00:00,paulk1215,AP,"@saaiyer I totally agree with you. But to get some of my patients to even try low carb/sugar, the GLP-1 receptor agonists are literally a life saver. Mounjaro (which also works on GIP) is $25/month with coupon for all major insurances (a few exceptions) until 6/2023.",en,2,0,2,0,,"<a href=""http://twitter.com/download/iphone"" rel=""nofollow"">Twitter for iPhone</a>",https://x.com/paulk1215/status/1570230171554250752,False,True,2026-04-15T04:24:43.331706+00:00
1569185550736977921,mounjaro_experience,mounjaro,experience,2022-09-12T04:46:04+00:00,Katie22576227,KatieBella,@June_DallasTX @LillyDiabetes @mounjaro They started you on the 5mg? I thought pretty much everyone started on the 2.5,en,0,0,0,0,,"<a href=""https://mobile.twitter.com"" rel=""nofollow"">Twitter Web App</a>",https://x.com/Katie22576227/status/1569185550736977921,False,True,2026-04-15T04:24:43.331706+00:00
1568058382464225280,mounjaro_experience,mounjaro,experience,2022-09-09T02:07:06+00:00,Tom_Hirschfeld,Tom Hirschfeld,"@nikillinit the active work on hormonal weight loss right now is with GLP-1 agonists/GIP/glucagon pathways. 

Mounjaro is the most advanced drug using these pathways and has a persistent 22% weight loss in 70 week trials.

Main problem is its tough on pancreas",en,1,0,3,0,,"<a href=""https://mobile.twitter.com"" rel=""nofollow"">Twitter Web App</a>",https://x.com/Tom_Hirschfeld/status/1568058382464225280,False,True,2026-04-15T04:24:43.332702+00:00
1567956216995008512,mounjaro_experience,mounjaro,experience,2022-09-08T19:21:08+00:00,JustJewels93,Just Julie,Week 5 Mounjaro weigh in has me -14.5lbs total and -3lbs for the week. I took my 2nd 5mg shot and other than the typical first day dry mouth and very slight nausea I feel fine! Still eating low carb (and always will).,en,1,0,3,0,,"<a href=""http://twitter.com/download/iphone"" rel=""nofollow"">Twitter for iPhone</a>",https://x.com/JustJewels93/status/1567956216995008512,False,False,2026-04-15T04:24:43.332702+00:00
1567854652687003648,mounjaro_experience,mounjaro,experience,2022-09-08T12:37:33+00:00,FrontEndocrinol,Frontiers - Endocrinology,"New Research: Basal insulin intensification with GLP-1RA and dual GIP and GLP-1RA in patients with uncontrolled type 2 diabetes mellitus: A rapid review of randomized controlled trials and meta-analysis: Tirzepatide, a dual agonist… https://t.co/gEFRCg0kBV #Endocrinology #Endo",en,0,2,1,0,,"<a href=""https://dlvrit.com/"" rel=""nofollow"">dlvr.it</a>",https://x.com/FrontEndocrinol/status/1567854652687003648,False,False,2026-04-15T04:24:43.332702+00:00
1567674075459330048,mounjaro_experience,mounjaro,experience,2022-09-08T00:40:00+00:00,CardioNerdsJC,CardioNerds Journal Club,"At week 72, most (95.3%) of the participants with prediabetes at baseline in the tirzepatide groups had reverted to normoglycemia, as compared with 61.9% of participants in the placebo group. 

Is Tirzepatide the new metformin? 💁🏼‍♀️💊

#CardsJC https://t.co/WlMu7wJDCF",en,1,3,12,0,,"<a href=""https://about.twitter.com/products/tweetdeck"" rel=""nofollow"">TweetDeck</a>",https://x.com/CardioNerdsJC/status/1567674075459330048,False,False,2026-04-15T04:24:43.332702+00:00
1567670314699456512,mounjaro_experience,mounjaro,experience,2022-09-08T00:25:03+00:00,AlliBigeh,"Alli Bigeh, DO, FACC","Curious if patients will experience rebound hunger + weight gain if tirzepatide stopped? 
#CardsJC @CardioNerdsJC",en,2,1,10,3,,"<a href=""https://about.twitter.com/products/tweetdeck"" rel=""nofollow"">TweetDeck</a>",https://x.com/AlliBigeh/status/1567670314699456512,False,False,2026-04-15T04:24:43.332702+00:00
1567509966378123264,mounjaro_experience,mounjaro,experience,2022-09-07T13:47:53+00:00,VietHeartPA,Viet Le DMSc PA-C FACC FAHA HF-Cert,"Join #CardsJC this evening as we discuss the Surmount 1 trial on obesity using GIP/GLP1 therapeutic, tirzepatide. 09/07 8-9 pm EST
@MichaelAlbertMD @DrMarthaGulati @a_i_bailey @tygluckman @ErinMichos @CardioNerds #Obesity #Cardiology #PrevCards…https://t.co/wzaCo5TaFz",en,0,2,5,0,,"<a href=""http://www.linkedin.com/"" rel=""nofollow"">LinkedIn</a>",https://x.com/VietHeartPA/status/1567509966378123264,False,False,2026-04-15T04:24:43.332702+00:00
1567422783713595392,mounjaro_experience,mounjaro,experience,2022-09-07T08:01:27+00:00,docpharmaniac,Ranjan Kumar Patel,"Tirzepatide: First in class dual GLP1 and GIP receptor agonist approved for treatment of type 2 DM. 

Dose: 2.5 mg once/week - After 4 weeks 5 mg once/week subcutaneous - If further increase required then 2.5 mg every 4 weeks. (Max dose is 15 mg/week) 
#MedTwitter #NewDrug",en,0,19,170,0,,"<a href=""http://twitter.com/download/iphone"" rel=""nofollow"">Twitter for iPhone</a>",https://x.com/docpharmaniac/status/1567422783713595392,False,False,2026-04-15T04:24:43.332702+00:00
1566129430585610244,mounjaro_experience,mounjaro,experience,2022-09-03T18:22:08+00:00,xKloc,Todd Skelton,@MichaelAlbertMD It's much easier to choose that grilled chicken salad over a burger and fries when on tirzepatide. That's my experience.,en,0,0,3,0,,"<a href=""http://twitter.com/download/android"" rel=""nofollow"">Twitter for Android</a>",https://x.com/xKloc/status/1566129430585610244,False,True,2026-04-15T04:24:43.332702+00:00
1565949553685282817,mounjaro_experience,mounjaro,experience,2022-09-03T06:27:22+00:00,CristobMorales,Cristobal Morales,"https://t.co/sPqWyF4Ccg Tirzepatide, a dual GIP/GLP-1 receptor co-agonist for the treatment of type 2 diabetes with unmatched effectiveness regrading glycaemic control and body weight reduction (Review Sept22 Nauck) @SEDiabetes @sociedadSEEN @SociedadSeedo @ENDOCRINO_COL https://t.co/zpB56ZwvGS",en,2,19,39,1,,"<a href=""http://twitter.com/download/iphone"" rel=""nofollow"">Twitter for iPhone</a>",https://x.com/CristobMorales/status/1565949553685282817,False,False,2026-04-15T04:24:43.332702+00:00
1565831314951086081,mounjaro_experience,mounjaro,experience,2022-09-02T22:37:31+00:00,DanielJDrucker,Daniel J Drucker,A comprehensive review of Tirzepatide #T2D from Nauck and D’Alessio https://t.co/Lp86KOR5wb https://t.co/9WHmtDDQLS,en,2,20,53,0,,"<a href=""http://twitter.com/#!/download/ipad"" rel=""nofollow"">Twitter for iPad</a>",https://x.com/DanielJDrucker/status/1565831314951086081,False,False,2026-04-15T04:24:43.332702+00:00
1565678619367972864,mounjaro_experience,mounjaro,experience,2022-09-02T12:30:46+00:00,MatthewRehrl,Matthew Rehrl MD 🖋,"@Born2lbFat @DrCLovato @bonuslife @AnthemBCBS My denial was much more honest. Basically: “We don’t cover VSG because we do not cover any treatment for any aspect of obesity. “  Ironically, if I go on to develop type 2 diabetes they will cover Mounjaro at $1300/month a pop. 😉",en,1,0,1,0,,"<a href=""http://twitter.com/download/iphone"" rel=""nofollow"">Twitter for iPhone</a>",https://x.com/MatthewRehrl/status/1565678619367972864,False,True,2026-04-15T04:24:43.332702+00:00
1565325710029381633,mounjaro_experience,mounjaro,experience,2022-09-01T13:08:26+00:00,BevTchangMD,"Beverly G. Tchang, MD","Patient told me her Mounjaro coupon only lasted 1 month.

I wish this rumor that it lasts for 1 year would stop circulating
Terms &amp; conditions people!

#weightmanagement #weightloss #obesity #diabetes #endocrinology",en,6,0,4,0,,"<a href=""https://mobile.twitter.com"" rel=""nofollow"">Twitter Web App</a>",https://x.com/BevTchangMD/status/1565325710029381633,False,False,2026-04-15T04:24:43.332702+00:00
1565073415446437895,mounjaro_experience,mounjaro,experience,2022-08-31T20:25:54+00:00,Tellit007,Tellit Likeitis,@LaurenCatherin @MichaelAlbertMD @DrNadolsky No back order for Mounjaro in my neck of the woods yet. Just picked up 5mg month supply at CVS.,en,0,0,0,0,,"<a href=""http://twitter.com/download/android"" rel=""nofollow"">Twitter for Android</a>",https://x.com/Tellit007/status/1565073415446437895,False,True,2026-04-15T04:24:43.333699+00:00
1564969482669264896,mounjaro_experience,mounjaro,experience,2022-08-31T13:32:55+00:00,medicos_update,Medicos Update,"A 72-week trial (n=2539) has shown to achieve a significant and sustained reduction of weight in obese patients with 5, 10, and 15mg once weekly injectable Tirzepatide. DOI: 10.1056/NEJMoa2206038 #nejm #obesity #research #medicos #Updates #2022",en,0,0,0,0,,"<a href=""https://mobile.twitter.com"" rel=""nofollow"">Twitter Web App</a>",https://x.com/medicos_update/status/1564969482669264896,False,False,2026-04-15T04:24:44.219169+00:00
1564506020197855235,mounjaro_experience,mounjaro,experience,2022-08-30T06:51:16+00:00,Katie22576227,KatieBella,@phyllismc @AdamBaldwin @elonmusk I've been taking mounjaro for a month. I still have carb cravings though,en,1,0,0,0,,"<a href=""https://mobile.twitter.com"" rel=""nofollow"">Twitter Web App</a>",https://x.com/Katie22576227/status/1564506020197855235,False,True,2026-04-15T04:24:44.219169+00:00
1564479975125819394,mounjaro_experience,mounjaro,experience,2022-08-30T05:07:47+00:00,whitneyymojo,WM Johnson,One week on mounjaro and I’m down 3lbs. I don’t overeat; I hardly eat at all. I don’t binge eat at all which is a miracle. So far this is the best thing that’s ever happened to me.,en,3,0,7,0,,"<a href=""http://twitter.com/download/iphone"" rel=""nofollow"">Twitter for iPhone</a>",https://x.com/whitneyymojo/status/1564479975125819394,False,False,2026-04-15T04:24:44.219169+00:00
1564230066392993792,mounjaro_experience,mounjaro,experience,2022-08-29T12:34:44+00:00,bitchbi45,ᴮᵁᴺᴮᵁᴺ ᴮᴱᴱ™,"first shot of mounjaro: ✅ 

fingers crossed i start seeing results this coming month 😌",en,1,0,7,0,,"<a href=""http://twitter.com/download/iphone"" rel=""nofollow"">Twitter for iPhone</a>",https://x.com/bitchbi45/status/1564230066392993792,False,False,2026-04-15T04:24:44.219169+00:00
1563242356194680833,mounjaro_experience,mounjaro,experience,2022-08-26T19:09:56+00:00,jacobbrody,Jacob Brody,“it’s so weird to not feel hunger” - a friend who just started Mounjaro.,en,0,0,5,0,,"<a href=""http://twitter.com/#!/download/ipad"" rel=""nofollow"">Twitter for iPad</a>",https://x.com/jacobbrody/status/1563242356194680833,False,False,2026-04-15T04:24:44.219169+00:00
1562599764222304256,mounjaro_experience,mounjaro,experience,2022-08-25T00:36:30+00:00,CodSeminole,NoleGirlLaura,"@MatthewJDalby @sguyenet If you looked at the subreddit r/Ozempic or r/Mounjaro, you would see it is the lowest doses that typically have the greatest impact. The first month of these medications will- more often than not- have the patient losing 10-15lbs. It slows down after.",en,1,0,0,0,,"<a href=""http://twitter.com/download/iphone"" rel=""nofollow"">Twitter for iPhone</a>",https://x.com/CodSeminole/status/1562599764222304256,False,True,2026-04-15T04:24:44.219169+00:00
1562463243460743170,mounjaro_experience,mounjaro,experience,2022-08-24T15:34:01+00:00,BeyondType2,Beyond Type 2,"Mary shares her experience with Mounjaro, a newer drug created for the treatment of type 2 diabetes.
https://t.co/5mL90CqogR",en,0,0,0,0,,"<a href=""https://sproutsocial.com"" rel=""nofollow"">Sprout Social</a>",https://x.com/BeyondType2/status/1562463243460743170,False,False,2026-04-15T04:24:44.219169+00:00
1561368628553027584,mounjaro_experience,mounjaro,experience,2022-08-21T15:04:24+00:00,Mykalt45,Michael Torres,"#mounjaro update. Completed 2 months. 1 month at 2.5 mg, 1 month at 5 mg. Started at 194. Now ~170. Feel pretty good. Have 1 more month. Don’t think I need it, but with the savings card, it’s been $25/mo! https://t.co/C4prCqn0Eh",en,3,0,10,0,,"<a href=""http://twitter.com/download/iphone"" rel=""nofollow"">Twitter for iPhone</a>",https://x.com/Mykalt45/status/1561368628553027584,False,True,2026-04-15T04:24:44.219169+00:00
1561065541804195841,mounjaro_experience,mounjaro,experience,2022-08-20T19:00:03+00:00,Mounjaro_and_me,Ells Bells,Slow gastric emptying and feeling fuller faster is no joke! No nausea thank god. Feeling very tired today though. My lips are dry so am drinking more water and using my pretty lip balms! Day 3 #Mounjaro #terzepatide #weightlossjourney,en,0,0,2,0,,"<a href=""http://twitter.com/download/iphone"" rel=""nofollow"">Twitter for iPhone</a>",https://x.com/Mounjaro_and_me/status/1561065541804195841,False,False,2026-04-15T04:24:44.220346+00:00
1560799814274760709,mounjaro_experience,mounjaro,experience,2022-08-20T01:24:08+00:00,Mounjaro_and_me,Ells Bells,Took my first dose of Mounjaro last night. Easy directions. Didn’t hurt. I’m a lifelong champion of yo yo dieting and exercise. Hoping this is a good partner to my lifestyle changes. Stay tuned as I share my experience! #Mounjaro #terzepatide #weightlossjourney https://t.co/KiSND0gTxC,en,0,0,5,0,,"<a href=""http://twitter.com/download/iphone"" rel=""nofollow"">Twitter for iPhone</a>",https://x.com/Mounjaro_and_me/status/1560799814274760709,False,False,2026-04-15T04:24:44.220346+00:00
1560267529704321026,mounjaro_experience,mounjaro,experience,2022-08-18T14:09:02+00:00,Christinadjb,🌟Sooo Declasse🌟,@ludanmama Yes! The Dr prescribed Mounjaro. It is amazing. One shot a week and it gives you back the feeling of being full and know to quit eating! I don’t crave anything I use to eat. I eat slowly and pay attention to my body’s signals again!,en,1,0,4,0,,"<a href=""http://twitter.com/#!/download/ipad"" rel=""nofollow"">Twitter for iPad</a>",https://x.com/Christinadjb/status/1560267529704321026,False,True,2026-04-15T04:24:45.145953+00:00
1560098557616484353,mounjaro_experience,mounjaro,experience,2022-08-18T02:57:36+00:00,wendy_pedrazajw,Wendy pedraza,@calibrate @PMWCintl Can someone please contact my pharmacy to authorize my next 5mg dose of mounjaro? They are waiting for authorization and I’m supposed to take my next shot in a week! I want to continue my shot schedule.,en,0,0,1,0,,"<a href=""http://twitter.com/download/iphone"" rel=""nofollow"">Twitter for iPhone</a>",https://x.com/wendy_pedrazajw/status/1560098557616484353,False,True,2026-04-15T04:24:45.145953+00:00
1559952819540606983,mounjaro_experience,mounjaro,experience,2022-08-17T17:18:29+00:00,TheChronicCon,Brianna,Endo appt went better then expected. Going to try mounjaro (pending insurance). Anyone have any experience with it yet?,en,1,0,0,0,,"<a href=""http://twitter.com/download/iphone"" rel=""nofollow"">Twitter for iPhone</a>",https://x.com/TheChronicCon/status/1559952819540606983,False,False,2026-04-15T04:24:45.145953+00:00
1559210292562780160,mounjaro_experience,mounjaro,experience,2022-08-15T16:07:57+00:00,Fool_n_Fukry,Where's Relisha Rudd?,"@elcavaqueen Hello, just wanted to give you a follow-up! I'm on Mounjaro, started yesterday, and I've only eaten once with no hunger!! I've drunk se Ensures to get nutrients in. Thank you again for telling me about it!",en,1,0,0,0,,"<a href=""http://twitter.com/download/android"" rel=""nofollow"">Twitter for Android</a>",https://x.com/Fool_n_Fukry/status/1559210292562780160,False,True,2026-04-15T04:24:45.145953+00:00
1558010261138616321,mounjaro_experience,mounjaro,experience,2022-08-12T08:39:27+00:00,Katie22576227,KatieBella,@halalseyy I just started mounjaro recently. I'm not having cravings but I'm still able to eat normal size meals and feel fine,en,0,0,1,0,,"<a href=""https://mobile.twitter.com"" rel=""nofollow"">Twitter Web App</a>",https://x.com/Katie22576227/status/1558010261138616321,False,True,2026-04-15T04:24:45.145953+00:00
1557875864351608832,mounjaro_experience,mounjaro,experience,2022-08-11T23:45:24+00:00,jeratti,jeratti,Just started Mounjaro today! It’s supposed to be a game changer for Type 2 management and metabolic loss.  Feeling hopeful.,en,1,0,4,0,,"<a href=""http://twitter.com/#!/download/ipad"" rel=""nofollow"">Twitter for iPad</a>",https://x.com/jeratti/status/1557875864351608832,False,False,2026-04-15T04:24:45.145953+00:00
1553045468434898946,mounjaro_experience,mounjaro,experience,2022-07-29T15:51:08+00:00,MichaelAlbertMD,"Michael Albert, MD","Early real-world clinical analysis of Tirzepatide/Mounjaro:
🔷it's effective, and most people have a good response
🔷seems to be well-tolerated https://t.co/FD0w148WwA",en,3,3,26,1,,"<a href=""https://mobile.twitter.com"" rel=""nofollow"">Twitter Web App</a>",https://x.com/MichaelAlbertMD/status/1553045468434898946,False,False,2026-04-15T04:24:45.145953+00:00
1557545473774194688,mounjaro_experience,mounjaro,experience,2022-08-11T01:52:33+00:00,JustJewels93,Just Julie,Day 6 of Mounjaro and day 21 of data driven fasting (eating based on a blood glucose “trigger” number). My pre-meal sugar was 58(!) and I’m down 5.3lbs. Shot #2 tomorrow and my official one week weigh-in. The weight loss is going to slow down for sure. Staying keto.,en,1,1,3,0,,"<a href=""http://twitter.com/download/iphone"" rel=""nofollow"">Twitter for iPhone</a>",https://x.com/JustJewels93/status/1557545473774194688,False,False,2026-04-15T04:24:45.145953+00:00
1557331599821250560,mounjaro_experience,mounjaro,experience,2022-08-10T11:42:41+00:00,dyt_leman,Leman,"At week 52, HbA1c decreased from baseline by a least squares mean of −2·4 (SE 0·1) for tirzepatide 5 mg, −2·6 (0·1) for tirzepatide 10 mg, −2·8 (0·1) for tirzepatide 15 mg, and −1·3 (0·1) for dulaglutide.",en,0,0,0,0,,"<a href=""https://mobile.twitter.com"" rel=""nofollow"">Twitter Web App</a>",https://x.com/dyt_leman/status/1557331599821250560,False,False,2026-04-15T04:24:45.145953+00:00
1557320859563577344,mounjaro_experience,mounjaro,experience,2022-08-10T11:00:01+00:00,TheLancetEndo,The Lancet Diabetes & Endocrinology,"Efficacy and safety of #tirzepatide monotherapy compared with dulaglutide in #Japanese patients with type 2 #diabetes (#SURPASS J-mono): a double-blind, multicentre, randomised, phase 3 trial https://t.co/ozK3bEfqw8 #T2D https://t.co/PtgX5M08dR",en,1,8,17,1,,"<a href=""https://mobile.twitter.com"" rel=""nofollow"">Twitter Web App</a>",https://x.com/TheLancetEndo/status/1557320859563577344,False,False,2026-04-15T04:24:45.145953+00:00
1557189304408895489,mounjaro_experience,mounjaro,experience,2022-08-10T02:17:16+00:00,JustJewels93,Just Julie,Day 5 of Mounjaro and weight still inching down daily. Combining it with data driven fasting using my blood glucose to inform when I eat. Basically relearning what true hunger is. Down 4.4lbs.,en,0,0,6,0,,"<a href=""http://twitter.com/download/iphone"" rel=""nofollow"">Twitter for iPhone</a>",https://x.com/JustJewels93/status/1557189304408895489,False,False,2026-04-15T04:24:45.145953+00:00
1556699245167759361,mounjaro_experience,mounjaro,experience,2022-08-08T17:49:56+00:00,adamcampbell1,Adam Campbell,@Glorylister @DrNadolsky Second this Q @DrNadolsky: Any reason you'd prescribe  one over the other or is Tirzepatide just what you have the most experience with?,en,1,0,0,0,,"<a href=""https://mobile.twitter.com"" rel=""nofollow"">Twitter Web App</a>",https://x.com/adamcampbell1/status/1556699245167759361,False,True,2026-04-15T04:24:45.145953+00:00
1556423660126158848,mounjaro_experience,mounjaro,experience,2022-08-07T23:34:52+00:00,JustJewels93,Just Julie,"@maximumcharacte Discount. $25/month for a year. After that, I’m hoping Victoza goes generic and I can do that or Mounjaro offers another deal (I hope). I also liked Ozempic and found it helpful too.",en,1,0,1,0,,"<a href=""http://twitter.com/download/iphone"" rel=""nofollow"">Twitter for iPhone</a>",https://x.com/JustJewels93/status/1556423660126158848,False,False,2026-04-15T04:24:45.146949+00:00
1556047404389912576,mounjaro_experience,mounjaro,experience,2022-08-06T22:39:45+00:00,MiriamBerchuk,Miriam Berchuk MD,"@heatherjay68 @MichaelAlbertMD @DrNadolsky Heatherette, the evidence clearly shows that the majority of people regain the weight if the medications are stopped. Thus the reason for my concern. Mounjaro is over $1000 per month. What will happen to those without insurance coverage?",en,1,0,3,0,,"<a href=""https://mobile.twitter.com"" rel=""nofollow"">Twitter Web App</a>",https://x.com/MiriamBerchuk/status/1556047404389912576,False,False,2026-04-15T04:24:45.146949+00:00
1555973744299937792,mounjaro_experience,mounjaro,experience,2022-08-06T17:47:03+00:00,pspoutz,Patrick Spoutz,"@simon_bazelon As essential as insulin is for many, the highest value / fight over medications would be a fight for a price cap over the new GLP1 medications. $100 a month tirzepatide would change the country",en,1,0,0,0,,"<a href=""http://twitter.com/download/android"" rel=""nofollow"">Twitter for Android</a>",https://x.com/pspoutz/status/1555973744299937792,False,True,2026-04-15T04:24:45.146949+00:00
1555732322531659777,mounjaro_experience,mounjaro,experience,2022-08-06T01:47:44+00:00,DrNadolsky,Dr. Spencer Nadolsky,"""But it’s crazy, I don’t feel like I’m out of control anymore. I feel like my normal self without being constantly hungry or thinking about food.""

A patient describing their experience with tirzepatide",en,9,1,57,1,,"<a href=""https://mobile.twitter.com"" rel=""nofollow"">Twitter Web App</a>",https://x.com/DrNadolsky/status/1555732322531659777,False,False,2026-04-15T04:24:46.269749+00:00
1555643548589965312,mounjaro_experience,mounjaro,experience,2022-08-05T19:54:59+00:00,NicholasChiuMD,"Nicholas Chiu, MD MPH","3/Longer term data:
 
SURMOUNT-1 trial in @NEJM in 2022

 72-week trial results for Tirzepatide:
  
📌-15.0% reduction with 5 mg weekly doses
📌-19.5% reduction in 10 mg doses
📌-20.9% reduction in 15 mg doses
📌-3.1% with placebo (p&lt;0.001 for all comp) https://t.co/lj97ZMT8vw",en,1,0,3,0,,"<a href=""https://mobile.twitter.com"" rel=""nofollow"">Twitter Web App</a>",https://x.com/NicholasChiuMD/status/1555643548589965312,False,True,2026-04-15T04:24:46.269749+00:00
1555643544118837249,mounjaro_experience,mounjaro,experience,2022-08-05T19:54:58+00:00,NicholasChiuMD,"Nicholas Chiu, MD MPH","2/
To recap, landmark Tirzepatide Trial results thus far:
 
SURPASS-2 trial in @NEJM in 2021:

40-week results for Tirzepatide:

📌Mean 👇 A1c: −2.0%, −2.24%, and −2.30% with 5 mg, 10 mg, and 15 mg

📌Mean👇 weight: −7.6 kg, −9.3 kg, and −11.2 kg for 5 mg, 10 mg, and 15 mg https://t.co/ledfsl6PPQ",en,1,0,4,0,,"<a href=""https://mobile.twitter.com"" rel=""nofollow"">Twitter Web App</a>",https://x.com/NicholasChiuMD/status/1555643544118837249,False,True,2026-04-15T04:24:46.269749+00:00
1555309980063895552,mounjaro_experience,mounjaro,experience,2022-08-04T21:49:30+00:00,JustJewels93,Just Julie,Started #Mounjaro today. I’m hopeful and watchful over how much it will help me!,en,2,0,1,0,,"<a href=""http://twitter.com/download/iphone"" rel=""nofollow"">Twitter for iPhone</a>",https://x.com/JustJewels93/status/1555309980063895552,False,False,2026-04-15T04:24:46.269749+00:00
1554920845109329920,mounjaro_experience,mounjaro,experience,2022-08-03T20:03:13+00:00,marthann85,Martha,@MITCHELLEHRENBE I started mounjaro a month ago and can’t believe the difference in how I feel about food. I love seeing these results. And as a pharmacist I’m excited to share information with patients who have been struggling for years.,en,1,0,2,0,,"<a href=""http://twitter.com/download/iphone"" rel=""nofollow"">Twitter for iPhone</a>",https://x.com/marthann85/status/1554920845109329920,False,False,2026-04-15T04:24:46.269749+00:00
1554759959572873216,mounjaro_experience,mounjaro,experience,2022-08-03T09:23:55+00:00,CraigCCRNCEN,"Craig Button, RN",@grumpynurse74 Just started tirzepatide (Mounjaro).    Not covered by insurance but they have the discount card that should be good for a year.  Reporting bariatric level weight loss.,en,1,0,1,0,,"<a href=""https://mobile.twitter.com"" rel=""nofollow"">Twitter Web App</a>",https://x.com/CraigCCRNCEN/status/1554759959572873216,False,False,2026-04-15T04:24:46.269749+00:00
1554143580310102017,mounjaro_experience,mounjaro,experience,2022-08-01T16:34:38+00:00,DrNadolsky,Dr. Spencer Nadolsky,"Patient describing Tirzepatide experience

""I feel good and somehow ""magically"" I can stop eating when Im full and don't keep eating, I have much earlier satiety signaling than before i was on the medication. I think this must be how smaller peoples brains work.""

@joinsequence",en,8,2,78,1,,"<a href=""https://mobile.twitter.com"" rel=""nofollow"">Twitter Web App</a>",https://x.com/DrNadolsky/status/1554143580310102017,False,False,2026-04-15T04:24:46.269749+00:00
1553286313738227712,mounjaro_experience,mounjaro,experience,2022-07-30T07:48:10+00:00,drjorfer,JORGE FERNANDEZ,Management of type 2 diabetes with the dual GIP/GLP-1 receptor agonist tirzepatide: a systematic review and meta-analysis | SpringerLink✅✅✅ https://t.co/Q3f0WW7fvs,en,0,0,2,0,,"<a href=""http://twitter.com/download/iphone"" rel=""nofollow"">Twitter for iPhone</a>",https://x.com/drjorfer/status/1553286313738227712,False,False,2026-04-15T04:24:46.269749+00:00
1552869367569715200,mounjaro_experience,mounjaro,experience,2022-07-29T04:11:22+00:00,MiriamBerchuk,Miriam Berchuk MD,Anyone else feeling some trepidation over what’s going to happen with all those patients taking advantage of the $25/month #Mounjaro voucher once the 12 months are up? @MichaelAlbertMD @DrNadolsky,en,5,0,15,1,,"<a href=""https://mobile.twitter.com"" rel=""nofollow"">Twitter Web App</a>",https://x.com/MiriamBerchuk/status/1552869367569715200,False,False,2026-04-15T04:24:46.269749+00:00
1552160877289394176,mounjaro_experience,mounjaro,experience,2022-07-27T05:16:05+00:00,MsMonsanto,Shadira,"""In this 72-week trial in participants with obesity, 5 mg, 10 mg, or 15 mg of tirzepatide once weekly provided substantial and sustained reductions in body weight. ""
https://t.co/48NokUquvi https://t.co/U6gfWkFSZY",en,0,0,0,0,,"<a href=""http://twitter.com/download/android"" rel=""nofollow"">Twitter for Android</a>",https://x.com/MsMonsanto/status/1552160877289394176,False,False,2026-04-15T04:24:46.269749+00:00
1551026567333249026,mounjaro_experience,mounjaro,experience,2022-07-24T02:08:44+00:00,Jellocat,Jellocat,@bronder What else are you doing to help your numbers? I just started taking Mounjaro. I've only had one dose so wondering what else I can do (I walk a lot and try to eat right) to support the drug. I'm also on Metformin.,en,1,0,0,0,,"<a href=""https://mobile.twitter.com"" rel=""nofollow"">Twitter Web App</a>",https://x.com/Jellocat/status/1551026567333249026,False,False,2026-04-15T04:24:46.269749+00:00
1551024572564406272,mounjaro_experience,mounjaro,experience,2022-07-24T02:00:49+00:00,Jellocat,Jellocat,"@BevTchangMD Thanks for this info! I have commercial insurance (Blue Cross, Blue Shield/Anthem, or whatever they're calling it these days). Doc put me on Mounjaro with a free month sample. We'll find out if BCBS covers; if not, it sounds like the coupon is the way to go.",en,2,0,0,0,,"<a href=""https://mobile.twitter.com"" rel=""nofollow"">Twitter Web App</a>",https://x.com/Jellocat/status/1551024572564406272,False,True,2026-04-15T04:24:46.269749+00:00
1550545959985217537,mounjaro_experience,mounjaro,experience,2022-07-22T18:18:59+00:00,DanielJDrucker,Daniel J Drucker,Tirzepatide @LillyDiabetes heading for pharmacies in Europe after positive @ema_news review #T2D,en,0,5,13,0,,"<a href=""http://twitter.com/#!/download/ipad"" rel=""nofollow"">Twitter for iPad</a>",https://x.com/DanielJDrucker/status/1550545959985217537,False,False,2026-04-15T04:24:46.269749+00:00
1550437532101480449,mounjaro_experience,mounjaro,experience,2022-07-22T11:08:08+00:00,EMA_News,EU Medicines Agency,"📢EMA's human medicines committee, the #CHMP, recommends 1⃣1⃣ new #medicines for approval in the 🇪🇺 
Among these:
☑️4 #cancer treatments
☑️A #diabetes medicine
☑️A medicine for #asthma 
☑️A treatment for #lupus 
 #PublicHealth 🧵 https://t.co/KRMBc0Ms66 https://t.co/pNN6F9dBk8",en,3,6,18,3,,"<a href=""https://mobile.twitter.com"" rel=""nofollow"">Twitter Web App</a>",https://x.com/EMA_News/status/1550437532101480449,False,False,2026-04-15T04:24:46.269749+00:00
1550541783636930561,mounjaro_experience,mounjaro,experience,2022-07-22T18:02:23+00:00,mysskcalluvr,blondie ପ(๑•̀ᴗ-♡ॢ),guess who just started mounjaro 😋 ready for this damn weight loss !!,en,0,0,2,0,,"<a href=""http://twitter.com/download/iphone"" rel=""nofollow"">Twitter for iPhone</a>",https://x.com/mysskcalluvr/status/1550541783636930561,False,False,2026-04-15T04:24:46.269749+00:00
1550280725114544128,mounjaro_experience,mounjaro,experience,2022-07-22T00:45:02+00:00,DUGHAWKS,Doug Gillespie,"@aboucher85 @kathyguggie what med? Trulicity? I started Mounjaro 5 weeks ago. was ok for 1st dose they just upped the dose and violently ill-without even eating anything bad. Sulphur burps non stop, nausea, vomit, stomach ache,  2 full days. awful! any solution?sucks b/cit works but cant feel like this",en,1,0,2,0,,"<a href=""https://mobile.twitter.com"" rel=""nofollow"">Twitter Web App</a>",https://x.com/DUGHAWKS/status/1550280725114544128,False,True,2026-04-15T04:24:46.270745+00:00
1550007847173476355,mounjaro_experience,mounjaro,experience,2022-07-21T06:40:43+00:00,ValleAlfonso,Alfonso Valle,"#SURMOUNT-1 trial
👉 Tirzepatide Once Weekly for the Treatment of Obesity
⏰ 72-week
💉5 mg, 10 mg, or 15 mg of tirzepatide once weekly
📌 change in weight 
⤵️−15.0% with 5-mg
⤵️−19.5%
⤵️−20.9% with 15-mg doses https://t.co/QCtPzH8UVU",en,1,22,51,1,,"<a href=""http://twitter.com/download/iphone"" rel=""nofollow"">Twitter for iPhone</a>",https://x.com/ValleAlfonso/status/1550007847173476355,False,False,2026-04-15T04:24:46.270745+00:00
1550003971691249665,mounjaro_experience,mounjaro,experience,2022-07-21T06:25:19+00:00,fjavesc,Javier Escalada #Yoelijoendocrino,"This Week at https://t.co/nprg2Y0Dc6, July 21, 2022. A lot of endocrinological content: #Tirzepatide for #obesity, Diabetic Macular Edema, #Obesity in Pregnancy, Editorial comments, Correspondence,… https://t.co/tAOZ2C9fDW @sociedadSEEN @SociedadSeedo",en,0,3,15,1,,"<a href=""http://twitter.com/download/iphone"" rel=""nofollow"">Twitter for iPhone</a>",https://x.com/fjavesc/status/1550003971691249665,False,False,2026-04-15T04:24:46.270745+00:00
1549888171185430528,mounjaro_experience,mounjaro,experience,2022-07-20T22:45:10+00:00,drferzli,George Ferzli,"In this 72-week trial in participants with obesity, 5 mg, 10 mg, or 15 mg of tirzepatide once weekly provided substantial and sustained reductions in body weight. 
Tirzepatide Once Weekly for the Treatment of Obesity | NEJM https://t.co/Z1sgVGdOnB",en,1,0,3,0,,"<a href=""http://twitter.com/download/iphone"" rel=""nofollow"">Twitter for iPhone</a>",https://x.com/drferzli/status/1549888171185430528,False,False,2026-04-15T04:24:46.270745+00:00
1549774624342302722,mounjaro_experience,mounjaro,experience,2022-07-20T15:13:58+00:00,SamuelBavli,Samuel Bavli,"In a 72-week trial, once-weekly tirzepatide injection resulted in significant, sustained weight loss -- of 20% or more at the highest dose. N Engl J Med 2022;387:205-216. Tirzepatide is a GLP-1 agonist &amp; a GIP agonist.
#Obesity #Endocrinology",en,0,0,0,0,,"<a href=""https://mobile.twitter.com"" rel=""nofollow"">Twitter Web App</a>",https://x.com/SamuelBavli/status/1549774624342302722,False,False,2026-04-15T04:24:47.393940+00:00
1549480260630192129,mounjaro_experience,mounjaro,experience,2022-07-19T19:44:16+00:00,KestaBarber,BabyGirlKesta,@palomalovett I started Mounjaro yesterday! My insurance didn’t approve it but they have a manufacturer coupon that makes it 25 bucks if insurance denies it.,en,1,0,1,0,,"<a href=""http://twitter.com/download/iphone"" rel=""nofollow"">Twitter for iPhone</a>",https://x.com/KestaBarber/status/1549480260630192129,False,True,2026-04-15T04:24:47.393940+00:00
1549421796813721601,mounjaro_experience,mounjaro,experience,2022-07-19T15:51:57+00:00,gypsy_gina_,🔮Gina,@MommaGGeri I’m using Mounjaro and have dropped 14.5 in less than a month,en,1,0,0,0,,"<a href=""http://twitter.com/download/iphone"" rel=""nofollow"">Twitter for iPhone</a>",https://x.com/gypsy_gina_/status/1549421796813721601,False,True,2026-04-15T04:24:47.393940+00:00
1549143416465940491,mounjaro_experience,mounjaro,experience,2022-07-18T21:25:46+00:00,l_oshman,Lauren Oshman MDMPH,"@scottisaacsmd @LillyPad @DrKarlNadolsky @DrNadolsky @monicaagar21 @DrPess @ENDOUNO @JoumanaChaiban @RodolfoJGalindo @betulhatipoglu1 ONLY “Eligible, commercially insured patients may pay as little as $25 for a 1-month, 2-month, or 3-month prescription with the Mounjaro Savings Card Program.” Don’t get so excited Medicaid and Medicare!",en,0,0,0,0,,"<a href=""http://twitter.com/download/iphone"" rel=""nofollow"">Twitter for iPhone</a>",https://x.com/l_oshman/status/1549143416465940491,False,True,2026-04-15T04:24:47.393940+00:00
1547953687464595457,mounjaro_experience,mounjaro,experience,2022-07-15T14:38:13+00:00,EstiUgarte,EstiUgarte,Management of type 2 diabetes with the dual GIP/GLP-1 receptor agonist tirzepatide: a systematic review and meta-analysis | SpringerLink https://t.co/Hxvdm8bnS6,en,0,3,2,0,,"<a href=""http://twitter.com/#!/download/ipad"" rel=""nofollow"">Twitter for iPad</a>",https://x.com/EstiUgarte/status/1547953687464595457,False,False,2026-04-15T04:24:47.393940+00:00
1544815324016648193,mounjaro_experience,mounjaro,experience,2022-07-06T22:47:29+00:00,DUGHAWKS,Doug Gillespie,"This #tirzepatide, namely #mounjaro is  good stuff so far. Still just on 2.5, 3rd week and I am legit full way sooner than normal and best part is I cannot even think about food for a while after eating. Limited sides so far. I have to imagine the higher dose will be even better",en,2,0,1,0,,"<a href=""https://mobile.twitter.com"" rel=""nofollow"">Twitter Web App</a>",https://x.com/DUGHAWKS/status/1544815324016648193,False,False,2026-04-15T04:24:47.393940+00:00
1543092869942099969,mounjaro_experience,mounjaro,experience,2022-07-02T04:43:04+00:00,MichaelAlbertMD,"Michael Albert, MD",@EkindigNP Just started tirzepatide,en,1,0,1,0,,"<a href=""http://twitter.com/download/iphone"" rel=""nofollow"">Twitter for iPhone</a>",https://x.com/MichaelAlbertMD/status/1543092869942099969,False,True,2026-04-15T04:24:47.393940+00:00
1542984138612932608,mounjaro_experience,mounjaro,experience,2022-07-01T21:31:00+00:00,BeyondType2,Beyond Type 2,"Curious to learn more about Mounjaro? 

Mary Bruehl, a type 2 diabetes community member who participated in a clinical trial, shared her experience and results with Mounjaro. 
https://t.co/5mL90C8Npj",en,1,0,1,0,,"<a href=""https://sproutsocial.com"" rel=""nofollow"">Sprout Social</a>",https://x.com/BeyondType2/status/1542984138612932608,False,False,2026-04-15T04:24:47.393940+00:00
1542917124141862913,mounjaro_experience,mounjaro,experience,2022-07-01T17:04:43+00:00,Mrohpowell1Owen,Owen213,"@MichaelAlbertMD my wife just started on Plenity, my daughter was a little concerned that it's a scam. Maybe mounjaro is better",en,1,0,0,0,,"<a href=""https://mobile.twitter.com"" rel=""nofollow"">Twitter Web App</a>",https://x.com/Mrohpowell1Owen/status/1542917124141862913,False,True,2026-04-15T04:24:47.393940+00:00
1542572336628506624,mounjaro_experience,mounjaro,experience,2022-06-30T18:14:39+00:00,xKloc,Todd Skelton,"@DrNadolsky I've tracked my weight with a wifi scale for the last 6 years. I was able to get below goal for 1 year, but it required me having a 2-hour eating window. Eventually, I gave up on that, daily hunger was torture. I started on Mounjaro (tirzepatide). I'm curious to see what happens. https://t.co/pAXVIaRpdE",en,3,0,2,0,,"<a href=""http://twitter.com/download/android"" rel=""nofollow"">Twitter for Android</a>",https://x.com/xKloc/status/1542572336628506624,False,True,2026-04-15T04:24:47.393940+00:00
1542004286657548289,mounjaro_experience,mounjaro,experience,2022-06-29T04:37:25+00:00,Euro_2023,Melissa Van,#AdvancedTreatment for #Diabetes :A new drug to treat #type2diabetes has received approval from #federal regulators. The drug #tirzepatide is a once-a-week injection that helps people manage #bloodglucose levels and reduce #foodintake. https://t.co/YymUZisBI8,en,0,0,0,0,,"<a href=""https://mobile.twitter.com"" rel=""nofollow"">Twitter Web App</a>",https://x.com/Euro_2023/status/1542004286657548289,False,False,2026-04-15T04:24:47.393940+00:00
1541767879133200385,mounjaro_experience,mounjaro,experience,2022-06-28T12:58:01+00:00,MDforLives,MDForLives,"In an Eli Lily-supported 72-week long trial, it was found that at different doses, #Tirzepatide was effective for weight loss in obese patients.

Read more- https://t.co/XkBT9vmtKj

#MdforLives #healthcareprofessionals https://t.co/1U0CRjYCDn",en,0,0,1,0,,"<a href=""https://sproutsocial.com"" rel=""nofollow"">Sprout Social</a>",https://x.com/MDforLives/status/1541767879133200385,False,False,2026-04-15T04:24:47.393940+00:00
1541161888263720960,mounjaro_experience,mounjaro,experience,2022-06-26T20:50:02+00:00,endocrinenetwrk,HCPLive Endocrinology,"Results of SURMOUNT-1 indicate 5 mg, 10 mg, or 15 mg of tirzepatide once-weekly provided substantial and sustained reductions in body weight, with a mean percentage change of -15% at week 72 and up to 22.5% with the 15 mg dose.

https://t.co/BksTxgQ9Uq https://t.co/QNhJSzkKn9",en,0,1,2,0,,"<a href=""https://www.hootsuite.com"" rel=""nofollow"">Hootsuite Inc.</a>",https://x.com/endocrinenetwrk/status/1541161888263720960,False,False,2026-04-15T04:24:47.394936+00:00
1540725263880929280,mounjaro_experience,mounjaro,experience,2022-06-25T15:55:02+00:00,endocrinenetwrk,HCPLive Endocrinology,"First in our month in review, our most popular story from June 2022. 

On July 7, Eli Lilly and Company announced tirzepatide (Mounjaro) is now available in US pharmacies. 

https://t.co/You3VbpAsm

#T2D #Diabetes https://t.co/vozIst2BIh",en,0,0,1,0,,"<a href=""https://www.hootsuite.com"" rel=""nofollow"">Hootsuite Inc.</a>",https://x.com/endocrinenetwrk/status/1540725263880929280,False,False,2026-04-15T04:24:47.394936+00:00
1540359090282541059,mounjaro_experience,mounjaro,experience,2022-06-24T15:40:00+00:00,endocrinenetwrk,HCPLive Endocrinology,"Earlier this week, our hosts @DianaMIsaacs and @Natalie_Bellini sat down to record the regularly scheduled June edition of #DiabetesDialogue. Topics for the episode include experiences prescribing tirzepatide, biosimilar insulins, &amp; misdiagnosis of #T1D.

https://t.co/DHfc5Ozikd https://t.co/aaQdyGRxY8",en,1,3,6,0,,"<a href=""https://about.twitter.com/products/tweetdeck"" rel=""nofollow"">TweetDeck</a>",https://x.com/endocrinenetwrk/status/1540359090282541059,False,False,2026-04-15T04:24:48.314005+00:00
1540346043040116736,mounjaro_experience,mounjaro,experience,2022-06-24T14:48:09+00:00,shut_up_joshua,Josh Spångberg,@itschappy Get on this LLY bus! Up 41% this year and new diabetes drug (Mounjaro) drops next month!,en,1,0,1,0,,"<a href=""http://twitter.com/download/iphone"" rel=""nofollow"">Twitter for iPhone</a>",https://x.com/shut_up_joshua/status/1540346043040116736,False,True,2026-04-15T04:24:48.314005+00:00
1538785473409085440,mounjaro_experience,mounjaro,experience,2022-06-20T07:27:00+00:00,stlenott,Stanley Leybourne GW,"‘In this study, we used continuous glucose monitoring (CGM) to compare the 24 h glucose profile for participants given #tirzepatide compared with those given #InsulinDegludec.’

‘Once-weekly treatment with tirzepatide showed superior glycaemic control measured using CGM... (2/3)",en,1,0,0,0,,"<a href=""https://mobile.twitter.com"" rel=""nofollow"">Twitter Web App</a>",https://x.com/stlenott/status/1538785473409085440,False,True,2026-04-15T04:24:48.314005+00:00
1538691108267511809,mounjaro_experience,mounjaro,experience,2022-06-20T01:12:02+00:00,DUGHAWKS,Doug Gillespie,"anyone started taking #tirzepatide #mounjaro yet? Or anyone took it during trials? If so, anything to say? How is it? side effects, does it help?",en,2,0,0,0,,"<a href=""https://mobile.twitter.com"" rel=""nofollow"">Twitter Web App</a>",https://x.com/DUGHAWKS/status/1538691108267511809,False,False,2026-04-15T04:24:48.314005+00:00
1538230388946096134,mounjaro_experience,mounjaro,experience,2022-06-18T18:41:18+00:00,Fajehani,د. فيصل الجهني استشاري غدد صماء و سكري و سمنة,"Insurance companies are just being ridiculous everywhere,we are dealing with the same here in Saudi Arabia for other medications,so they want the patient to fail at least 3-4 different GLP-1A 🤣 before using mounjaro
hopefully it won't be hard to give Mounjaro when it's available",en,0,0,3,0,,"<a href=""http://twitter.com/download/android"" rel=""nofollow"">Twitter for Android</a>",https://x.com/Fajehani/status/1538230388946096134,False,False,2026-04-15T04:24:48.314005+00:00
1538112251168792576,mounjaro_experience,mounjaro,experience,2022-06-18T10:51:52+00:00,scottisaacsmd,Scott Isaacs,"Prior authorizations for #Mounjaro are easy with CVS Caremark, but OptumRx is requiring failure of 4 different GLP-1 meds + #Jardiance (but not #Farxiga) which is absolutely ludicrous. Who is making up these arbitrary rules? #tirzepatide #endotwitter #medtwitter @LillyPad https://t.co/ei8TN7FNQ4",en,6,6,51,5,,"<a href=""https://mobile.twitter.com"" rel=""nofollow"">Twitter Web App</a>",https://x.com/scottisaacsmd/status/1538112251168792576,False,False,2026-04-15T04:24:48.314005+00:00
1537936047312490503,mounjaro_experience,mounjaro,experience,2022-06-17T23:11:41+00:00,MichaelAlbertMD,"Michael Albert, MD",@BevTchangMD @DrNadolsky @DavidMacklinMD Have you guys started any patients on Mounjaro yet?,en,2,0,0,0,,"<a href=""http://twitter.com/download/iphone"" rel=""nofollow"">Twitter for iPhone</a>",https://x.com/MichaelAlbertMD/status/1537936047312490503,False,True,2026-04-15T04:24:48.314005+00:00
1537377263028609024,mounjaro_experience,mounjaro,experience,2022-06-16T10:11:17+00:00,teerthraj_dash,"Teerthraj Dash,M.D  Health specialist.loves news",I liked this article on M3 India: Management of Type 2 Diabetes with the Dual GIP/GLP-1 Receptor Agonist Tirzepatide: A Systematic Review and Meta-analysis. Have a read https://t.co/elxi4vImmf #m3india,en,0,0,0,0,,"<a href=""https://mobile.twitter.com"" rel=""nofollow"">Twitter Web App</a>",https://x.com/teerthraj_dash/status/1537377263028609024,False,False,2026-04-15T04:24:48.314005+00:00
1537056830702161920,mounjaro_experience,mounjaro,experience,2022-06-15T12:58:00+00:00,drsajumathew,Saju Mathew MD MPH,"Of all #weightloss meds on the market, #Mounjaro promises to be the best (short of surgery) with about 20-25% loss of #bodyweight. It’s a once a week shot, but the FDA hasn’t approved it yet for weight loss. @Knowlesitall https://t.co/DPHdEuuAsa",en,1,2,12,0,,"<a href=""https://mobile.twitter.com"" rel=""nofollow"">Twitter Web App</a>",https://x.com/drsajumathew/status/1537056830702161920,False,False,2026-04-15T04:24:48.314005+00:00
1535710406223724544,mounjaro_experience,mounjaro,experience,2022-06-11T19:47:47+00:00,Nigelj08223326,Truthoverdishonesty,"New weight-loss drugs are highly effective@why aren't they widely used? https://t.co/XEepf1Vhbe via @nbcnews

Cost of $1300US per week
👇
A newer GLP-1 medication called tirzepatide, also a weekly injectable, appears to be even more effective

@ParagSinghal09 
@MyatThi28104092",en,0,0,2,0,,"<a href=""http://twitter.com/#!/download/ipad"" rel=""nofollow"">Twitter for iPad</a>",https://x.com/Nigelj08223326/status/1535710406223724544,False,False,2026-04-15T04:24:48.314005+00:00
1535486291059818498,mounjaro_experience,mounjaro,experience,2022-06-11T04:57:14+00:00,BelieversHosp,Believers Church Medical College Hospital,"One Drug a week by The Department of Pharmacology.

Week 7: 6th to 11th June

Tirzepatide, first and only GIP &amp; GLP receptor agonist. Dual targeted therapy for type 2 diabetes.

📍 Follow our page for more real-life stories and health information https://t.co/k9tHCm0xtj",en,0,0,1,0,,"<a href=""https://mobile.twitter.com"" rel=""nofollow"">Twitter Web App</a>",https://x.com/BelieversHosp/status/1535486291059818498,False,False,2026-04-15T04:24:48.314005+00:00
1535097384669257741,mounjaro_experience,mounjaro,experience,2022-06-10T03:11:51+00:00,restrass,Rachel,"@AmandaSuspended @coffee6727 @gingerbouvier1 @NewsCarolyn Insurance is the worst when it comes to treatment for obesity. There’s an even more effective drug (tirzepatide) coming out, but of course it’ll also cost an arm and a leg. Don’t get me started on my rants about this because I’ll never stop 🙃😂",en,1,0,2,0,,"<a href=""http://twitter.com/download/iphone"" rel=""nofollow"">Twitter for iPhone</a>",https://x.com/restrass/status/1535097384669257741,False,True,2026-04-15T04:24:48.314005+00:00
1535096849002110985,mounjaro_experience,mounjaro,experience,2022-06-10T03:09:44+00:00,DrAmbrishMithal,Dr Ambrish Mithal,"#ADA2022  #update 
In the 72-week SURMOUNT trial, in 2,539 people who were obese but without diabetes, #tirzepatide reduced body weight by 15% to 21% over the (dose 5 – 15 mg/week). Half of those treated with tirzepatide 10 or 15 mg/week achieved #weightloss of at least 20%!",en,4,3,30,1,,"<a href=""https://mobile.twitter.com"" rel=""nofollow"">Twitter Web App</a>",https://x.com/DrAmbrishMithal/status/1535096849002110985,False,False,2026-04-15T04:24:48.315001+00:00
1534922014045220864,mounjaro_experience,mounjaro,experience,2022-06-09T15:35:00+00:00,CristinaDragani,Cristina Dragani,"A weekly injection of the antidiabetes drug #tirzepatide, along with a balanced diet and at least 150 minutes of #physical activity per week, produced a #weightloss of up to 20% of body weight in #obese adults without #diabetes.
https://t.co/1M3b6sDFKZ #healthy #healthylifestyle https://t.co/938TxR1Flc",en,1,3,5,0,,"<a href=""https://mobile.twitter.com"" rel=""nofollow"">Twitter Web App</a>",https://x.com/CristinaDragani/status/1534922014045220864,False,False,2026-04-15T04:24:48.315001+00:00
1534876829454020608,mounjaro_experience,mounjaro,experience,2022-06-09T12:35:27+00:00,ramanath011,Ramanathan K,@DrJoyeeta Tirzepatide (Mounjaro) $974.33 for four weekly doses i.e. approx 76k INR for a week. Is it affordable for even ultra rich?,en,0,0,0,0,,"<a href=""https://mobile.twitter.com"" rel=""nofollow"">Twitter Web App</a>",https://x.com/ramanath011/status/1534876829454020608,False,True,2026-04-15T04:24:48.315001+00:00
1534815140155379712,mounjaro_experience,mounjaro,experience,2022-06-09T08:30:19+00:00,DrJoyeeta,Joey,"2 Breakthroughs this week in the world of medicine .
Dostarlimab for the treatment of Rectal cancer.
Tirzepatide for treatment of obesity .
A lot more needs to be learnt, and a larger trial group needed to confirm the benefits, but definately a silver lining .",en,13,57,329,1,,"<a href=""https://mobile.twitter.com"" rel=""nofollow"">Twitter Web App</a>",https://x.com/DrJoyeeta/status/1534815140155379712,False,False,2026-04-15T04:24:48.315001+00:00
1534745078891429888,mounjaro_experience,mounjaro,experience,2022-06-09T03:51:55+00:00,simplify_drugs,Classify Rx 📱,"Tirzepatide: the new first in class drug

📍 First in class dual GLP-1 And GIP receptor agonist

📍Approved for use in type 2 diabetes mellitus (USFDA, May 2022)

📍 Once in a week injection 💉 https://t.co/NgKjiCRZla",en,1,4,18,0,,"<a href=""http://twitter.com/download/iphone"" rel=""nofollow"">Twitter for iPhone</a>",https://x.com/simplify_drugs/status/1534745078891429888,False,False,2026-04-15T04:24:48.315001+00:00
1534682031900196864,mounjaro_experience,mounjaro,experience,2022-06-08T23:41:24+00:00,drferzli,George Ferzli,"In this 72-week trial in participants with obesity, 5 mg, 10 mg, or 15 mg of tirzepatide once weekly provided substantial and sustained reductions in body weight. Tirzepatide Once Weekly for the Treatment of Obesity | NEJM https://t.co/yhM7lA7xUy",en,0,0,0,0,,"<a href=""http://twitter.com/download/iphone"" rel=""nofollow"">Twitter for iPhone</a>",https://x.com/drferzli/status/1534682031900196864,False,False,2026-04-15T04:24:48.315001+00:00
1534338243688292352,mounjaro_experience,mounjaro,experience,2022-06-08T00:55:18+00:00,healthbyjames,"James Cintolo, RN FN CPT","🧵1/Once weekly obesity drug Tirzepatide at 15 mg reduced mean weight by -20.9% (95% CI: -21.8 to-19.9) VS placebo -3.1% at week 72 in a new phase 3, double blinded, RCT of 2539 individuals where the most common adverse events experienced were GI issues like nausea &amp; diarrhea https://t.co/LVMt3ldzQ0",en,1,0,0,0,,"<a href=""http://twitter.com/download/iphone"" rel=""nofollow"">Twitter for iPhone</a>",https://x.com/healthbyjames/status/1534338243688292352,False,False,2026-04-15T04:24:49.131524+00:00
1534325100010475520,mounjaro_experience,mounjaro,experience,2022-06-08T00:03:04+00:00,RichardCangemi,Richard Cangemi,Take #tirzepatide once a week for #diabetes and lose a bunch of weight. Hopefully this newly FDA/approved drug doesn’t end up in the to good to be true category. https://t.co/iBQkklTqaQ,en,0,0,1,0,,"<a href=""http://twitter.com/download/iphone"" rel=""nofollow"">Twitter for iPhone</a>",https://x.com/RichardCangemi/status/1534325100010475520,False,False,2026-04-15T04:24:49.131524+00:00
1534324384160153602,mounjaro_experience,mounjaro,experience,2022-06-08T00:00:14+00:00,DUGHAWKS,Doug Gillespie,@ifixhearts at least until I have lived a yr or so at nrml weight-- we dont tell alcoholics to drink on holidays or heroin adct' to shoot up 1x a week- i am def addicted to refined carbs/sugar and 100% go thru withdrawl.The GLP 1 meds the sides are awful but hoping maybe tirzepatide better.,en,0,0,0,0,,"<a href=""https://mobile.twitter.com"" rel=""nofollow"">Twitter Web App</a>",https://x.com/DUGHAWKS/status/1534324384160153602,False,True,2026-04-15T04:24:49.131524+00:00
1534242911457402880,mounjaro_experience,mounjaro,experience,2022-06-07T18:36:29+00:00,CMichaelGibson,C. Michael Gibson MD,"15% drop in body weight on average at 72 weeks with once a week GLP1 agonist #Tirzepatide 

https://t.co/CKzJ4j6T2l https://t.co/DqPHEyzkIm",en,0,10,25,0,,"<a href=""https://about.twitter.com/products/tweetdeck"" rel=""nofollow"">TweetDeck</a>",https://x.com/CMichaelGibson/status/1534242911457402880,False,False,2026-04-15T04:24:49.131524+00:00
1534185178624565249,mounjaro_experience,mounjaro,experience,2022-06-07T14:47:05+00:00,DanielJDrucker,Daniel J Drucker,Looking past #Tirzepatide #ADA2022 are we just getting started with GLP-1-based unimolecular innovation for the treatment of #T2D #Obesity #NASH Some portfolio updates from @LillyDiabetes suggest more intriguing science playing out in the clinic https://t.co/uo2rN711eM,en,1,20,67,1,,"<a href=""https://mobile.twitter.com"" rel=""nofollow"">Twitter Web App</a>",https://x.com/DanielJDrucker/status/1534185178624565249,False,False,2026-04-15T04:24:49.131524+00:00
1534142055890530305,mounjaro_experience,mounjaro,experience,2022-06-07T11:55:43+00:00,tpulinil,Prof.Thomas Pulinilkunnil,"#Tirzepatide Once Weekly for the Treatment of #Obesity | @NEJM https://t.co/wzVsKPToUU
10.1056/NEJMoa2206038
72-week trial in participants with obesity, 5 mg, 10 mg, or 15 mg of tirzepatide once weekly provided substantial and sustained reductions in body weight!",en,0,1,1,0,,"<a href=""http://twitter.com/download/android"" rel=""nofollow"">Twitter for Android</a>",https://x.com/tpulinil/status/1534142055890530305,False,False,2026-04-15T04:24:49.131524+00:00
1534101626906193920,mounjaro_experience,mounjaro,experience,2022-06-07T09:15:04+00:00,adipofat,adipofat,"📍Tirzepatide Once Weekly for the Treatment of #obesity

✔️More than 20% reduction in body weight at week 72 
✔️Changes in the range of bariatric surgery

https://t.co/7l5Ih8eNIS
@NeilFlochMD
@CristobMorales https://t.co/2uDNVflTkS",en,1,7,8,0,,"<a href=""https://about.twitter.com/products/tweetdeck"" rel=""nofollow"">TweetDeck</a>",https://x.com/adipofat/status/1534101626906193920,False,False,2026-04-15T04:24:49.131524+00:00
1533882423498493953,mounjaro_experience,mounjaro,experience,2022-06-06T18:44:02+00:00,EASOobesity,EASO,"Tirzepatide Major Weight-Loss Win in Patients W/ Obesity
72 week, phase III SURMOUNT-1 trial, people w/ obesity, but no diabetes, on 15 mg of the once-weekly injectable X % change in weight of 20.9% — success on lower dose too.
 @medpagetoday  https://t.co/CwoQZIbsda https://t.co/JI1KGXDmV3",en,1,4,12,0,,"<a href=""https://buffer.com"" rel=""nofollow"">Buffer App</a>",https://x.com/EASOobesity/status/1533882423498493953,False,False,2026-04-15T04:24:49.131524+00:00
1533848235839725569,mounjaro_experience,mounjaro,experience,2022-06-06T16:28:11+00:00,drsurajeet,"Dr Surajeet Kumar Patra, MBBS, MD, FACP","Tirzepatide Once Weekly sc for the Treatment of Obesity https://t.co/V20cyOURNp 

Weight reduction at week 72 was −15.0% with 5-mg,  −19.5% with 10-mg &amp; −20.9% with 15-mg. @banshisaboo @dramitaol @drrakeshparikh @Rssdi_official @diabetesindia22 @Dtech_official",en,2,0,4,0,,"<a href=""https://mobile.twitter.com"" rel=""nofollow"">Twitter Web App</a>",https://x.com/drsurajeet/status/1533848235839725569,False,False,2026-04-15T04:24:49.131524+00:00
1533177485738795012,mounjaro_experience,mounjaro,experience,2022-06-04T20:02:52+00:00,sribellary,Srikanth Bellary,Tirzepatide Once Weekly for the Treatment of Obesity | NEJM https://t.co/I9CavTnyzu 21%weight loss with Tirzepatide 15mg in obese non diabetic patients. A game changer?,en,4,43,185,5,,"<a href=""http://twitter.com/download/iphone"" rel=""nofollow"">Twitter for iPhone</a>",https://x.com/sribellary/status/1533177485738795012,False,False,2026-04-15T04:24:49.131524+00:00
1533821161297313792,mounjaro_experience,mounjaro,experience,2022-06-06T14:40:36+00:00,Arno_in_Sing,Arno,What’s really interesting here is the placebo group where only 3% managed to loose 20% body weight while given regular coaching &amp; doing 150 min exercise a week. #obesity #tirzepatide  https://t.co/nBD1p9b4ZQ,en,0,0,0,0,,"<a href=""http://twitter.com/download/iphone"" rel=""nofollow"">Twitter for iPhone</a>",https://x.com/Arno_in_Sing/status/1533821161297313792,False,False,2026-04-15T04:24:49.132521+00:00
1533819089218830336,mounjaro_experience,mounjaro,experience,2022-06-06T14:32:22+00:00,KiranRP,Kiran Raj  Pandey,But results from a trial published recently in the NEJM  show that weekly Tirzepatide injections given over a 72 month period led to a 20% (~23 kg) weight loss in individuals who were obese. The drug was remarkably well tolerated. 3/n,en,1,0,1,0,,"<a href=""https://mobile.twitter.com"" rel=""nofollow"">Twitter Web App</a>",https://x.com/KiranRP/status/1533819089218830336,False,True,2026-04-15T04:24:49.132521+00:00
1533699554389856256,mounjaro_experience,mounjaro,experience,2022-06-06T06:37:23+00:00,i_UCSY,Umesh Chand,"Tirzepatide, an antidiabetes drug similar to GLP-1 receptor agonist, could be helpful in significant weight reduction in #obese individuals. It's an investigational drug that showed upto 20℅ weight loss in a 72 week long clinical trial.
https://t.co/HUcGIwJIot",en,1,0,1,0,,"<a href=""http://twitter.com/download/android"" rel=""nofollow"">Twitter for Android</a>",https://x.com/i_UCSY/status/1533699554389856256,False,False,2026-04-15T04:24:49.132521+00:00
1533687716021510146,mounjaro_experience,mounjaro,experience,2022-06-06T05:50:20+00:00,rainbowinsid,Mandi SK,"There's a promising new drug for diabetes out: ""The list price of Mounjaro is $974 for a four-week prescription of all doses..."" Will medical schemes cover tirzepatide, I wonder? Hahaha",en,1,0,2,0,,"<a href=""http://twitter.com/download/android"" rel=""nofollow"">Twitter for Android</a>",https://x.com/rainbowinsid/status/1533687716021510146,False,False,2026-04-15T04:24:49.132521+00:00
1533622711792058370,mounjaro_experience,mounjaro,experience,2022-06-06T01:32:02+00:00,AbeytuaManuel,Manuel Abeytua,"TIRZEPATIDE ONCE WEEKLY FOR THE TREATMENT OF OBESITY
June4,2022NEJM
DOI:10.1056/NEJMoa2206038
In 72-week 2539 adults without diabetes received subcutaneous tirzepatide or placebo. At baseline mean body weight =104.8 kg
Treated with 10-mg or 15-mg had a reduction in weight of 20% https://t.co/5X9EK468hu",en,0,6,7,0,,"<a href=""https://mobile.twitter.com"" rel=""nofollow"">Twitter Web App</a>",https://x.com/AbeytuaManuel/status/1533622711792058370,False,False,2026-04-15T04:24:49.132521+00:00
1533582824040812544,mounjaro_experience,mounjaro,experience,2022-06-05T22:53:32+00:00,LittleBigGloms,Evan Zeitler,"@NephroGuy @Jwaitz @krklein1 Nothing. Depends on indication. Usually covered for T2D in some capacity, tougher if only for weight loss. I tried to prescribe tirzepatide last week and it wasn't actively orderable in our epic build.",en,0,0,1,0,,"<a href=""http://twitter.com/download/android"" rel=""nofollow"">Twitter for Android</a>",https://x.com/LittleBigGloms/status/1533582824040812544,False,False,2026-04-15T04:24:49.132521+00:00
1533569077645438976,mounjaro_experience,mounjaro,experience,2022-06-05T21:58:55+00:00,ProfAstellBurt,Thomas Astell-Burt,"Interesting new findings @NEJM

“In this 72-week trial in participants with obesity, 5 mg, 10 mg, or 15 mg of tirzepatide once weekly provided substantial and sustained reductions in body weight”

@GuardianAus @NicolaKSDavis
https://t.co/e5FWWf7mS1 

Paper
https://t.co/KDzBftZ7eC",en,0,0,0,0,,"<a href=""http://twitter.com/download/iphone"" rel=""nofollow"">Twitter for iPhone</a>",https://x.com/ProfAstellBurt/status/1533569077645438976,False,False,2026-04-15T04:24:49.132521+00:00
1533506077869740033,mounjaro_experience,mounjaro,experience,2022-06-05T17:48:34+00:00,RolandBakerIII,Roland Baker,"NEJM: Tirzepatide Once Weekly for the Treatment of Obesity: a novel once per week glucose-dependent insulinotropic polypeptide and glucagon-like peptide-1 receptor agonist - 20% weight loss in 72 weeks. 
https://t.co/oKTOSgjIL7",en,1,1,2,0,,"<a href=""https://mobile.twitter.com"" rel=""nofollow"">Twitter Web App</a>",https://x.com/RolandBakerIII/status/1533506077869740033,False,False,2026-04-15T04:24:50.061677+00:00
1533493770473426946,mounjaro_experience,mounjaro,experience,2022-06-05T16:59:40+00:00,skathire,Sek Kathiresan MD,"So, you weigh 250lb and want to lose 50lb

Can you do so safely with a once-a-week medicine?

Looks like tirzepatide will do the trick.  

Amazing!

https://t.co/FgFxkBQE8k https://t.co/VUSR0L1WAw",en,10,65,374,9,,"<a href=""http://twitter.com/download/iphone"" rel=""nofollow"">Twitter for iPhone</a>",https://x.com/skathire/status/1533493770473426946,False,False,2026-04-15T04:24:50.061677+00:00
1533434741910917123,mounjaro_experience,mounjaro,experience,2022-06-05T13:05:06+00:00,Unnikri,Unnikrishnan AG,"Tirzepatide Once Weekly for the Treatment of Obesity | Specifically the mean percentage change in weight at week 72 was −20.9% (95% CI, −21.8 to −19.9) with 15-mg doses and −3.1% (95% CI, −4.3 to −1.9) with placebo (P&lt;0.001 for comparison)| NEJM https://t.co/vCqX51oUEg",en,0,1,8,0,,"<a href=""http://twitter.com/download/iphone"" rel=""nofollow"">Twitter for iPhone</a>",https://x.com/Unnikri/status/1533434741910917123,False,False,2026-04-15T04:24:50.061677+00:00
1533426104068890626,mounjaro_experience,mounjaro,experience,2022-06-05T12:30:47+00:00,ADA_DiabetesPro,American Diabetes Association - DiabetesPro,Obesity is a chronic disease that results in substantial global morbidity and mortality. Read more about the results of this 72-week trial: Tirzepatide Once Weekly for the Treatment of Obesity #ADA2022 https://t.co/jvceAFu2O8,en,0,0,9,1,,"<a href=""http://twitter.com/download/iphone"" rel=""nofollow"">Twitter for iPhone</a>",https://x.com/ADA_DiabetesPro/status/1533426104068890626,False,False,2026-04-15T04:24:50.061677+00:00
1533410730921168897,mounjaro_experience,mounjaro,experience,2022-06-05T11:29:42+00:00,KamathGurudutt,Guru,"Miracles happen! Impressive weight loss. 

Once a week Tirzepatide (INJECTION) to control diabetes and obesity. 

Lilly’s new drug Mounjaro (tirzepatide ) wins US FDA approval last month.",en,1,2,3,0,,"<a href=""https://mobile.twitter.com"" rel=""nofollow"">Twitter Web App</a>",https://x.com/KamathGurudutt/status/1533410730921168897,False,False,2026-04-15T04:24:50.061677+00:00
1533378083738517504,mounjaro_experience,mounjaro,experience,2022-06-05T09:19:58+00:00,theliverdoc,TheLiverDoc™,"Just wow.

Diabetes drug helps patients lose never-before-seen amounts of weight, new study shows.

A new study of the type 2 diabetes drug tirzepatide found it also resulted in dramatic weight loss, offering hope for those struggling with obesity.

https://t.co/7sE2Tb8p8s https://t.co/L4cgpl8tsS",en,10,45,217,2,,"<a href=""http://twitter.com/download/android"" rel=""nofollow"">Twitter for Android</a>",https://x.com/theliverdoc/status/1533378083738517504,False,False,2026-04-15T04:24:50.061677+00:00
1533288007951962113,mounjaro_experience,mounjaro,experience,2022-06-05T03:22:02+00:00,igormorr,Igor Morr,"In this 72-week trial in participants with obesity, 5 mg, 10 mg, or 15 mg of tirzepatide once weekly provided substantial and sustained reductions in body weight. ⁦@MiSaludTotal⁩ ⁦@FUNDAPROCECA⁩ ⁦@meza0208⁩ @inilsa ⁦ https://t.co/Nd1WhO3q3k",en,0,7,6,0,,"<a href=""http://twitter.com/#!/download/ipad"" rel=""nofollow"">Twitter for iPad</a>",https://x.com/igormorr/status/1533288007951962113,False,False,2026-04-15T04:24:50.061677+00:00
1533256886350254080,mounjaro_experience,mounjaro,experience,2022-06-05T01:18:22+00:00,HanCardiomd,Henry Han,"#SURMOUNT-1

In this 72-week trial in participants with obesity, 5 mg, 10 mg, or 15 mg of #tirzepatide once weekly provided substantial and sustained reductions in body weight @NEJM @nejmcatalyst @TCTMD @ShelleyZieroth @ShelleyWood2 @DrMarthaGulati @mmamas1973 @DBelardoMD",en,0,7,14,0,,"<a href=""http://twitter.com/download/iphone"" rel=""nofollow"">Twitter for iPhone</a>",https://x.com/HanCardiomd/status/1533256886350254080,False,False,2026-04-15T04:24:50.062674+00:00
1533191052294688768,mounjaro_experience,mounjaro,experience,2022-06-04T20:56:46+00:00,pnatarajanmd,Pradeep Natarajan,Impressive reduction in weight from tirzepatide once weekly vs placebo among individuals with mean BMI of 38 https://t.co/LpM8nT2paw @NEJM #ADA2022 #ADA https://t.co/dlOVlgLTMv,en,2,49,196,10,,"<a href=""https://mobile.twitter.com"" rel=""nofollow"">Twitter Web App</a>",https://x.com/pnatarajanmd/status/1533191052294688768,False,False,2026-04-15T04:24:50.062674+00:00
1533164190097190914,mounjaro_experience,mounjaro,experience,2022-06-04T19:10:02+00:00,BYan415,"Brandon Yan, MD MPH","Remarkable weight loss results from the dual GIP and GLP1 agonist tirzepatide for pts with obesity.

At week 72, 21% reduction in weight with 15mg weekly dose. (Note 3% reduction from placebo).
#SurmountTrial
 https://t.co/KjlGOooNPG",en,0,0,3,0,,"<a href=""http://twitter.com/download/android"" rel=""nofollow"">Twitter for Android</a>",https://x.com/BYan415/status/1533164190097190914,False,False,2026-04-15T04:24:50.062674+00:00
1533107120496852992,mounjaro_experience,mounjaro,experience,2022-06-04T15:23:15+00:00,ValleAlfonso,Alfonso Valle,"#SURMOUNT-1 in @nejm👇

⏰72-week trial with #tirzepatide
👥 mean body weight was 104.8 kg, mean BMI was 38.0

🎯 mean percentage change in weight 👇
💉5 mg⤵️ −15.0% 
💉10 mg⤵️-19.5%
💉15 mg ⤵️20.9%

👉 Improvements in all prespecified cardiometabolic measures @secardiologia https://t.co/ESulJTDMSf",en,4,40,95,1,,"<a href=""http://twitter.com/download/iphone"" rel=""nofollow"">Twitter for iPhone</a>",https://x.com/ValleAlfonso/status/1533107120496852992,False,False,2026-04-15T04:24:50.062674+00:00
1533090971898068992,mounjaro_experience,mounjaro,experience,2022-06-04T14:19:05+00:00,mitchelzoler,Mitchel Zoler,"Tirzepatide at 15 mg/week led to 21% average weight loss after 72 weeks  in SURMOUNT-1 trial, results that a NEJM editorial called ""astonishing."" #ADA2022 https://t.co/O4o9BvInHa  https://t.co/2HNSHR1mdS",en,0,3,5,0,,"<a href=""https://mobile.twitter.com"" rel=""nofollow"">Twitter Web App</a>",https://x.com/mitchelzoler/status/1533090971898068992,False,False,2026-04-15T04:24:50.062674+00:00
1533090450491461633,mounjaro_experience,mounjaro,experience,2022-06-04T14:17:01+00:00,CristobMorales,Cristobal Morales,"https://t.co/wk7RhXd9eE In this 72-week trial in participants with obesity, 5 mg, 10 mg, or 15 mg of tirzepatide once weekly provided substantial and sustained reductions in body weight @MedscapeEndo @SociedadSeedo @sociedadSEEN @NEJM #ADA2022 https://t.co/9m4IGPngYG",en,1,4,11,1,,"<a href=""http://twitter.com/download/iphone"" rel=""nofollow"">Twitter for iPhone</a>",https://x.com/CristobMorales/status/1533090450491461633,False,True,2026-04-15T04:24:50.062674+00:00
1532808786771075073,mounjaro_experience,mounjaro,experience,2022-06-03T19:37:47+00:00,Diabetes_Videos,Cure Diabetes Videos,"Heads up! In the next week or two, you will hear a LOT about Mounjaro. It's kind of a miracle drug, and we're getting the fullest data yet at the #ADA2022 conference. For a primer, check out this article: https://t.co/c5OV9CiSoR",en,0,0,0,0,,"<a href=""https://ifttt.com"" rel=""nofollow"">IFTTT</a>",https://x.com/Diabetes_Videos/status/1532808786771075073,False,False,2026-04-15T04:24:50.062674+00:00
1532799324110872576,mounjaro_experience,mounjaro,experience,2022-06-03T19:00:11+00:00,diabetesdaily,Diabetes Daily,"Heads up! In the next week or two, you will hear a LOT about Mounjaro. It's kind of a miracle drug, and we're getting the fullest data yet at the #ADA2022 conference. For a primer, check out this article: https://t.co/ZL9KDBYLWz",en,0,0,1,0,,"<a href=""https://coschedule.com"" rel=""nofollow"">CoSchedule</a>",https://x.com/diabetesdaily/status/1532799324110872576,False,False,2026-04-15T04:24:50.062674+00:00
1531218168307453953,mounjaro_experience,mounjaro,experience,2022-05-30T10:17:14+00:00,ChrisSylvain,Christopher Sylvain,"“Once-weekly treatment with tirzepatide showed superior glycaemic control measured using CGM compared with insulin degludec in participants with type 2 diabetes on metformin, with or without a SGLT2 inhibitor” 

up to 10.5% HbA1c. What about the others? Insulin is needed still.",en,0,0,0,0,,"<a href=""http://twitter.com/download/iphone"" rel=""nofollow"">Twitter for iPhone</a>",https://x.com/ChrisSylvain/status/1531218168307453953,False,False,2026-04-15T04:24:50.062674+00:00
1531210440000344066,mounjaro_experience,mounjaro,experience,2022-05-30T09:46:32+00:00,TheLancetEndo,The Lancet Diabetes & Endocrinology,Efficacy of once-weekly #tirzepatide versus once-daily insulin degludec on #glycaemic control measured by continuous glucose monitoring in adults with type 2 #diabetes (SURPASS-3 CGM): a substudy of the phase 3 SURPASS-3 trial https://t.co/qlpBxoBPhU #T2D #CGM,en,2,12,43,2,,"<a href=""https://mobile.twitter.com"" rel=""nofollow"">Twitter Web App</a>",https://x.com/TheLancetEndo/status/1531210440000344066,False,False,2026-04-15T04:24:50.062674+00:00
1530645088036179968,mounjaro_experience,mounjaro,experience,2022-05-28T20:20:01+00:00,endocrinenetwrk,HCPLive Endocrinology,"Recorded less than a week after approval, this episode of Diabetes Dialogue: Therapeutics, Technology, &amp; Real-World Perspectives broke down what the tirzepatide approval means for clinicians and patients.

Learn more:
https://t.co/1gcP1fmaNi

#Diabetes",en,0,0,0,0,,"<a href=""https://www.hootsuite.com"" rel=""nofollow"">Hootsuite Inc.</a>",https://x.com/endocrinenetwrk/status/1530645088036179968,False,False,2026-04-15T04:24:50.062674+00:00
1530623696049778694,mounjaro_experience,mounjaro,experience,2022-05-28T18:55:01+00:00,Drug_Topics,Drug Topics,"A review of 7 trials provide a detailed overview of the reductions in HbA1c and body weight, as well as the safety, of #Tirzepatide in various doses compared against placebo and other #Diabetes medications from clinical trials. https://t.co/6HiFY9w5i3",en,0,0,0,0,,"<a href=""https://www.hootsuite.com"" rel=""nofollow"">Hootsuite Inc.</a>",https://x.com/Drug_Topics/status/1530623696049778694,False,False,2026-04-15T04:24:50.062674+00:00
1529406905323511808,mounjaro_experience,mounjaro,experience,2022-05-25T10:19:55+00:00,forumcore,forumcore info,"FDA Approves Mounjaro, a Novel Once-a-Week Medication to Treat Type 2 Diabetes https://t.co/0Mbqt9bxUI",en,0,0,0,0,,"<a href=""http://publicize.wp.com/"" rel=""nofollow"">Jetpack.com</a>",https://x.com/forumcore/status/1529406905323511808,False,False,2026-04-15T04:24:50.062674+00:00
1528879704769445888,mounjaro_experience,mounjaro,experience,2022-05-23T23:25:01+00:00,endocrinenetwrk,HCPLive Endocrinology,"Using data from 7 clinical trials, results of a new study provide an overview of the HbA1c lowering, hypoglycemia risk, and risk of discontinuation seen with tirzepatide (Mounjaro) versus placebo, insulin regimens, and GLP-1 receptor agonists.

https://t.co/RA79Lht6iv

#Diabetes",en,0,0,1,0,,"<a href=""https://www.hootsuite.com"" rel=""nofollow"">Hootsuite Inc.</a>",https://x.com/endocrinenetwrk/status/1528879704769445888,False,False,2026-04-15T04:24:50.062674+00:00
1528761083133104128,mounjaro_experience,mounjaro,experience,2022-05-23T15:33:39+00:00,CristobMorales,Cristobal Morales,https://t.co/IqWw78QBqt Management of type 2 diabetes with the dual GIP/GLP-1 receptor agonist tirzepatide: a systematic review and meta-analysis @DiabetologiaJnl @sociedadSEEN https://t.co/yzBwoh7LMh,en,0,17,29,0,,"<a href=""http://twitter.com/download/iphone"" rel=""nofollow"">Twitter for iPhone</a>",https://x.com/CristobMorales/status/1528761083133104128,False,False,2026-04-15T04:24:50.062674+00:00
1528725881849520128,mounjaro_experience,mounjaro,experience,2022-05-23T13:13:47+00:00,mohamedhamedh2,"Mohamed Hamedh MSc, MD","Tirzepatide (Mounjaro) Gets FDA Approval for Type 2 Diabetes

https://t.co/BSDVDqNXXv

Sent using the Medscape App for Android™",en,0,0,2,0,,"<a href=""http://twitter.com/download/android"" rel=""nofollow"">Twitter for Android</a>",https://x.com/mohamedhamedh2/status/1528725881849520128,False,False,2026-04-15T04:24:50.902358+00:00
1528434727123832834,mounjaro_experience,mounjaro,experience,2022-05-22T17:56:50+00:00,mumtazg66,NEWS & OPINION MAK YOUSAFZAI,"#Type_2_Sugar
FDA Approves New Drug Tirzepatide for People with Type 2 Diabetes. A new drug to treat type 2 diabetes has received approval from federal regulators. The drug tirzepatide is a once-a-week injection that helps people manage blood glucose levels reduce food intake",en,0,0,0,0,,"<a href=""http://twitter.com/download/android"" rel=""nofollow"">Twitter for Android</a>",https://x.com/mumtazg66/status/1528434727123832834,False,False,2026-04-15T04:24:50.902358+00:00
1527752523116728320,mounjaro_experience,mounjaro,experience,2022-05-20T20:46:00+00:00,theunretired,theunretired,Management of type 2 diabetes with the dual GIP/GLP-1 receptor agonist tirzepatide: a systematic review and meta-analysis | SpringerLink https://t.co/OoZkGCVWyL,en,0,0,1,0,,"<a href=""http://twitter.com/#!/download/ipad"" rel=""nofollow"">Twitter for iPad</a>",https://x.com/theunretired/status/1527752523116728320,False,False,2026-04-15T04:24:50.902358+00:00
1527744737079345153,mounjaro_experience,mounjaro,experience,2022-05-20T20:15:04+00:00,endocrinenetwrk,HCPLive Endocrinology,"A systematic review and meta-analysis provide a detailed overview of the reductions in HbA1c and body weight, as well as the safety, of #tirzepatide in various doses compared against placebo and other diabetes medications from RCTs.

https://t.co/QHDa2jfMpi

#Diabetes #T2D",en,0,1,1,0,,"<a href=""https://www.hootsuite.com"" rel=""nofollow"">Hootsuite Inc.</a>",https://x.com/endocrinenetwrk/status/1527744737079345153,False,False,2026-04-15T04:24:50.902358+00:00
1527593716885737473,mounjaro_experience,mounjaro,experience,2022-05-20T10:14:58+00:00,LizHearnPharmD,"Elizabeth Hearn, PharmD, BCACP","This week on #Pharm5…
1️⃣ IV contrast dye shortage
2️⃣ COVID boosters for 5-11 y/o
3️⃣ Mounjaro (tirzepatide) for T2DM
4️⃣ Radicava ORS (edaravone) for ALS
5️⃣ AAPI + COVID vaccine confidence",en,0,0,0,0,,"<a href=""http://twitter.com/download/iphone"" rel=""nofollow"">Twitter for iPhone</a>",https://x.com/LizHearnPharmD/status/1527593716885737473,False,True,2026-04-15T04:24:50.902358+00:00
1526780124674371584,mounjaro_experience,mounjaro,experience,2022-05-18T04:22:02+00:00,humanOS_me,humanOS.me,"Tirzepatide is under regulatory review for the treatment of T2D in EU, Japan and several additional markets.
 (11/11)",en,0,0,2,0,,"<a href=""https://getdrafts.com"" rel=""nofollow"">Drafts </a>",https://x.com/humanOS_me/status/1526780124674371584,False,True,2026-04-15T04:24:50.902358+00:00
1526689235788505089,mounjaro_experience,mounjaro,experience,2022-05-17T22:20:52+00:00,DanielJDrucker,Daniel J Drucker,"No matter how one slices and dices the clinical trial data, a new review confirms that tirzepatide is a uniquely effective drug for #T2D #weightloss #hypoglycemia The GLP-1 franchise continues to expand and improve with excellent science @DiabetologiaJnl https://t.co/yp7hBobTjv",en,1,7,36,0,,"<a href=""http://twitter.com/#!/download/ipad"" rel=""nofollow"">Twitter for iPad</a>",https://x.com/DanielJDrucker/status/1526689235788505089,False,False,2026-04-15T04:24:50.902358+00:00
1526570731030695936,mounjaro_experience,mounjaro,experience,2022-05-17T14:29:59+00:00,CREATION,CREATION,"This month when HCPs mentioned a #Top50pharma company, they were likely to be discussing the success of @LillyPads tirzepatide for obesity and COVID-19 Vaccine efficacy.
https://t.co/3LSFvyT82m

#WhatHCPsThink #Top50Tracker ##Tirzepatide",en,0,0,0,0,,"<a href=""http://www.hubspot.com/"" rel=""nofollow"">HubSpot</a>",https://x.com/CREATION/status/1526570731030695936,False,False,2026-04-15T04:24:50.902358+00:00
1526535453452603392,mounjaro_experience,mounjaro,experience,2022-05-17T12:09:48+00:00,randypotter9,randy potter,"5.16.2022  FDA Approves Mounjaro, a Novel Once-a-Week Medication to Treat Type 2 Diabetes via @EverydayHealth  https://t.co/Sqqpw7Cb2Z",en,0,0,0,0,,"<a href=""https://mobile.twitter.com"" rel=""nofollow"">Twitter Web App</a>",https://x.com/randypotter9/status/1526535453452603392,False,False,2026-04-15T04:24:50.902358+00:00
1526436846917816320,mounjaro_experience,mounjaro,experience,2022-05-17T05:37:58+00:00,simplify_drugs,Classify Rx 📱,"Tirzepatide: the new drug you need to remember about 👍🏽

📍 First in class dual GLP-1 And GIP receptor agonist

📍Approved for use in type 2 diabetes mellitus (USFDA, May 2022)

📍 Once in a week injection 💉

📍Significant weight loss noted in clinical trials for obesity https://t.co/hrx9LUimPQ",en,0,10,23,0,,"<a href=""http://twitter.com/download/iphone"" rel=""nofollow"">Twitter for iPhone</a>",https://x.com/simplify_drugs/status/1526436846917816320,False,False,2026-04-15T04:24:50.902358+00:00
1526417392158461952,mounjaro_experience,mounjaro,experience,2022-05-17T04:20:40+00:00,bitco_united,FOOD_day,"FDA approves Mounjaro, a new drug taken once a week to treat type 2 diabetes https://t.co/kvNTJAIiNO",en,0,0,0,0,,"<a href=""http://publicize.wp.com/"" rel=""nofollow"">Jetpack.com</a>",https://x.com/bitco_united/status/1526417392158461952,False,False,2026-04-15T04:24:50.902358+00:00
1526268846247596032,mounjaro_experience,mounjaro,experience,2022-05-16T18:30:24+00:00,sarh9ad,sarah 💊📝,"♦️New FDA approval for Type 2 diabetes 

♦️ tirzepatide 

🔹 mechanism : dual incretin agonist 
(Twincretin) ، stimulating both GIP and GLP-1 receptors 

🔹formulation : once week SQ injection, available in 2.5, 5, 7.5, 10, 12.5 and 15 mg single dose https://t.co/9ush28b8t5",en,3,23,78,0,,"<a href=""http://twitter.com/download/iphone"" rel=""nofollow"">Twitter for iPhone</a>",https://x.com/sarh9ad/status/1526268846247596032,False,False,2026-04-15T04:24:50.902358+00:00
1525461175781187586,mounjaro_experience,mounjaro,experience,2022-05-14T13:01:00+00:00,EndocrineToday,Endocrine Today,"ICYMI: “Given the challenges many patients experience in achieving their target blood sugar goals, today’s approval of Mounjaro is an important advance in the treatment of type 2 diabetes,” @US_FDA @CardiologyToday @ErinMichos https://t.co/J3NeUOudvV",en,0,2,4,0,,"<a href=""https://app.socialpilot.co/"" rel=""nofollow"">SocialPilot.co</a>",https://x.com/EndocrineToday/status/1525461175781187586,False,False,2026-04-15T04:24:50.902358+00:00
1525298975351328770,mounjaro_experience,mounjaro,experience,2022-05-14T02:16:29+00:00,drstak70,"Sandeep Tak MD(AIIMS Delhi), FACE","#Tirzepatide a twin incretin, with agonist properties for both the GLP-1, as well as GIP receptor, in once a week inj formulation, is approved by @fda for treatment of #diabetes.
@EASDelearning
@ABCDiab

https://t.co/M1aPDACVBx",en,0,3,7,0,,"<a href=""http://twitter.com/download/android"" rel=""nofollow"">Twitter for Android</a>",https://x.com/drstak70/status/1525298975351328770,False,False,2026-04-15T04:24:50.902358+00:00
1525279935166021637,mounjaro_experience,mounjaro,experience,2022-05-14T01:00:49+00:00,EndocrineToday,Endocrine Today,"ICYMI: “Given the challenges many patients experience in achieving their target blood sugar goals, today’s approval of Mounjaro is an important advance in the treatment of type 2 diabetes,” @US_FDA @CardiologyToday @ErinMichos https://t.co/J3NeUOuLlt",en,0,0,3,1,,"<a href=""https://app.socialpilot.co/"" rel=""nofollow"">SocialPilot.co</a>",https://x.com/EndocrineToday/status/1525279935166021637,False,False,2026-04-15T04:24:50.903360+00:00
1525214360477523969,mounjaro_experience,mounjaro,experience,2022-05-13T20:40:15+00:00,TalesofEndoLand,Tales of Endo Land,RT @DanielJDrucker: Tirzepatide (Mounjaro) received a priority review from @US_FDA for #T2D reflecting the unprecedented reductions in A1c and #weightloss across the SURPASS P3 clinical trial program https://t.co/MXL1QqDJZh,en,0,1,3,0,,"<a href=""https://www.hootsuite.com"" rel=""nofollow"">Hootsuite Inc.</a>",https://x.com/TalesofEndoLand/status/1525214360477523969,False,False,2026-04-15T04:24:50.903360+00:00
1525204760449654784,mounjaro_experience,mounjaro,experience,2022-05-13T20:02:06+00:00,RealPatCampbell,Patrick Campbell,"Seems @LillyPad really hit the jackpot with tirzepatide (Mounjaro). 

SURMOUNT-1 topline results demonstrating reduction in body weight followed by FDA approval for T2D based on SURPASS program. What a month for a groundbreaking agent!

https://t.co/4McfeWLhfG
$LLY #Diabetes #T2D",en,0,0,0,0,,"<a href=""https://about.twitter.com/products/tweetdeck"" rel=""nofollow"">TweetDeck</a>",https://x.com/RealPatCampbell/status/1525204760449654784,False,False,2026-04-15T04:24:50.903360+00:00
1525204435974094852,mounjaro_experience,mounjaro,experience,2022-05-13T20:00:49+00:00,DanielJDrucker,Daniel J Drucker,Tirzepatide (Mounjaro) received a priority review from @US_FDA for #T2D reflecting the unprecedented reductions in A1c and #weightloss across the SURPASS P3 clinical trial program https://t.co/cHnmqTXX8V,en,1,14,30,1,,"<a href=""https://mobile.twitter.com"" rel=""nofollow"">Twitter Web App</a>",https://x.com/DanielJDrucker/status/1525204435974094852,False,True,2026-04-15T04:24:50.903360+00:00
1525201630727135233,mounjaro_experience,mounjaro,experience,2022-05-13T19:49:40+00:00,DanielJDrucker,Daniel J Drucker,"Tirzepatide for #T2D will be marketed in the 🇺🇸 using the brand name ""Mounjaro"" @LillyPad @LillyDiabetes",en,4,20,51,3,,"<a href=""https://mobile.twitter.com"" rel=""nofollow"">Twitter Web App</a>",https://x.com/DanielJDrucker/status/1525201630727135233,False,False,2026-04-15T04:24:50.903360+00:00
1525200401292828681,mounjaro_experience,mounjaro,experience,2022-05-13T19:44:47+00:00,DanielJDrucker,Daniel J Drucker,"@US_FDA  Approves Tirzepatide, a Novel, Dual-Targeted GIPR-GLP-1R Co-Agonist Treatment for Type 2 #Diabetes #T2D @LillyPad   https://t.co/XxPZCMmCCI",en,1,5,19,2,,"<a href=""https://mobile.twitter.com"" rel=""nofollow"">Twitter Web App</a>",https://x.com/DanielJDrucker/status/1525200401292828681,False,False,2026-04-15T04:24:50.903360+00:00
1523389895686852608,mounjaro_experience,mounjaro,experience,2022-05-08T19:50:29+00:00,crimson_agio,Crimson Trades 🎴,"$LLY - Up nearly 5% in the last week. Besides showing success with tirzepatide, the company is going ex-dividends after May 13th, meaning we might see a push for buyers this week so they can get their last dividends on June 10th.",en,1,0,0,0,,"<a href=""http://twitter.com/download/iphone"" rel=""nofollow"">Twitter for iPhone</a>",https://x.com/crimson_agio/status/1523389895686852608,False,True,2026-04-15T04:24:50.903360+00:00
1521582875560263682,mounjaro_experience,mounjaro,experience,2022-05-03T20:10:01+00:00,endocrinenetwrk,HCPLive Endocrinology,"Last week, @LillyPad announced SURMOUNT-1 had met both coprimary endpoints and use of tirzepatide could result in weight loss up to 22.5% of a patient's bodyweight in the phase 3 trial. 

Learn more:
https://t.co/DGSIrhU4gT

#Obesity #WeightLoss",en,0,0,0,0,,"<a href=""https://www.hootsuite.com"" rel=""nofollow"">Hootsuite Inc.</a>",https://x.com/endocrinenetwrk/status/1521582875560263682,False,False,2026-04-15T04:24:51.617538+00:00
1521498553847328768,mounjaro_experience,mounjaro,experience,2022-05-03T14:34:57+00:00,LonkyMD,"Stewart Lonky, MD","1) Eli Lilly and Company claim its new drug, Tirzepatide, has helped people with #obesity or who are #overweight lose about 22.5 percent of their body weight.
The study upon which the findings were based is still awaiting peer review. 
https://t.co/lmQoGpMdse",en,1,1,1,0,,"<a href=""https://mobile.twitter.com"" rel=""nofollow"">Twitter Web App</a>",https://x.com/LonkyMD/status/1521498553847328768,False,False,2026-04-15T04:24:51.617538+00:00
1520973595543240704,mounjaro_experience,mounjaro,experience,2022-05-02T03:48:58+00:00,GPonirakis,"Georgios Ponirakis, PhD 🇺🇦","What's your opinion on Tirzepatide?

It's the 1st #drug to deliver &gt;20% #weightloss on average in a phase 3 study for #obesity/overweight and is currently under regulatory review as a treatment for #type2diabetes

https://t.co/5YhkI92rXh https://t.co/5YhkI92rXh",en,0,0,2,0,,"<a href=""http://twitter.com/download/android"" rel=""nofollow"">Twitter for Android</a>",https://x.com/GPonirakis/status/1520973595543240704,False,False,2026-04-15T04:24:51.617538+00:00
1520110210634985472,mounjaro_experience,mounjaro,experience,2022-04-29T18:38:11+00:00,NatRevDrugDisc,Nature Reviews Drug Discovery,"For readers interested in anti-obesity drugs, including drugs targeting GLP1 receptors such as tirzepatide, here's a recent comprehensive review https://t.co/Z8VkeYXKSL https://t.co/InUv4ko3TJ",en,2,14,51,0,,"<a href=""https://mobile.twitter.com"" rel=""nofollow"">Twitter Web App</a>",https://x.com/NatRevDrugDisc/status/1520110210634985472,False,False,2026-04-15T04:24:51.617538+00:00
1520037636198465536,mounjaro_experience,mounjaro,experience,2022-04-29T13:49:48+00:00,RolandBakerIII,Roland Baker,"Lilly's tirzepatide LY3298176 GIP (glucose-dependent insulinotropic polypeptide) receptor and GLP-1 (glucagon-like peptide-1) receptor agonist delivered amazing results this week (note GI tract side effects also). I'll post a few links for those interested
https://t.co/S7K2KQzSfy",en,1,0,3,0,,"<a href=""https://mobile.twitter.com"" rel=""nofollow"">Twitter Web App</a>",https://x.com/RolandBakerIII/status/1520037636198465536,False,False,2026-04-15T04:24:51.618143+00:00
1519716619269804033,mounjaro_experience,mounjaro,experience,2022-04-28T16:34:11+00:00,MatthewRehrl,Matthew Rehrl MD 🖋,"@ConscienHealth @LillyPad @askdrfatima My guess?  Tirzepatide will have a great name, even better ads (maybe with a kayak on a lake? 😉)  and come out at the end of the year, and be priced around $1300/month (with coupons🤓 ); the timing will be such to disallow any possibility of broad coverage discussion for 2023.",en,2,0,1,0,,"<a href=""https://mobile.twitter.com"" rel=""nofollow"">Twitter Web App</a>",https://x.com/MatthewRehrl/status/1519716619269804033,False,True,2026-04-15T04:24:51.618143+00:00
1519666336447832066,mounjaro_experience,mounjaro,experience,2022-04-28T13:14:23+00:00,ByAmyBrown,Amy Brown,Did $LLY CFO just say they bought a priority review voucher? Speedy tirzepatide obesity review on the way?,en,1,0,1,0,,"<a href=""https://mobile.twitter.com"" rel=""nofollow"">Twitter Web App</a>",https://x.com/ByAmyBrown/status/1519666336447832066,False,True,2026-04-15T04:24:51.618143+00:00
1519657499405824000,mounjaro_experience,mounjaro,experience,2022-04-28T12:39:16+00:00,wayne_culbreth,Wayne Culbreth,@skathire @DrNadolsky @LillyPad Order of magnitude difference from this 40 week study showing 5.5kg weight loss on 15mg tirzepatide. Head scratcher. https://t.co/VyYVMOOgHu,en,2,0,1,1,,"<a href=""http://twitter.com/download/iphone"" rel=""nofollow"">Twitter for iPhone</a>",https://x.com/wayne_culbreth/status/1519657499405824000,False,True,2026-04-15T04:24:51.618143+00:00
1501924426119626752,mounjaro_experience,mounjaro,experience,2022-03-10T14:14:22+00:00,DanielJDrucker,Daniel J Drucker,"With the GIP-GLP-1 co-agonist Tirzepatide pending registration, multiple Glucagon-GLP-1 co-agonists are being evaluated, including Cotadutide, Pemvidutide and here BI456906 #Obesity #Diabetes #NASH ~13.7% #weightloss at week 16 @ZealandPharma @Boehringer https://t.co/ZEH5L7uddU",en,0,7,29,0,,"<a href=""https://mobile.twitter.com"" rel=""nofollow"">Twitter Web App</a>",https://x.com/DanielJDrucker/status/1501924426119626752,False,False,2026-04-15T04:24:51.618817+00:00
1481652497819205639,mounjaro_experience,mounjaro,experience,2022-01-13T15:40:57+00:00,diabetic_invstr,David Kliff,"JPM 2022: Eli Lilly CEO mulls using Novo's double-branding trick on tirzepatide—one obesity, one diabetes https://t.co/ZJBpE1YgT1",en,0,0,0,0,,"<a href=""https://mobile.twitter.com"" rel=""nofollow"">Twitter Web App</a>",https://x.com/diabetic_invstr/status/1481652497819205639,False,False,2026-04-15T04:24:52.621980+00:00
1481596487159234563,mounjaro_experience,mounjaro,experience,2022-01-13T11:58:23+00:00,FibroFlutters,Flutters and Strutters (Formerly FibroFlutters),"#JPM2022: Eli Lilly CEO mulls using Novo's double-branding trick on tirzepatide—one obesity, one diabetes https://t.co/4XaG3F1EL9",en,0,0,0,0,,"<a href=""http://twitter.com/download/android"" rel=""nofollow"">Twitter for Android</a>",https://x.com/FibroFlutters/status/1481596487159234563,False,False,2026-04-15T04:24:52.621980+00:00
1481344682407841793,mounjaro_experience,mounjaro,experience,2022-01-12T19:17:48+00:00,analystlandnews,analyst land news,"JPM 2022: Eli Lilly CEO mulls using Novo's double-branding trick on tirzepatide—one obesity, one diabetes https://t.co/d0itVYzVon https://t.co/kysqOGBtFa",en,0,0,0,0,,"<a href=""https://dlvrit.com/"" rel=""nofollow"">dlvr.it</a>",https://x.com/analystlandnews/status/1481344682407841793,False,False,2026-04-15T04:24:52.621980+00:00
1481312914132779008,mounjaro_experience,mounjaro,experience,2022-01-12T17:11:34+00:00,cafepharma,cafepharma,"JPM 2022: Eli Lilly CEO mulls using Novo's double-branding trick on tirzepatide—one obesity, one diabetes https://t.co/SSuxi805Li",en,0,0,1,0,,"<a href=""https://dlvrit.com/"" rel=""nofollow"">dlvr.it</a>",https://x.com/cafepharma/status/1481312914132779008,False,False,2026-04-15T04:24:52.622976+00:00
1481276923120480256,mounjaro_experience,mounjaro,experience,2022-01-12T14:48:33+00:00,PharmaCrowd,PharmaCrowd,"JPM 2022: Eli Lilly CEO mulls using Novo's double-branding trick on tirzepatide—one obesity, one diabetes https://t.co/m6CYb6oD2Q https://t.co/BEhR3YYYaI",en,0,0,0,0,,"<a href=""https://dlvrit.com/"" rel=""nofollow"">dlvr.it</a>",https://x.com/PharmaCrowd/status/1481276923120480256,False,False,2026-04-15T04:24:52.622976+00:00
1481251046949281792,mounjaro_experience,mounjaro,experience,2022-01-12T13:05:44+00:00,pharmacy_take,Take Care Pharmacy,"JPM 2022: Eli Lilly CEO mulls using Novo’s double-branding trick on tirzepatide—one obesity, one diabetes https://t.co/4FnUw4kwbD",en,0,0,0,0,,"<a href=""http://publicize.wp.com/"" rel=""nofollow"">Jetpack.com</a>",https://x.com/pharmacy_take/status/1481251046949281792,False,False,2026-04-15T04:24:52.622976+00:00
1606696291853078529,mounjaro_experience,mounjaro,experience,2022-12-24T17:00:21+00:00,JayCampbell333,Jay Campbell,Merry CHRISTmas with 20% OFF from Limitless Peptides-Using Code Jay20 - https://t.co/KTuUJwiBLG https://t.co/f7QRKWSHug,en,1,0,3,0,1027,"<a href=""http://www.mailchimp.com"" rel=""nofollow"">Mailchimp</a>",https://x.com/JayCampbell333/status/1606696291853078529,False,False,2026-04-15T04:24:53.544887+00:00
