id,query_label,drug,query_type,date,username,display_name,content,language,reply_count,retweet_count,like_count,quote_count,view_count,source,url,is_retweet,is_reply,scraped_at
1608531046940672000,wegovy_weight,wegovy,weight,2022-12-29T18:31:01+00:00,PewterReport,PewterReport 🏴‍☠️,"Last Call for 2023 New Year Offers at Age Rejuvenation!

• Weight Loss specials! (Lose up to 20 lbs in 60 days) 

• 3 mo. Wegovy (Semaglutide) 50% OFF 1st mo.

• 3 mo. HCG Diet 50% OFF 1st mo.

• 3 mo. Appetite suppressant program 25% OFF 1st mo.

https://t.co/Vzmj3oaZMe https://t.co/K6Y7Iad7T2",en,1,0,2,0,3269,"<a href=""https://about.twitter.com/products/tweetdeck"" rel=""nofollow"">TweetDeck</a>",https://x.com/PewterReport/status/1608531046940672000,False,False,2026-04-07T17:45:54.696403+00:00
1607767019528536066,wegovy_weight,wegovy,weight,2022-12-27T15:55:02+00:00,nnalinas,Athena Nalina 🇺🇲🇺🇲🇺🇲🇺🇲🇺🇲🇺🇲🇺🇲,"I offer a compounded form of semaglutide.

This is for people who have a significant amount of weight to lose, not just 5 or 10 pounds.  

Yes, diet and exercise are the way, but sometimes obese/overweight people could use some extra help.",en,0,0,3,0,274,"<a href=""https://tweethunter.io"" rel=""nofollow"">tweethunter [X]</a>",https://x.com/nnalinas/status/1607767019528536066,False,True,2026-04-07T17:45:54.696403+00:00
1606754388688752640,wegovy_weight,wegovy,weight,2022-12-24T20:51:12+00:00,AnniePo56772124,Annie Powell🇺🇦🌻🟦,"@Emmi_shane Are you talking about Wegovy and Mounjaro? I’m On Mounjaro and I’ve lost 70 lbs. no side effects and I know I will have to be on the meds for life. My labwork is normal and I don’t crave sugar or binge anymore. Is different for everyone, but for me it’s great.",en,0,0,1,0,145,"<a href=""https://mobile.twitter.com"" rel=""nofollow"">Twitter Web App</a>",https://x.com/AnniePo56772124/status/1606754388688752640,False,False,2026-04-07T17:45:54.696403+00:00
1606657709998329860,wegovy_weight,wegovy,weight,2022-12-24T14:27:02+00:00,tobymindmatter,Toby Griffiths,@mark_bikes @OwenJones84 Wegovy is an appetite supressant that works with a calorie-controlled diet and increased exercise. So even the producers of these drugs are fixating on the diet and exercise aspects of losing fat and keeping it off 😂,en,0,0,0,0,65,"<a href=""https://mobile.twitter.com"" rel=""nofollow"">Twitter Web App</a>",https://x.com/tobymindmatter/status/1606657709998329860,False,True,2026-04-07T17:45:54.696403+00:00
1606341601156108299,wegovy_weight,wegovy,weight,2022-12-23T17:30:56+00:00,Choojimmy,Ghetto Sarah Lee,"@SnitchOnThese Wegovy is insane, I saw someone I used to work with lost 45 pounds",en,1,0,0,0,130,"<a href=""http://twitter.com/download/iphone"" rel=""nofollow"">Twitter for iPhone</a>",https://x.com/Choojimmy/status/1606341601156108299,False,True,2026-04-07T17:45:54.696403+00:00
1606234554955665409,wegovy_weight,wegovy,weight,2022-12-23T10:25:34+00:00,intelcrows,IntelCrow,In case you missed one of our most read stories of 2022: Wegovy is the first in a new generation of obesity treatments which use a hormone to regulate appetite. But there are side effects and the FT’s Hannah Kuchler asks whether it’s a misguided treatment https://t.co/PhQjfteUB1,en,0,0,0,0,56,"<a href=""https://ifttt.com"" rel=""nofollow"">IFTTT</a>",https://x.com/intelcrows/status/1606234554955665409,False,False,2026-04-07T17:45:54.697401+00:00
1606228178397175808,wegovy_weight,wegovy,weight,2022-12-23T10:00:14+00:00,FinancialTimes,Financial Times,In case you missed one of our most read stories of 2022: Wegovy is the first in a new generation of obesity treatments which use a hormone to regulate appetite. But there are side effects and the FT’s Hannah Kuchler asks whether it’s a misguided treatment https://t.co/NHZ5pFu5Ay,en,0,5,7,0,24398,"<a href=""http://www.socialflow.com"" rel=""nofollow"">SocialFlow</a>",https://x.com/FinancialTimes/status/1606228178397175808,False,False,2026-04-07T17:45:54.697401+00:00
1606189916890677248,wegovy_weight,wegovy,weight,2022-12-23T07:28:12+00:00,JeffA000,Jeff A ⚜️,"@MichaelAlbertMD The semaglutide group was more successful due to appetite suppression from sema, i.e. they ate less.  You're assuming kcal were actually matched which I can assure you the semaglutide group ate less. Contrary to your assertion &amp; tells me you have never done an obesity trial.",en,2,0,0,0,652,"<a href=""http://twitter.com/download/android"" rel=""nofollow"">Twitter for Android</a>",https://x.com/JeffA000/status/1606189916890677248,False,True,2026-04-07T17:45:54.697401+00:00
1606189276651311106,wegovy_weight,wegovy,weight,2022-12-23T07:25:39+00:00,TheScree,Scree,"Shower thought; @elonmusk took Wegovy and lost weight... this class of drug reduces weight gain by primarily reducing appetite.

If this were deployed to larger population wouldn't that reduce need to grow as much food and improve climate?",en,0,0,0,0,188,"<a href=""http://twitter.com/download/android"" rel=""nofollow"">Twitter for Android</a>",https://x.com/TheScree/status/1606189276651311106,False,False,2026-04-07T17:45:54.697401+00:00
1606083173728780289,wegovy_weight,wegovy,weight,2022-12-23T00:24:02+00:00,weight_lossidea,Best Weight Loss Tips and Ideas,"Elon Musk swears by the #weight-#loss drug Wegovy, and Kim Kardashian is rumored to have used it to shed 16 pounds in three weeks to squeeze into a ...
                         https://t.co/sX1sGjyGLS",en,0,0,0,0,97,"<a href=""https://app.heropost.io/"" rel=""nofollow"">Heropost</a>",https://x.com/weight_lossidea/status/1606083173728780289,False,False,2026-04-07T17:45:54.697401+00:00
1605900301050867713,wegovy_weight,wegovy,weight,2022-12-22T12:17:22+00:00,FrogHarmless,Harmless Frog,"@NutritionMadeS3 Or anything else that suppresses appetite or increases expenditure without conscious attention. Such as semaglutide and DNP, respectively.",en,0,0,1,0,322,"<a href=""https://mobile.twitter.com"" rel=""nofollow"">Twitter Web App</a>",https://x.com/FrogHarmless/status/1605900301050867713,False,True,2026-04-07T17:45:54.697401+00:00
1605588435854508037,wegovy_weight,wegovy,weight,2022-12-21T15:38:08+00:00,drrudybestlife,Dr. Rudy Best Life,"People who took the highest dose of Tirzepatide (Mounjaro) lost an average of 21% of their body weight, or nearly 52 pounds.

Follow Me: @drrudybestlife 

#mounjaro #wegovy #ozempic #mounjaroweightloss #ozempicweightloss #wegovyweightloss #mounjarojourney https://t.co/RwwvaHAQR0",en,0,0,1,0,934,"<a href=""https://mobile.twitter.com"" rel=""nofollow"">Twitter Web App</a>",https://x.com/drrudybestlife/status/1605588435854508037,False,False,2026-04-07T17:45:54.697401+00:00
1605252906625671168,wegovy_weight,wegovy,weight,2022-12-20T17:24:51+00:00,uninfrmdinvestr,the uninformed investor,"@SuperMugatu lololol …. separately, I lost 15 pounds in a month between first weekend of November and first weekend of December … wasn’t even on $NVO GLP-1 R agonist #Semaglutide: #Ozempic, #Wegovy, #Rybelsus … $ALT #pemvidutide https://t.co/0ZPYm0U8Zf",en,0,0,0,0,1168,"<a href=""http://twitter.com/download/iphone"" rel=""nofollow"">Twitter for iPhone</a>",https://x.com/uninfrmdinvestr/status/1605252906625671168,False,True,2026-04-07T17:45:54.697401+00:00
1605022553692438528,wegovy_weight,wegovy,weight,2022-12-20T02:09:31+00:00,Lilulicious,La Presidenta Lilu,"I am so excite. @riteaid came through for me within days of my insurance approving Ozempic. @cvspharmacy dicked around for months. I’m not shitting you. Months. They couldn’t get Ozempic, Wegovy, Rhybelsus (I had to get samples from my doc), no semiglutide. The time I lost… https://t.co/xrSAkqysPl",en,1,0,0,0,231,"<a href=""http://twitter.com/download/iphone"" rel=""nofollow"">Twitter for iPhone</a>",https://x.com/Lilulicious/status/1605022553692438528,False,False,2026-04-07T17:45:54.697401+00:00
1604589324942573577,wegovy_weight,wegovy,weight,2022-12-18T21:28:01+00:00,smoothmelanin,SMOOTH MELANIN,"@Boss_Chiick_30 Okay, I’m going to mention it tomorrow. Plus I’m going on this weight lost journey with wegovy, so I’m excited :) I just didn’t want to get hooked on the asthma pumped",en,1,0,0,0,134,"<a href=""http://twitter.com/download/iphone"" rel=""nofollow"">Twitter for iPhone</a>",https://x.com/smoothmelanin/status/1604589324942573577,False,True,2026-04-07T17:45:54.697401+00:00
1604198710803513344,wegovy_weight,wegovy,weight,2022-12-17T19:35:51+00:00,varma_ashwin97,"Ashwin Varma, MD",@gwern @tunguz But the data to date on semaglutide contradicts that belief. 100+ week / 2-year data shows efficacy in line with the Phase 3 + a couple of percentage points. Source: https://t.co/KoQjQaUPeP (STEP5 trial).,en,2,0,0,0,112,"<a href=""https://mobile.twitter.com"" rel=""nofollow"">Twitter Web App</a>",https://x.com/varma_ashwin97/status/1604198710803513344,False,True,2026-04-07T17:45:54.697401+00:00
1603843605289783297,wegovy_weight,wegovy,weight,2022-12-16T20:04:48+00:00,AbudBakri,Abud Bakri MD,"@jackmurphylive My answer is going to be very similar to @BowTiedUM 

This is what we KNOW they are using 

Focus is

Muscle gain: “sports” TRT +\- SARM. AI, avoid man boobs

Fat loss: GH, semaglutide/tirzapetide, yohimbe, possibly Stims for appetite suppression 

See: 

https://t.co/5VuOgwFOgC",en,2,2,10,0,4904,"<a href=""http://twitter.com/download/iphone"" rel=""nofollow"">Twitter for iPhone</a>",https://x.com/AbudBakri/status/1603843605289783297,False,True,2026-04-07T17:45:54.697401+00:00
1603678620349775872,wegovy_weight,wegovy,weight,2022-12-16T09:09:12+00:00,theipaper,The i Paper,"💬 'I lost a stone on the new weight loss drug semaglutide, but now food makes me feel sick'

👉 Semaglutide has soared in popularity: within months of its distribution, the US reported shortages
https://t.co/4zqRJXH28c",en,0,0,0,0,1597,"<a href=""http://erased6644614_QyctI2jsZ5.com"" rel=""nofollow"">erased6644614_QyctI2jsZ5</a>",https://x.com/theipaper/status/1603678620349775872,False,False,2026-04-07T17:45:54.697401+00:00
1603612915457818626,wegovy_weight,wegovy,weight,2022-12-16T04:48:07+00:00,_DanielSinclair,Daniel Sinclair,"Now bearish on Semaglutide. You lose 40 lbs, $40 billion, and your damn mind.",en,0,0,3,0,784,"<a href=""https://mobile.twitter.com"" rel=""nofollow"">Twitter Web App</a>",https://x.com/_DanielSinclair/status/1603612915457818626,False,False,2026-04-07T17:45:54.697401+00:00
1603441306889601027,wegovy_weight,wegovy,weight,2022-12-15T17:26:12+00:00,DrKarlNadolsky,Karl Nadolsky,"“Now I can give good full hugs!” 
- our patient who lost 23% of her weight after lifetime of struggles and put metS/preDM into remission in addition to being able to engage in physical activities with family now 😊❤️ #nutrition #exercise #wegovy",en,0,0,9,0,991,"<a href=""http://twitter.com/download/iphone"" rel=""nofollow"">Twitter for iPhone</a>",https://x.com/DrKarlNadolsky/status/1603441306889601027,False,False,2026-04-07T17:45:54.697401+00:00
1603404599817392129,wegovy_weight,wegovy,weight,2022-12-15T15:00:21+00:00,LtClinics,LT Clinics,"Our weight loss program includes providing support, as well as prescribed medications that can help suppress the appetite, including Phentermine, Phentermine/topiramate, and Semaglutide. To learn more, visit our website at https://t.co/4tMD4ISeKD https://t.co/V1GsAU5vPZ",en,0,0,1,0,,"<a href=""https://sproutsocial.com"" rel=""nofollow"">Sprout Social</a>",https://x.com/LtClinics/status/1603404599817392129,False,False,2026-04-07T17:45:56.229376+00:00
1603119854973698049,wegovy_weight,wegovy,weight,2022-12-14T20:08:52+00:00,azraelfallen,joepink,"@spottedhole Not that I'm aware of, one my friends did not have any survey and says he's down to 180 pounds on wegovy  and remarked that he had last been at 180 when he was 12 years old.",en,1,0,0,0,,"<a href=""http://twitter.com/download/android"" rel=""nofollow"">Twitter for Android</a>",https://x.com/azraelfallen/status/1603119854973698049,False,True,2026-04-07T17:45:56.229376+00:00
1603047811179855873,wegovy_weight,wegovy,weight,2022-12-14T15:22:36+00:00,drrudybestlife,Dr. Rudy Best Life,"TikTok influencers are now sharing how much weight they lost using Tirzepatide injectables or Mounjaro. Many said the drug Also helps them manage their blood glucose levels and avoid dangerous complications. 

#mounjaro #wegovy #ozempic #tirzepatide #semaglutide #weightloss https://t.co/xDNEBt9d8Y",en,0,1,0,0,,"<a href=""https://mobile.twitter.com"" rel=""nofollow"">Twitter Web App</a>",https://x.com/drrudybestlife/status/1603047811179855873,False,False,2026-04-07T17:45:56.229376+00:00
1602989657544876041,wegovy_weight,wegovy,weight,2022-12-14T11:31:31+00:00,JohnTha03266269,LegLockLargo,@BowTiedUM I'm on semaglutide for insulin resistance. I was hoping you were gonna say anything but appetite suppression lol,en,0,0,1,0,,"<a href=""http://twitter.com/download/android"" rel=""nofollow"">Twitter for Android</a>",https://x.com/JohnTha03266269/status/1602989657544876041,False,True,2026-04-07T17:45:56.229376+00:00
1602810978894319616,wegovy_weight,wegovy,weight,2022-12-13T23:41:30+00:00,doctorkellman,Dr. Raphael Kellman M.D.,Don’t wait to put losing weight on your list of New Year’s Resolutions. Wegovy targets areas of the brain that regulate appetite and food intake – so you can lose weight even during the holidays. Call us at (212) 717-1118 or visit us online at https://t.co/DKYXMNiqKy https://t.co/UkxBtyCc8G,en,0,0,0,0,,"<a href=""http://erased7656337_wuL3dnhxLU.com"" rel=""nofollow"">erased7656337_wuL3dnhxLU</a>",https://x.com/doctorkellman/status/1602810978894319616,False,False,2026-04-07T17:45:56.229376+00:00
1602795105013960705,wegovy_weight,wegovy,weight,2022-12-13T22:38:26+00:00,DSilly1982,geriatricfaker,@DaveEDanna I recommend Wegovy to supplement your exercise.  I lost 40 lbs without trying.  Good luck feel free to ask Qs,en,0,0,0,0,,"<a href=""http://twitter.com/download/iphone"" rel=""nofollow"">Twitter for iPhone</a>",https://x.com/DSilly1982/status/1602795105013960705,False,True,2026-04-07T17:45:56.229376+00:00
1602736043417296898,wegovy_weight,wegovy,weight,2022-12-13T18:43:44+00:00,SissyHand,Sissy Curto,I’m 125lbs. Only ten to fifteen more lbs to go! Started at 132. 💃🏻🙌🏻 I think the semaglutide is helping. The nausea is killer! I’m on week two. Once I get to 115 I’ll reassess.,en,1,0,2,0,,"<a href=""http://twitter.com/download/iphone"" rel=""nofollow"">Twitter for iPhone</a>",https://x.com/SissyHand/status/1602736043417296898,False,False,2026-04-07T17:45:56.229376+00:00
1602615838817005568,wegovy_weight,wegovy,weight,2022-12-13T10:46:05+00:00,sovereignpath,Sovereign Path,"@citizenkawala He was definitely doing a gut suck on the boat that made his torso look weird. He's lost weight now through intermittent fasting and Wegovy, a brand of semaglutide that helps manage diabetes.",en,0,0,0,0,,"<a href=""https://mobile.twitter.com"" rel=""nofollow"">Twitter Web App</a>",https://x.com/sovereignpath/status/1602615838817005568,False,True,2026-04-07T17:45:56.229376+00:00
1602358912304517135,wegovy_weight,wegovy,weight,2022-12-12T17:45:09+00:00,OcoeeHW,Ocoee Health & Wellness,"Looking to loose a few extra pounds before 2023? Try Semaglutide Injection (Non-stimulant). Contact us today!

Ocoee Health &amp; Wellness
423-250-3833
https://t.co/RU4CMGBkGk
.
.
.
#OcoeeHealthandWellness #Cleveland #SelfCare #Health #MedSpa #Wellness #WellnessCenter #WeightLoss ... https://t.co/v45aGOd8J4",en,1,0,0,0,,"<a href=""https://www.cloudcampaign.com"" rel=""nofollow"">Cloud Campaign</a>",https://x.com/OcoeeHW/status/1602358912304517135,False,False,2026-04-07T17:45:56.229376+00:00
1602252300206182401,wegovy_weight,wegovy,weight,2022-12-12T10:41:31+00:00,Hessian_Mohd,حسين مطبقاني,"@DaveEDanna You can do it
You can also check with your doc for something called ""Semaglutide""
It's a diabetic drug they are prescribing to help with weight loss
It kills the appetite and helps you eat &amp; workout better.

Ever since going on it, I've lost weight eating only protein and greens. https://t.co/n8NuGAXeWv",en,1,2,9,0,,"<a href=""http://twitter.com/download/android"" rel=""nofollow"">Twitter for Android</a>",https://x.com/Hessian_Mohd/status/1602252300206182401,False,True,2026-04-07T17:45:56.229376+00:00
1601933343360417792,wegovy_weight,wegovy,weight,2022-12-11T13:34:06+00:00,ChrisGabel1,Chris Gabel,"@LoreofRunning1 I was considering Wegovy, but had just started keto &amp; realized it was all I needed. Down 70 lbs in 7 months.",en,0,0,2,0,,"<a href=""https://mobile.twitter.com"" rel=""nofollow"">Twitter Web App</a>",https://x.com/ChrisGabel1/status/1601933343360417792,False,True,2026-04-07T17:45:56.229376+00:00
1601567061909868545,wegovy_weight,wegovy,weight,2022-12-10T13:18:37+00:00,caramalizedoni1,Spreadsy,"@pretendtoo After being diagnosed with hypertension back in March, and weight peaking at 340 back in January, I have had great success with Whole30 and simulated ketosis via weekly semaglutide injections. 

I’m down below 260 now, with less than 40 lbs to go.",en,2,0,1,0,,"<a href=""http://twitter.com/download/iphone"" rel=""nofollow"">Twitter for iPhone</a>",https://x.com/caramalizedoni1/status/1601567061909868545,False,True,2026-04-07T17:45:56.229376+00:00
1601460127177084929,wegovy_weight,wegovy,weight,2022-12-10T06:13:42+00:00,NowMyNews,NowMyNews,"Patients who stop Wegovy regain the pounds in MONTHS
https://t.co/0QqLMlJOL1

#LatestNews https://t.co/ASwj1SA8CA",en,0,0,0,0,,"<a href=""https://www.spamchronicles.com/"" rel=""nofollow"">Nowmy Tweets</a>",https://x.com/NowMyNews/status/1601460127177084929,False,False,2026-04-07T17:45:56.229376+00:00
1601246959997972482,wegovy_weight,wegovy,weight,2022-12-09T16:06:39+00:00,KinshasaKimodo,Kinshasa,"@dariustahir @conorsen Yes, the STEP trial had exercise + calorie deficit but that calorie deficit happens naturally for the non-placebo group because semaglutide absolutely crunches appetite.",en,0,0,0,0,,"<a href=""http://twitter.com/download/iphone"" rel=""nofollow"">Twitter for iPhone</a>",https://x.com/KinshasaKimodo/status/1601246959997972482,False,True,2026-04-07T17:45:56.229376+00:00
1600929968254554146,wegovy_weight,wegovy,weight,2022-12-08T19:07:02+00:00,sac_isin,KyaKarogeJanKe,Patients who come off Wegovy pile the pounds back on in MONTHS - Daily Mail #health https://t.co/7hXDJMQwEM https://t.co/ySacFbNX47,en,0,0,0,0,,"<a href=""https://365newsx.com"" rel=""nofollow"">365newsx</a>",https://x.com/sac_isin/status/1600929968254554146,False,False,2026-04-07T17:45:56.229376+00:00
1600734227703947264,wegovy_weight,wegovy,weight,2022-12-08T06:09:14+00:00,JustJewels93,Just Julie,"I’m down 34.4 lbs since I started Mounjaro on August 4th, 2022. I was able to get one more month at the $25 price, but it may be the last time due to the shortage which is disappointing. My plan B is to find a way to get Wegovy and my plan C might be Victoza.",en,1,0,7,0,,"<a href=""http://twitter.com/download/iphone"" rel=""nofollow"">Twitter for iPhone</a>",https://x.com/JustJewels93/status/1600734227703947264,False,False,2026-04-07T17:45:56.229376+00:00
1600678403799416833,wegovy_weight,wegovy,weight,2022-12-08T02:27:25+00:00,ElaineLMSoM2015,Elaine Lewis,"@_Genevieves_ It’s semaglutide injections. All the reality show ladies with extra pounds like khloe and Kim, are doing it. Meg once again copying khloe kardashian",en,0,0,0,0,,"<a href=""http://twitter.com/#!/download/ipad"" rel=""nofollow"">Twitter for iPad</a>",https://x.com/ElaineLMSoM2015/status/1600678403799416833,False,True,2026-04-07T17:45:56.229376+00:00
1600629161147904000,wegovy_weight,wegovy,weight,2022-12-07T23:11:44+00:00,AZMedicalWeight,AZMedicalWeightCtrl,"New You before the New Year. Semaglutide $45 an injection (special price 1st 2 weeks). It will ensure weight loss, increase inches lost, reduce appetite &amp; more!
#blackdress #littleblackdress #semaglutide #loseweight #weightloss #arizona #avondale #phoenix #phoenixaz #goodyearaz https://t.co/ojuS2RoZKO",en,0,0,0,0,,"<a href=""https://mobile.twitter.com"" rel=""nofollow"">Twitter Web App</a>",https://x.com/AZMedicalWeight/status/1600629161147904000,False,False,2026-04-07T17:45:56.230372+00:00
1600627115141079046,wegovy_weight,wegovy,weight,2022-12-07T23:03:37+00:00,sharonkgilbert,Sharon K. Gilbert,"EXCLUSIVE: Is fat-loss drug Wegovy big pharma's latest con? Patients who come off the drug pile the pounds back on in MONTHS and need to take the injection for LIFE to keep weight off, studies show
via https://t.co/YJ753LHpqQ https://t.co/zqu6TEt2gy",en,0,3,2,0,,"<a href=""http://twitter.com/#!/download/ipad"" rel=""nofollow"">Twitter for iPad</a>",https://x.com/sharonkgilbert/status/1600627115141079046,False,False,2026-04-07T17:45:56.230372+00:00
1600622785507856384,wegovy_weight,wegovy,weight,2022-12-07T22:46:24+00:00,LeeRich1969,Lee Richland,@KenDBerryMD I was on Wegovy till August then found @KenDBerryMD  and stopped taking it. Lost 12 pounds in 5 months with Wegovy… lost 15 in 5 weeks with doing PHD and feel much better,en,0,0,4,0,,"<a href=""http://twitter.com/download/iphone"" rel=""nofollow"">Twitter for iPhone</a>",https://x.com/LeeRich1969/status/1600622785507856384,False,True,2026-04-07T17:45:56.230372+00:00
1600605324301504531,wegovy_weight,wegovy,weight,2022-12-07T21:37:01+00:00,lordsarcastico,Lord Sarcastico,"Patients who come off Wegovy pile the pounds back on in MONTHS https://t.co/nc1J62VPsy via @MailOnline 

""One expert told https://t.co/1gKqm9BwTw that use of the drug was a lifelong commitment""

That's the big pharma plan",en,0,0,0,0,,"<a href=""https://mobile.twitter.com"" rel=""nofollow"">Twitter Web App</a>",https://x.com/lordsarcastico/status/1600605324301504531,False,False,2026-04-07T17:45:57.149981+00:00
1600572512332648448,wegovy_weight,wegovy,weight,2022-12-07T19:26:38+00:00,overlandny,Overlanding,Patients who come off Wegovy pile the pounds back on in MONTHS https://t.co/s8m9KwUGOu,en,0,0,0,0,,"<a href=""http://publicize.wp.com/"" rel=""nofollow"">Jetpack.com</a>",https://x.com/overlandny/status/1600572512332648448,False,False,2026-04-07T17:45:57.149981+00:00
1600572203266883605,wegovy_weight,wegovy,weight,2022-12-07T19:25:25+00:00,aw_journal2021,Around World journal,Patients who come off Wegovy pile the pounds back on in MONTHS https://t.co/YwgLMVINGU,en,0,0,0,0,,"<a href=""http://publicize.wp.com/"" rel=""nofollow"">Jetpack.com</a>",https://x.com/aw_journal2021/status/1600572203266883605,False,False,2026-04-07T17:45:57.149981+00:00
1600564923221757952,wegovy_weight,wegovy,weight,2022-12-07T18:56:29+00:00,janesmith2207,Jane Smith,"Patients who come off Wegovy pile the pounds back on in MONTHS
 https://t.co/wsLkaydxAS",en,1,1,2,0,,"<a href=""http://twitter.com/download/iphone"" rel=""nofollow"">Twitter for iPhone</a>",https://x.com/janesmith2207/status/1600564923221757952,False,False,2026-04-07T17:45:57.149981+00:00
1600561279260798976,wegovy_weight,wegovy,weight,2022-12-07T18:42:00+00:00,CTR13203617,CTR,Patients who come off Wegovy pile the pounds back on in MONTHS https://t.co/2nbmZC8q2s,en,0,0,0,0,,"<a href=""http://publicize.wp.com/"" rel=""nofollow"">Jetpack.com</a>",https://x.com/CTR13203617/status/1600561279260798976,False,False,2026-04-07T17:45:57.149981+00:00
1600559488213417986,wegovy_weight,wegovy,weight,2022-12-07T18:34:53+00:00,ny_breaking,NY Breaking,Patients who come off Wegovy pile the pounds back on in MONTHS https://t.co/fVzpXGT7Lz,en,0,0,0,0,,"<a href=""http://publicize.wp.com/"" rel=""nofollow"">Jetpack.com</a>",https://x.com/ny_breaking/status/1600559488213417986,False,False,2026-04-07T17:45:57.149981+00:00
1600559429115682816,wegovy_weight,wegovy,weight,2022-12-07T18:34:39+00:00,usonlinepost,USA Online Post,Patients who come off Wegovy pile the pounds back on in MONTHS https://t.co/OeEK7xxgUz,en,0,0,0,0,,"<a href=""http://publicize.wp.com/"" rel=""nofollow"">Jetpack.com</a>",https://x.com/usonlinepost/status/1600559429115682816,False,False,2026-04-07T17:45:57.149981+00:00
1600558709402439680,wegovy_weight,wegovy,weight,2022-12-07T18:31:47+00:00,usonlinepost,USA Online Post,Patients who come off Wegovy pile the pounds back on in MONTHS https://t.co/0KWnAcT3Pn,en,0,0,0,0,,"<a href=""http://publicize.wp.com/"" rel=""nofollow"">Jetpack.com</a>",https://x.com/usonlinepost/status/1600558709402439680,False,False,2026-04-07T17:45:57.149981+00:00
1600554076168765485,wegovy_weight,wegovy,weight,2022-12-07T18:13:23+00:00,Wajeeha65827865,Wajeeha,Patients who come off Wegovy pile the pounds back on in MONTHS https://t.co/XtT74B91US,en,0,0,0,0,,"<a href=""http://publicize.wp.com/"" rel=""nofollow"">Jetpack.com</a>",https://x.com/Wajeeha65827865/status/1600554076168765485,False,False,2026-04-07T17:45:57.149981+00:00
1600553377137672203,wegovy_weight,wegovy,weight,2022-12-07T18:10:36+00:00,Pickasnews,Pickasnews,Patients who come off Wegovy pile the pounds back on in MONTHS https://t.co/yyN1FNljE9,en,0,0,0,0,,"<a href=""http://publicize.wp.com/"" rel=""nofollow"">Jetpack.com</a>",https://x.com/Pickasnews/status/1600553377137672203,False,False,2026-04-07T17:45:57.149981+00:00
1600552779583569940,wegovy_weight,wegovy,weight,2022-12-07T18:08:14+00:00,usonlinepost,USA Online Post,Patients who come off Wegovy pile the pounds back on in MONTHS https://t.co/gVEIv52uMQ,en,0,0,0,0,,"<a href=""http://publicize.wp.com/"" rel=""nofollow"">Jetpack.com</a>",https://x.com/usonlinepost/status/1600552779583569940,False,False,2026-04-07T17:45:57.149981+00:00
1600547817285730307,wegovy_weight,wegovy,weight,2022-12-07T17:48:31+00:00,DailyMailUK,Mail+,Patients who come off Wegovy pile the pounds back on in MONTHS https://t.co/bKJt3JOsOG,en,0,1,2,1,,"<a href=""http://www.socialflow.com"" rel=""nofollow"">SocialFlow</a>",https://x.com/DailyMailUK/status/1600547817285730307,False,False,2026-04-07T17:45:57.149981+00:00
1600547432659664918,wegovy_weight,wegovy,weight,2022-12-07T17:46:59+00:00,ny_breaking,NY Breaking,Patients who come off Wegovy pile the pounds back on in MONTHS https://t.co/oCkf5gidIs,en,0,0,0,0,,"<a href=""http://publicize.wp.com/"" rel=""nofollow"">Jetpack.com</a>",https://x.com/ny_breaking/status/1600547432659664918,False,False,2026-04-07T17:45:57.149981+00:00
1600546043506180121,wegovy_weight,wegovy,weight,2022-12-07T17:41:28+00:00,Daily_MailUS,Daily Mail US,Patients who come off Wegovy pile the pounds back on in MONTHS https://t.co/KBi3GeGUHk,en,0,0,4,0,,"<a href=""http://www.socialflow.com"" rel=""nofollow"">SocialFlow</a>",https://x.com/Daily_MailUS/status/1600546043506180121,False,False,2026-04-07T17:45:57.149981+00:00
1600545802287562757,wegovy_weight,wegovy,weight,2022-12-07T17:40:30+00:00,vale50plus,Vale50plus,Patients who come off Wegovy pile the pounds back on in MONTHS https://t.co/5njTCVLS1S,en,0,0,0,0,,"<a href=""http://publicize.wp.com/"" rel=""nofollow"">Jetpack.com</a>",https://x.com/vale50plus/status/1600545802287562757,False,False,2026-04-07T17:45:57.149981+00:00
1600543432530968585,wegovy_weight,wegovy,weight,2022-12-07T17:31:05+00:00,PophaleSamarth,Finnoexpert,Patients who come off Wegovy pile the pounds back on in MONTHS https://t.co/wxW3WPZbH8,en,0,0,0,0,,"<a href=""http://publicize.wp.com/"" rel=""nofollow"">Jetpack.com</a>",https://x.com/PophaleSamarth/status/1600543432530968585,False,False,2026-04-07T17:45:57.149981+00:00
1600543138812248070,wegovy_weight,wegovy,weight,2022-12-07T17:29:55+00:00,7new245,7news,Patients who come off Wegovy pile the pounds back on in MONTHS https://t.co/LWnKkIk155,en,0,0,0,0,,"<a href=""http://publicize.wp.com/"" rel=""nofollow"">Jetpack.com</a>",https://x.com/7new245/status/1600543138812248070,False,False,2026-04-07T17:45:57.149981+00:00
1600474501069737985,wegovy_weight,wegovy,weight,2022-12-07T12:57:11+00:00,Mike_M_Klotz,Michael Klotz,"@jobrl Once I get to a specific target weight I’m going to reintroduce lifting to my routine, and will be increasing protein intake at that time. 

The semaglutide primarily acts as an appetite suppressant, so my caloric intake (1k-1500) is significantly below what it used to be (2-2.3k",en,1,0,1,0,,"<a href=""https://mobile.twitter.com"" rel=""nofollow"">Twitter Web App</a>",https://x.com/Mike_M_Klotz/status/1600474501069737985,False,True,2026-04-07T17:45:57.149981+00:00
1600465606829932544,wegovy_weight,wegovy,weight,2022-12-07T12:21:50+00:00,tatsntanlines,"Stephanie, MPH, NRP (she/her)","@fyreman2006 Good to know, as I can't find Wegovy anywhere.  If this shortage continues I'm going to see if my doc can switch me.  So happy for your progress!  Now when will we see you at PG again? 🙂",en,2,0,1,0,,"<a href=""http://twitter.com/download/android"" rel=""nofollow"">Twitter for Android</a>",https://x.com/tatsntanlines/status/1600465606829932544,False,True,2026-04-07T17:45:57.149981+00:00
1600189617067524096,wegovy_weight,wegovy,weight,2022-12-06T18:05:09+00:00,Mike_M_Klotz,Michael Klotz,"My experience on Semaglutide, if anyone was curious.

1) compound pharmaceutical, not Ozempic

2) Dosing: 4 weeks at 1/4 dose, 4 weeks at 1/2 dose, then full dose

3) I’m 7 weeks in, still at half dose and barely off the 1/4 dose, and I’m down 11 pounds

Happy so far with results",en,6,0,16,0,,"<a href=""https://mobile.twitter.com"" rel=""nofollow"">Twitter Web App</a>",https://x.com/Mike_M_Klotz/status/1600189617067524096,False,False,2026-04-07T17:45:57.150978+00:00
1600070282764378113,wegovy_weight,wegovy,weight,2022-12-06T10:10:57+00:00,bode_maxwell,BodeMaxwell,@the_beardedsina The global shortage of the drug is proof positive that SEMAGLUTIDE is being prescribed by medical doctors beyond the narrow confines of diabetes. Just a week ago someone living Down Under told me of her friend who lost over 15kg after she got a mystery medication from her doctor.,en,0,3,8,0,,"<a href=""http://twitter.com/#!/download/ipad"" rel=""nofollow"">Twitter for iPad</a>",https://x.com/bode_maxwell/status/1600070282764378113,False,True,2026-04-07T17:45:58.175452+00:00
1600039541309550592,wegovy_weight,wegovy,weight,2022-12-06T08:08:48+00:00,the_beardedsina,The_Bearded_Dr_Sina,"The World of science celebrated a New drug SEMAGLUTIDE as a breakthrough in treatment of Diabetes

Available as Injections for Diabetic patients to control their Sugar 

The drug received praise for it being able to cause weight loss and reduce appetite",en,2,84,261,0,,"<a href=""https://mobile.twitter.com"" rel=""nofollow"">Twitter Web App</a>",https://x.com/the_beardedsina/status/1600039541309550592,False,True,2026-04-07T17:45:58.175452+00:00
1600004941166546944,wegovy_weight,wegovy,weight,2022-12-06T05:51:19+00:00,itisalljustalie,snow season ✞,@BowTiedLoon Today I saw a 20-something with a BMI of 34 who had previously lost significant weight but gained most of it back upon ceasing exercise and low carb diet. Wanted semaglutide. Lifestyle changes are a hard sell.,en,1,0,1,0,,"<a href=""https://mobile.twitter.com"" rel=""nofollow"">Twitter Web App</a>",https://x.com/itisalljustalie/status/1600004941166546944,False,True,2026-04-07T17:45:58.175452+00:00
1599880590647783425,wegovy_weight,wegovy,weight,2022-12-05T21:37:11+00:00,BSkyecruz,bskyecruz,"@XAVIAERD Passed all except the obese. But i am on week #2 of #wegovy &amp; already see progress! Except, I dont know what I would debate you on... Just here for the tea!",en,0,0,2,0,,"<a href=""http://twitter.com/download/android"" rel=""nofollow"">Twitter for Android</a>",https://x.com/BSkyecruz/status/1599880590647783425,False,True,2026-04-07T17:45:58.175452+00:00
1599842711036923904,wegovy_weight,wegovy,weight,2022-12-05T19:06:40+00:00,JasonTeslaQ,Jason S,@EdwardSmallhous @tslaqtwin He lost weight recently with injections called Wegovy. Didn’t know about the fake chin!,en,1,0,3,0,,"<a href=""http://twitter.com/download/iphone"" rel=""nofollow"">Twitter for iPhone</a>",https://x.com/JasonTeslaQ/status/1599842711036923904,False,True,2026-04-07T17:45:58.175452+00:00
1599788839047872512,wegovy_weight,wegovy,weight,2022-12-05T15:32:36+00:00,PacificTigerCo,Pacific Tiger Consulting,"#NovoNordisk lost valuable time establishing a beachhead with #Wegovy, in the lucrative #antiobesity market. Lilly is expected to launch, competing drug #Mounjaro in 2024 https://t.co/6lAATsziK6",en,0,0,0,0,,"<a href=""https://mobile.twitter.com"" rel=""nofollow"">Twitter Web App</a>",https://x.com/PacificTigerCo/status/1599788839047872512,False,False,2026-04-07T17:45:58.175452+00:00
1599758548157677568,wegovy_weight,wegovy,weight,2022-12-05T13:32:14+00:00,AndreasDettlaff,Andreas Dettlaff,"""Semaglutide Shines as Weight Loss Therapy
— ""Unprecedented results"" for patients with obesity lost an average 33.7 lb 68-week trial"" - -&gt; Our WAYT-less program averages 17.8 lbs in 4 weeks, per an internal patient study. That's Unprecedented! @NuImage_Medical #semaglutide",en,0,1,0,0,,"<a href=""https://mobile.twitter.com"" rel=""nofollow"">Twitter Web App</a>",https://x.com/AndreasDettlaff/status/1599758548157677568,False,False,2026-04-07T17:45:58.175452+00:00
1599562047410380802,wegovy_weight,wegovy,weight,2022-12-05T00:31:25+00:00,txvoodoo,Lisa Rowe 🏳️‍🌈💖💜💙,"@wtfomgwhy1 And that's a legit reason.

But there are many who are just on it now to take off a few extra pounds, encouraged by their docs, because insurers are denying wegovy claims for 'cosmetic weight loss'. So docs go offlabel for ozempic/trulicity.",en,1,0,0,0,,"<a href=""https://about.twitter.com/products/tweetdeck"" rel=""nofollow"">TweetDeck</a>",https://x.com/txvoodoo/status/1599562047410380802,False,False,2026-04-07T17:45:58.175452+00:00
1599436622654713856,wegovy_weight,wegovy,weight,2022-12-04T16:13:01+00:00,MartyManley,Marty Manley (Bluesky @martymanley),"How ⁦@novonordisk⁩ botched the rollout of obesity med #Wegovy, disappointed docs and patients, and opened door to competitor #Mounjaro. Danes thought small.

I hate magic pills, but I’ve lost 65 lbs in 4 mos on them, so don’t underforecast demand. https://t.co/alIE2Vyphu",en,0,0,1,0,,"<a href=""http://twitter.com/#!/download/ipad"" rel=""nofollow"">Twitter for iPad</a>",https://x.com/MartyManley/status/1599436622654713856,False,False,2026-04-07T17:45:58.175452+00:00
1599080499926142977,wegovy_weight,wegovy,weight,2022-12-03T16:37:55+00:00,Hacksaw94,RodneyBailey,"#Repost @TeleWellnessMD with @use.repost
With hard work, dedication and the help of wellness therapies from TeleWellnessMD, Rodney has lost over 200lbs and never felt better! 
#antiaging #semaglutide #semaglutideweightloss #wegovy #ozempicweightloss #nad #bpc https://t.co/UXZt1qtOMB",en,0,0,1,0,,"<a href=""http://twitter.com/download/iphone"" rel=""nofollow"">Twitter for iPhone</a>",https://x.com/Hacksaw94/status/1599080499926142977,False,False,2026-04-07T17:45:58.175452+00:00
1598866490035298305,wegovy_weight,wegovy,weight,2022-12-03T02:27:31+00:00,deckerlesscarbs,"Amanda Decker FNP-C, MHP, CKNS","This trend concerns me.There is a provider in my town, who in my opinion has lost all professional integrity, using compounded semaglutide. $100 a week.I want more access to obesity meds, but I want safe access. This is not it.",en,1,1,7,0,,"<a href=""http://twitter.com/download/iphone"" rel=""nofollow"">Twitter for iPhone</a>",https://x.com/deckerlesscarbs/status/1598866490035298305,False,False,2026-04-07T17:45:58.176449+00:00
1598785422880083972,wegovy_weight,wegovy,weight,2022-12-02T21:05:23+00:00,MichaelAlbertMD,"Michael Albert, MD","""Earlier this year, a provider called Tailor Made Compounding voluntarily recalled nearly 16,000 vials containing semaglutide and cyanocobalamin (a type of vitamin B) over “lack of assurance of sterility,” according to the FDA’s website.""
https://t.co/SYP4nqgd1E via @WSJ",en,2,6,18,1,,"<a href=""https://mobile.twitter.com"" rel=""nofollow"">Twitter Web App</a>",https://x.com/MichaelAlbertMD/status/1598785422880083972,False,False,2026-04-07T17:45:58.176449+00:00
1598687100517330944,wegovy_weight,wegovy,weight,2022-12-02T14:34:41+00:00,jareddashevsky,"Jared Dashevsky, MD, MEng 💌","@ESpacetime If you had IBD (colitis, crohns) you wouldn’t stop taking your medication just because you’re now asymptomatic. 

Doing so would cause dz exacerbation

Similarly, you wouldn’t stop taking semaglutide just bc you lost weight—obesity is a chronic disease just like IBD.",en,1,0,3,0,,"<a href=""http://twitter.com/download/iphone"" rel=""nofollow"">Twitter for iPhone</a>",https://x.com/jareddashevsky/status/1598687100517330944,False,True,2026-04-07T17:45:58.176449+00:00
1598501734506176517,wegovy_weight,wegovy,weight,2022-12-02T02:18:06+00:00,therealgutdoc,"Jeffrey Mark, M.D. | The Real Gut Doctor",33% men and 25% women in America are struggling with being overweight. End your weight lost struggle with semaglutide.  #gut #health #obesity #weightloss #appetitecontrol #appetitesuppressant #yoyodieting #fastresults #success #wellness #drmark #therealgutdoctor https://t.co/XZjmEJ8LSn,en,0,0,0,0,,"<a href=""https://www.canva.com"" rel=""nofollow"">Canva</a>",https://x.com/therealgutdoc/status/1598501734506176517,False,False,2026-04-07T17:45:58.176449+00:00
1598376696822042635,wegovy_weight,wegovy,weight,2022-12-01T18:01:15+00:00,SummerDietitian,Summer the Dietitian,Bet she could have left out the IF and low carb (if it was not enjoyable or easy to sustain for her) and still lost the weight with semaglutide to improve the A1C,en,2,0,1,0,,"<a href=""http://twitter.com/download/iphone"" rel=""nofollow"">Twitter for iPhone</a>",https://x.com/SummerDietitian/status/1598376696822042635,False,False,2026-04-07T17:45:58.176449+00:00
1598360083821461504,wegovy_weight,wegovy,weight,2022-12-01T16:55:14+00:00,DoctorTro,DoctorTro,"I have a patient who was able to come off of metformin, insulin &amp; glyburide while improving her a1c from 9.1 to 6.0 with low carb, intermittent fasting and semaglutide, she also lost 50lbs",en,15,18,244,2,,"<a href=""https://hypefury.com"" rel=""nofollow"">Hypefury</a>",https://x.com/DoctorTro/status/1598360083821461504,False,False,2026-04-07T17:45:58.176449+00:00
1598361713044340737,wegovy_weight,wegovy,weight,2022-12-01T17:01:43+00:00,integrity_md,Integrity Wellness MD,"On average, a trial of people showed participants able to lose over 15% of their starting body weight from using #semaglutide over about 15 months. 

Our Semaglutide program help you ease that struggle of losing a few pounds. Learn more:
https://t.co/U6kPq15dPr https://t.co/PQQAQ2Ym4i",en,0,0,0,0,,"<a href=""https://www.hootsuite.com"" rel=""nofollow"">Hootsuite Inc.</a>",https://x.com/integrity_md/status/1598361713044340737,False,False,2026-04-07T17:45:58.176449+00:00
1598200765918560256,wegovy_weight,wegovy,weight,2022-12-01T06:22:10+00:00,Drdrdavidkim,"David Kim, MD, PhD, MBA",Why don't docs offer patients struggling with weight management #GLP1Agonists? Average weight loss about 30 lbs with #Wegovy and 4 inches off your waist. #drdrdskim #obgyn #womenshealth #CedarsSinai,en,1,0,0,0,,"<a href=""https://mobile.twitter.com"" rel=""nofollow"">Twitter Web App</a>",https://x.com/Drdrdavidkim/status/1598200765918560256,False,False,2026-04-07T17:45:58.176449+00:00
1598127995843407872,wegovy_weight,wegovy,weight,2022-12-01T01:33:00+00:00,naren_dr1103,Enaar,"Semaglutide, a weekly injection that helps  a type of diabetics, also suppresses appetite, which leads to weight loss. Stories of celebrities on SM using the drug off-label to lose a few pounds have led to an explosion of interest. And now diabetics  are having trouble finding it",en,1,1,8,0,,"<a href=""http://twitter.com/download/android"" rel=""nofollow"">Twitter for Android</a>",https://x.com/naren_dr1103/status/1598127995843407872,False,False,2026-04-07T17:45:58.176449+00:00
1598078955256512523,wegovy_weight,wegovy,weight,2022-11-30T22:18:08+00:00,TxEliteHealthOn,Elite Health Online,"How does Semaglutide work in the body? When Semaglutide is taken, it causes the body to release more GLP-I, which leads to a decrease in appetite and an increase in metabolism. Contact us at Elite Health Online for more information. https://t.co/OOPaWXUk0L https://t.co/IoAkba4CcN",en,0,0,0,0,,"<a href=""https://app.sendible.com"" rel=""nofollow"">Sendible</a>",https://x.com/TxEliteHealthOn/status/1598078955256512523,False,False,2026-04-07T17:45:58.176449+00:00
1597769428678348800,wegovy_weight,wegovy,weight,2022-11-30T01:48:11+00:00,mariaadiss,mar,"@yungroro561 It doesn’t work. If you wanna legit drop the weight you gotta supress your appetite, I lost my weight by taking semaglutide",en,0,0,0,0,,"<a href=""http://twitter.com/download/iphone"" rel=""nofollow"">Twitter for iPhone</a>",https://x.com/mariaadiss/status/1597769428678348800,False,True,2026-04-07T17:45:58.176449+00:00
1597705625290805248,wegovy_weight,wegovy,weight,2022-11-29T21:34:39+00:00,vken1012,••valerie••,"@Ieondechino How good is your insurance? Metformin, WeGovy, Mounjaro etc. I’ve been on it for about 3 months down 20 lbs",en,1,0,0,0,,"<a href=""http://twitter.com/download/iphone"" rel=""nofollow"">Twitter for iPhone</a>",https://x.com/vken1012/status/1597705625290805248,False,False,2026-04-07T17:45:59.761937+00:00
1597249424308473857,wegovy_weight,wegovy,weight,2022-11-28T15:21:52+00:00,Flangyman,Carl O'Neill,"@KokeshiMoon I've been prescribed this for 12 months now, one injection per week and I'm down 55 pounds,          Semaglutide the miracle drug, I'll worry about side effects later 😂 https://t.co/LO23u4DulT",en,1,0,1,0,,"<a href=""https://mobile.twitter.com"" rel=""nofollow"">Twitter Web App</a>",https://x.com/Flangyman/status/1597249424308473857,False,True,2026-04-07T17:45:59.761937+00:00
1597041573421715457,wegovy_weight,wegovy,weight,2022-11-28T01:35:57+00:00,evan_thayer,Evan,"@tszzl Semaglutide isn’t ready for prime time. I was on it for 4 months and threw up almost daily.  I lost weight for sure but it may have been due to 120 days of nausea, constipation, and dehydration.  Was your experience different?",en,0,0,0,0,,"<a href=""http://twitter.com/download/iphone"" rel=""nofollow"">Twitter for iPhone</a>",https://x.com/evan_thayer/status/1597041573421715457,False,True,2026-04-07T17:45:59.761937+00:00
1595794957394399234,wegovy_weight,wegovy,weight,2022-11-24T15:02:20+00:00,gabiebythesea,Gabie Caballero (she/her/hers),Week 2 on semaglutide and I can’t eat much at all. Thanksgiving is ruined! I guess I better hangout at the beach 🏝️ instead https://t.co/Vhg0IIJde0,en,1,0,5,0,,"<a href=""http://twitter.com/download/iphone"" rel=""nofollow"">Twitter for iPhone</a>",https://x.com/gabiebythesea/status/1595794957394399234,False,False,2026-04-07T17:45:59.761937+00:00
1595426819947257863,wegovy_weight,wegovy,weight,2022-11-23T14:39:30+00:00,surgerychick,causesdiscomfort👩🏾‍⚕️🙅🏾‍♀️,@smstreit Agreed. I have lost 70lbs with a combo of @E2Mfitness and wegovy.,en,0,0,1,0,,"<a href=""http://twitter.com/download/iphone"" rel=""nofollow"">Twitter for iPhone</a>",https://x.com/surgerychick/status/1595426819947257863,False,True,2026-04-07T17:45:59.761937+00:00
1595057892016943105,wegovy_weight,wegovy,weight,2022-11-22T14:13:30+00:00,lovseniors,Beth,"@ElieJarrougeMD I was on increasing doses of Semaglutide for weight loss. It’s not a quick fix. I was very dedicated and lost an a stage of  5 pounds per month. You feel less hunger, and enjoy better foods such as salads, beans, eggs, meats, fish. As soon as I stopped using it, I regained.",en,1,0,0,0,,"<a href=""http://twitter.com/download/iphone"" rel=""nofollow"">Twitter for iPhone</a>",https://x.com/lovseniors/status/1595057892016943105,False,True,2026-04-07T17:45:59.761937+00:00
1595055592745345028,wegovy_weight,wegovy,weight,2022-11-22T14:04:22+00:00,InShapeMDSA,InShapeMDSanAngelo,"At #InShapeMDTX, we offer a variety of medical weight loss programs. 
We offer Semaglutide, HCG, Appetite Suppressants and more, starting at $349. 

If you’re looking to drop those last few pounds before your next big event, give us a call and schedule an appointment to come d https://t.co/EPJzw3TDV0",en,0,0,1,0,,"<a href=""http://socialappsnow.com"" rel=""nofollow"">Social Apps Now</a>",https://x.com/InShapeMDSA/status/1595055592745345028,False,False,2026-04-07T17:45:59.761937+00:00
1594809360126976016,wegovy_weight,wegovy,weight,2022-11-21T21:45:56+00:00,RedHanded99,Missy ❤️🇺🇸❤️,"@GioBruno1600 Wegovy. I’m down 90 lbs and counting. Horrible side effects. But, that’s my secret. 🤫",en,0,0,0,0,,"<a href=""http://twitter.com/download/iphone"" rel=""nofollow"">Twitter for iPhone</a>",https://x.com/RedHanded99/status/1594809360126976016,False,True,2026-04-07T17:45:59.761937+00:00
1594764557511143424,wegovy_weight,wegovy,weight,2022-11-21T18:47:54+00:00,SyncMediaNetwor,Sync Media Network,"He mentions a story about Khloe Kardashian saying “The larger girl Khloe…” and adds “… she’s always had a problem with weight and now she’s ripped.”
she uses “Semaglutide” injections to lose weight. “Semaglutides” are a weight-management injection that helps reduce appetite.",en,0,1,1,0,,"<a href=""https://mobile.twitter.com"" rel=""nofollow"">Twitter Web App</a>",https://x.com/SyncMediaNetwor/status/1594764557511143424,False,True,2026-04-07T17:45:59.761937+00:00
1594716695494815744,wegovy_weight,wegovy,weight,2022-11-21T15:37:43+00:00,RedHanded99,Missy ❤️🇺🇸❤️,"@GioBruno1600 All of them. Name a diet, I tried it. Went on wegovy a year ago. I’m down 90 lbs.",en,0,0,0,0,,"<a href=""http://twitter.com/download/iphone"" rel=""nofollow"">Twitter for iPhone</a>",https://x.com/RedHanded99/status/1594716695494815744,False,True,2026-04-07T17:45:59.761937+00:00
1594408683265732614,wegovy_weight,wegovy,weight,2022-11-20T19:13:47+00:00,grneyegirl2,Bodies By Design Weight Loss,"Now offering Semaglutide via telehealth!! Get started for only $299! Includes Telehealth Exam, Individualized Diet, One on One Counseling, 24 Hour Support, 2 ml vial Semaglutide, Syringes and Shipping!!! See how you can lose up to 3-5 lbs per week!! https://t.co/qcTecwHJxn https://t.co/sDS1zAp9Jo",en,0,0,0,0,,"<a href=""http://twitter.com/download/iphone"" rel=""nofollow"">Twitter for iPhone</a>",https://x.com/grneyegirl2/status/1594408683265732614,False,False,2026-04-07T17:45:59.761937+00:00
1593662182687842304,wegovy_weight,wegovy,weight,2022-11-18T17:47:27+00:00,InfinitusCap,Infinitus Capital,"@VolatilityWiz he's down &gt; 30 pounds so far bc of Ozempic and Wegovy

short $WW with both hands

Jenny Craig too

.",en,0,0,1,0,,"<a href=""https://about.twitter.com/products/tweetdeck"" rel=""nofollow"">TweetDeck</a>",https://x.com/InfinitusCap/status/1593662182687842304,False,True,2026-04-07T17:45:59.761937+00:00
1593536884734849025,wegovy_weight,wegovy,weight,2022-11-18T09:29:34+00:00,MayankBangia,Mayank Bangia,"Semaglutide is the medication used by Elon Musk for weight management.

It reduces food intake by lowering appetite and slowing down digestion in the stomach, helping to reduce body fat.",en,0,0,0,0,,"<a href=""http://twitter.com/download/android"" rel=""nofollow"">Twitter for Android</a>",https://x.com/MayankBangia/status/1593536884734849025,False,False,2026-04-07T17:45:59.761937+00:00
1593468925911744513,wegovy_weight,wegovy,weight,2022-11-18T04:59:31+00:00,NutritionTrain,Dustin,"#Mounjaro, #Ozempic, and #Wegovy show some great weight loss somewhere between 15-22% of total body weight over 16 months, which comes out to be 35-50 pounds (2-3 pounds a month). We hope with expert nutrition plans, exercise plans, and support to help lose 100+ a year #diet",en,0,0,0,0,,"<a href=""http://twitter.com/download/iphone"" rel=""nofollow"">Twitter for iPhone</a>",https://x.com/NutritionTrain/status/1593468925911744513,False,False,2026-04-07T17:45:59.761937+00:00
1593413696008736774,wegovy_weight,wegovy,weight,2022-11-18T01:20:03+00:00,PinkPopsicles0,Sprinkles,@gcaballeroinchi @MarvelousCloud Have u lost any more weight with semaglutide?,en,1,0,1,0,,"<a href=""http://twitter.com/download/iphone"" rel=""nofollow"">Twitter for iPhone</a>",https://x.com/PinkPopsicles0/status/1593413696008736774,False,True,2026-04-07T17:45:59.761937+00:00
1593362372520992774,wegovy_weight,wegovy,weight,2022-11-17T21:56:07+00:00,therealgutdoc,"Jeffrey Mark, M.D. | The Real Gut Doctor",Struggling to lose weight in a healthy way? We can help you curb your appetite and rid the stubborn fat with natural peptides. #gut #health #weightloss #diet #semaglutide #peptide #BPC #CJC #ipamorelin #therealgutdoctor https://t.co/MT0WxVlLSG,en,0,0,1,0,,"<a href=""https://www.canva.com"" rel=""nofollow"">Canva</a>",https://x.com/therealgutdoc/status/1593362372520992774,False,False,2026-04-07T17:45:59.762934+00:00
1593316804612399105,wegovy_weight,wegovy,weight,2022-11-17T18:55:03+00:00,AgelessMedSpa2,Ageless Expressions MedSpa,"Ageless Expression MedSpa now offers Semaglutide— a weight loss medication that has been FDA-approved and has delivered safe and effective results for years. Patients can lose about 3-5 pounds per week, with a once weekly injection. To learn more, call 720-248-9992! 

#weightloss https://t.co/ntO8FcfK7y",en,1,0,0,0,,"<a href=""https://app.sendible.com"" rel=""nofollow"">Sendible</a>",https://x.com/AgelessMedSpa2/status/1593316804612399105,False,False,2026-04-07T17:45:59.762934+00:00
1593170169110867968,wegovy_weight,wegovy,weight,2022-11-17T09:12:22+00:00,morphoice,MORPHOICΞ,Anyone tried semaglutide injections to help with weight loss before? Apparently a thing in Hollywood. Ima give it a try to get rid of the last few pounds I guess. I’m down 14kg but It’s getting harder and harder to continue. Stage body required,en,3,0,2,0,,"<a href=""http://twitter.com/#!/download/ipad"" rel=""nofollow"">Twitter for iPad</a>",https://x.com/morphoice/status/1593170169110867968,False,False,2026-04-07T17:45:59.762934+00:00
1593063265957216256,wegovy_weight,wegovy,weight,2022-11-17T02:07:34+00:00,NilTaskin,Linda Nil Taskin,Elon Musk lost 30 lbs by #fasting and #Ozempic/#Wegovy  👇,en,1,0,1,0,,"<a href=""https://mobile.twitter.com"" rel=""nofollow"">Twitter Web App</a>",https://x.com/NilTaskin/status/1593063265957216256,False,False,2026-04-07T17:45:59.762934+00:00
1592768518050574336,wegovy_weight,wegovy,weight,2022-11-16T06:36:21+00:00,elonmusk,Elon Musk,@teslaownersSV @chicago_glenn @ianmiles @dcherring @nichegamer Fasting + Ozempic/Wegovy + no tasty food near me,en,532,244,3994,152,,"<a href=""http://twitter.com/download/iphone"" rel=""nofollow"">Twitter for iPhone</a>",https://x.com/elonmusk/status/1592768518050574336,False,True,2026-04-07T17:45:59.762934+00:00
1592921918621220864,wegovy_weight,wegovy,weight,2022-11-16T16:45:55+00:00,Mrmaybe14,Mrmaybe,@jackbootedthot I'm on mounjaro which is a similiar med and lost like 25 pounds on it...it's been life changing.  Unfortunately ill have to switch to wegovy or something else since there are issues with getting mounjaro now.  I don't think my insurance covers any of these...,en,0,0,1,0,,"<a href=""http://twitter.com/download/android"" rel=""nofollow"">Twitter for Android</a>",https://x.com/Mrmaybe14/status/1592921918621220864,False,True,2026-04-07T17:45:59.762934+00:00
1592891669292421121,wegovy_weight,wegovy,weight,2022-11-16T14:45:43+00:00,Fuzzy_Reasoning,Fuzzy 🇺🇸,"@elonmusk @teslaownersSV @chicago_glenn @ianmiles @dcherring @nichegamer Is Wegovy legit? 

I get Tony Robbins vibes from the landing page. (I came in 2nd place in an art contest for him as kid, he was using us for free marketing)

But, damn do I need to loose 30 lbs.",en,6,0,6,0,,"<a href=""http://twitter.com/download/iphone"" rel=""nofollow"">Twitter for iPhone</a>",https://x.com/Fuzzy_Reasoning/status/1592891669292421121,False,True,2026-04-07T17:46:00.734248+00:00
1592881023259246592,wegovy_weight,wegovy,weight,2022-11-16T14:03:24+00:00,InShapeMDSA,InShapeMDSanAngelo,"Semaglutide, the newest FDA-approved weight loss drug on the market, increases energy and boosts immunity while suppressing your appetite. 🍏

Looking for more information about how to jump-start your weight loss journey?
Come down to the clinic at 3270 Sherwood Way, San Angelo https://t.co/taulExF50o",en,0,0,1,0,,"<a href=""http://socialappsnow.com"" rel=""nofollow"">Social Apps Now</a>",https://x.com/InShapeMDSA/status/1592881023259246592,False,False,2026-04-07T17:46:00.734248+00:00
1592872165191217153,wegovy_weight,wegovy,weight,2022-11-16T13:28:12+00:00,DoctorTro,DoctorTro,"I have a patient who was able to come off of metformin, insulin &amp; glyburide while improving her a1c from 9.1 to 6.0 with low carb, intermittent fasting and semaglutide, she also lost 50lbs",en,15,28,336,3,,"<a href=""http://twitter.com/download/iphone"" rel=""nofollow"">Twitter for iPhone</a>",https://x.com/DoctorTro/status/1592872165191217153,False,False,2026-04-07T17:46:00.734248+00:00
1592871921741332480,wegovy_weight,wegovy,weight,2022-11-16T13:27:14+00:00,BVR58915778,Here’s looking at you kid,@elonmusk @teslaownersSV @chicago_glenn @ianmiles @dcherring @nichegamer Wow yes! Semaglutide is the way to go. I didn’t have a lot to lose but that was the only thing that helped me lose 14 pounds. I’m back to my Pre-COVID weight,en,1,0,0,0,,"<a href=""http://twitter.com/#!/download/ipad"" rel=""nofollow"">Twitter for iPad</a>",https://x.com/BVR58915778/status/1592871921741332480,False,True,2026-04-07T17:46:00.734248+00:00
1592863103150362624,wegovy_weight,wegovy,weight,2022-11-16T12:52:12+00:00,h_artsNcrafts,Ivy Nice,@elonmusk @teslaownersSV @chicago_glenn @ianmiles @dcherring @nichegamer Wegovy may predispose you to thyroid and pancreatic cancers. Don't get trapped by big pharma and our unsafe FDA. You look great either way! Even with the added 30 pounds. 😊 How you feel is what matters the most 💕,en,0,0,0,0,,"<a href=""http://twitter.com/download/android"" rel=""nofollow"">Twitter for Android</a>",https://x.com/h_artsNcrafts/status/1592863103150362624,False,True,2026-04-07T17:46:00.734248+00:00
1592851519518670850,wegovy_weight,wegovy,weight,2022-11-16T12:06:10+00:00,bradsferguson,Bradford Ferguson,"🚫DON’T watch this video if you want to understand the weight loss drug that Elon is taking
.
I started taking wegovy last December, than I switched to mounjaro 4 months ago. Combined I’ve lost 55 pounds and the drugs made it fairly easy imo ymmv nma
.
👉https://t.co/gagxdYhJa4👈 https://t.co/asbBViYhwW",en,3,1,7,0,,"<a href=""http://twitter.com/download/iphone"" rel=""nofollow"">Twitter for iPhone</a>",https://x.com/bradsferguson/status/1592851519518670850,False,False,2026-04-07T17:46:00.734248+00:00
1592851047831441409,wegovy_weight,wegovy,weight,2022-11-16T12:04:18+00:00,SallyBourliakas,Sally Bourliakas 💙,"@Sunny_Rae1 @DrGrahamLJ @IndependentSage @COVID19_LHW @Dr_D_Robertson @resiapretorius Costachodritis from hyperparathyroidism though as had 10 years all bones tender especially chest/spine.

General inflammation markers in blood &amp; pre diabetes sugar /lipid high. So getting weekly injection of Semaglutide to control appetite &amp; loose. weight gained by incapacity.",en,0,0,1,0,,"<a href=""http://twitter.com/download/iphone"" rel=""nofollow"">Twitter for iPhone</a>",https://x.com/SallyBourliakas/status/1592851047831441409,False,True,2026-04-07T17:46:00.734248+00:00
1592850460633108480,wegovy_weight,wegovy,weight,2022-11-16T12:01:58+00:00,FieneDeborah,Deborah Fiene,@elonmusk @thevince @teslaownersSV @chicago_glenn @ianmiles @dcherring @nichegamer Wegovy + Fasting.  Lost 50 lbs🙌🏻 Feel Great!,en,0,0,0,0,,"<a href=""http://twitter.com/download/iphone"" rel=""nofollow"">Twitter for iPhone</a>",https://x.com/FieneDeborah/status/1592850460633108480,False,True,2026-04-07T17:46:00.734248+00:00
1592826094226673664,wegovy_weight,wegovy,weight,2022-11-16T10:25:08+00:00,SaveLibertyUS,Conservatism Prevents Tyranny,"@elonmusk @nichegamer @teslaownersSV @chicago_glenn @ianmiles @dcherring Hi Elon, your doctor really is still ok your taking wegovy?  Read the main page of https://t.co/Jz2fKTCgxc (the risks). I think you’ve lost more than enough weight.  You shouldn’t fast as often anymore.  You should eat tasty nutritious food w/ moderation when you aren’t fasting.",en,0,0,0,0,,"<a href=""http://twitter.com/download/iphone"" rel=""nofollow"">Twitter for iPhone</a>",https://x.com/SaveLibertyUS/status/1592826094226673664,False,True,2026-04-07T17:46:00.734248+00:00
1592786437044580352,wegovy_weight,wegovy,weight,2022-11-16T07:47:33+00:00,TarunMalayaMish,"Dr Tarun M Mishra , UNRESERVED",@Baidyan83900156 People is US r bingeing on Semaglutide for shedding the pounds. Long term side effects unknown.,en,0,0,1,0,,"<a href=""http://twitter.com/download/android"" rel=""nofollow"">Twitter for Android</a>",https://x.com/TarunMalayaMish/status/1592786437044580352,False,True,2026-04-07T17:46:00.734248+00:00
1592687624824967168,wegovy_weight,wegovy,weight,2022-11-16T01:14:55+00:00,gabiebythesea,Gabie Caballero (she/her/hers),@MarvelousCloud I got my first semaglutide injection today. I’ve been nauseated all day. I’m down 2.2 lbs from last week with an adjustment to my nutrition but without medication. I just want try semaglutide to curb my appetite and cravings. Congrats on your loss!,en,4,0,4,0,,"<a href=""http://twitter.com/download/iphone"" rel=""nofollow"">Twitter for iPhone</a>",https://x.com/gabiebythesea/status/1592687624824967168,False,True,2026-04-07T17:46:00.734248+00:00
1592650762378960896,wegovy_weight,wegovy,weight,2022-11-15T22:48:26+00:00,LecksLuthor,meagan leckie,"@chicago_glenn @elonmusk He's taking a drug for diabetics that causes rapid weight loss. Wegovy I think, Kim K and other celebs do the same when they want to drop lbs. Just some info for anyone comparing their weight loss struggles to celebs.",en,1,0,1,0,,"<a href=""http://twitter.com/download/android"" rel=""nofollow"">Twitter for Android</a>",https://x.com/LecksLuthor/status/1592650762378960896,False,False,2026-04-07T17:46:00.735245+00:00
1592647340820602881,wegovy_weight,wegovy,weight,2022-11-15T22:34:50+00:00,sivori,Sivori,"Semaglutide is huge. Novo Nordisk aims to more than triple sales of its obesity drugs (Wegovy) by 2025. 

Clinical testing showed trial participants given Wegovy lost, on average, 12% of their baseline body weight compared to those who received placebo.",en,1,0,3,1,,"<a href=""http://twitter.com/download/iphone"" rel=""nofollow"">Twitter for iPhone</a>",https://x.com/sivori/status/1592647340820602881,False,False,2026-04-07T17:46:00.735245+00:00
1592639322561605635,wegovy_weight,wegovy,weight,2022-11-15T22:02:58+00:00,PaulSkallas,LindyMan,Elon looks thinner. Looks like that new diet drug works. https://t.co/2PfghIAV28,en,15,3,284,3,,"<a href=""https://mobile.twitter.com"" rel=""nofollow"">Twitter Web App</a>",https://x.com/PaulSkallas/status/1592639322561605635,False,False,2026-04-07T17:46:00.735245+00:00
1592147915962974208,wegovy_weight,wegovy,weight,2022-11-14T13:30:18+00:00,nootropicguy,NootBro,"More Plates More Dates (@Derek_Fitness) PED Stack:

• TRT (hormone replacement)
• Anti-Aging Vita Gel (skin aesthetics)
• Tadalafil (boners)
• Semaglutide (promising appetite supressant)",en,1,1,9,0,,"<a href=""https://mobile.twitter.com"" rel=""nofollow"">Twitter Web App</a>",https://x.com/nootropicguy/status/1592147915962974208,False,False,2026-04-07T17:46:00.735245+00:00
1591838191732281346,wegovy_weight,wegovy,weight,2022-11-13T16:59:34+00:00,kneeqeaux,нико,@FrenlyOfficer @also_ted @ElectionLegal He was using semaglutide which completely destroys your appetite and still somehow gained weight so I doubt it'd help,en,0,0,3,0,,"<a href=""https://mobile.twitter.com"" rel=""nofollow"">Twitter Web App</a>",https://x.com/kneeqeaux/status/1591838191732281346,False,True,2026-04-07T17:46:00.735245+00:00
1591226772040867840,wegovy_weight,wegovy,weight,2022-11-12T00:30:00+00:00,endocrinenetwrk,HCPLive Endocrinology,"“The results are amazing. For a person who is 5 foot, 5 inches tall and weighs 240 pounds, the average reduction in BMI equates to shedding about 40 pounds.”

STEP TEENS details benefits of semaglutide 2.4 mg in adolescent patient populations. 

https://t.co/CIt2IgZu2A

#Obesity",en,0,0,0,0,,"<a href=""https://about.twitter.com/products/tweetdeck"" rel=""nofollow"">TweetDeck</a>",https://x.com/endocrinenetwrk/status/1591226772040867840,False,False,2026-04-07T17:46:00.735245+00:00
1591128601201868800,wegovy_weight,wegovy,weight,2022-11-11T17:59:54+00:00,edgeworksZABABA,"""Hell awaits by my hand."" ~ Edgeward Reinterrier","@AngeCrying I think I lost like 5lb/mo on wegovy lol, apparently it's normal to drop 30% of your weight in a year on it
I don't think I qualify for it anymore if I get another blood exam tho pretty sure my cholesterol fell
it's perpetually backordered and I dropped abilify anyway",en,1,0,0,0,,"<a href=""https://mobile.twitter.com"" rel=""nofollow"">Twitter Web App</a>",https://x.com/edgeworksZABABA/status/1591128601201868800,False,True,2026-04-07T17:46:00.735245+00:00
1590916119535276035,wegovy_weight,wegovy,weight,2022-11-11T03:55:35+00:00,therealgutdoc,"Jeffrey Mark, M.D. | The Real Gut Doctor",Feel less hungry while losing weight naturally. #gut #health #natural #weightlossjourney #semaglutide #peptide #hunger #cravings #appetite #therealgutdoctor https://t.co/bvE42be8SJ,en,0,0,0,0,,"<a href=""https://www.canva.com"" rel=""nofollow"">Canva</a>",https://x.com/therealgutdoc/status/1590916119535276035,False,False,2026-04-07T17:46:00.735245+00:00
1590884838373937152,wegovy_weight,wegovy,weight,2022-11-11T01:51:17+00:00,TxEliteHealthOn,Elite Health Online,"Transformational weight loss drug Semaglutide is all the rage today. FDA-approved, this drug originally developed for diabetics is seeing people lose more than 30 lbs in short periods of time.  Watch Molecular and Cellular Biologist Makayla here: https://t.co/5kRtEmgdeW https://t.co/SMTjp59Gbj",en,0,0,0,0,,"<a href=""https://app.sendible.com"" rel=""nofollow"">Sendible</a>",https://x.com/TxEliteHealthOn/status/1590884838373937152,False,False,2026-04-07T17:46:00.735245+00:00
1590631614719348736,wegovy_weight,wegovy,weight,2022-11-10T09:05:04+00:00,np_grwl,NP AGARWAL世界一フォローを目指しますAiming best in world.,"https://t.co/nmZd4Blj3r
A #drug called #semaglutide, which is approved for adults with #obesity or overweight, also helps adolescents shed pounds and have healthier hearts,",en,0,0,0,0,,"<a href=""http://twitter.com/download/android"" rel=""nofollow"">Twitter for Android</a>",https://x.com/np_grwl/status/1590631614719348736,False,False,2026-04-07T17:46:00.735245+00:00
1590628379119988739,wegovy_weight,wegovy,weight,2022-11-10T08:52:12+00:00,USAMedRes,U.S. Medical Research🇺🇸,"4/ risk of major cardiovascular events such as heart attack or stroke in type two diabetes patients. Semaglutide is a GLP-1 agonist and works by increasing insulin release, lowering the amount of glucagon released, delaying gastric emptying and reducing appetite.",en,1,1,1,0,,"<a href=""https://mobile.twitter.com"" rel=""nofollow"">Twitter Web App</a>",https://x.com/USAMedRes/status/1590628379119988739,False,True,2026-04-07T17:46:01.905514+00:00
1590626942939955201,wegovy_weight,wegovy,weight,2022-11-10T08:46:30+00:00,USAMedRes,U.S. Medical Research🇺🇸,"A drug called Semaglutide, which is approved for adults with obesity or overweight, also helps adolescents shed pounds and have healthier hearts. #Obesity affects almost one in five children &amp; adolescents worldwide. https://t.co/taBfp5VVrB",en,1,1,1,0,,"<a href=""https://mobile.twitter.com"" rel=""nofollow"">Twitter Web App</a>",https://x.com/USAMedRes/status/1590626942939955201,False,False,2026-04-07T17:46:01.905514+00:00
1590622233629630464,wegovy_weight,wegovy,weight,2022-11-10T08:27:47+00:00,rumapumpum,Rmp1,"@ShadiBartsch Kinda... Semaglutide is also FDA approved for treating obesity (ie weight loss is a 100% legitimate use of the drug). It works by slowing gastric emptying, but primarily by reducing neuroinflammation and suppressing appetite. It helps diabetics in part because it reduces appetite",en,1,0,0,0,,"<a href=""http://twitter.com/download/iphone"" rel=""nofollow"">Twitter for iPhone</a>",https://x.com/rumapumpum/status/1590622233629630464,False,False,2026-04-07T17:46:01.905514+00:00
1590526493712449536,wegovy_weight,wegovy,weight,2022-11-10T02:07:21+00:00,CoftheCosmos,Chronicles of the Cosmos,"3. You were told ""try XYZ fat-loss supplement""

There are no useful fat-loss supplements. The only 'fat burner' is the food you don't eat (requiring your body to burn stored fat).

The only exception might be something along the lines of semaglutide (an appetite suppressant).",en,1,0,0,0,,"<a href=""https://typefully.com/"" rel=""nofollow"">Typefully</a>",https://x.com/CoftheCosmos/status/1590526493712449536,False,True,2026-04-07T17:46:01.905514+00:00
1590447110016872448,wegovy_weight,wegovy,weight,2022-11-09T20:51:54+00:00,jacobbrody,Jacob Brody,"I have had half a dozen friends with BMIs under 27 ask how they can get a prescription for Ozempic/Mounjaro/Wegovy. 
These are not lifestyle drugs for people to lose a few pounds before a vacation or a wedding.",en,2,0,25,0,,"<a href=""https://mobile.twitter.com"" rel=""nofollow"">Twitter Web App</a>",https://x.com/jacobbrody/status/1590447110016872448,False,False,2026-04-07T17:46:01.905514+00:00
1590353151647191043,wegovy_weight,wegovy,weight,2022-11-09T14:38:33+00:00,MedPageEndo,MedPage Endocrinology,"A 1-mg dose of semaglutide (#Wegovy) weekly was better at maintaining weight than 3-mg liraglutide (#Saxenda) daily for patients who put on pounds after bariatric surgery, a retrospective study suggested at the #OW2022 annual meeting. @ObesitySociety 
https://t.co/zfhXRY3vlC",en,0,0,1,0,,"<a href=""https://mobile.twitter.com"" rel=""nofollow"">Twitter Web App</a>",https://x.com/MedPageEndo/status/1590353151647191043,False,False,2026-04-07T17:46:01.905514+00:00
1590338921170280449,wegovy_weight,wegovy,weight,2022-11-09T13:42:00+00:00,ValleyForgeWMC,Valley Forge Weight Management Center,"Semaglutide, which is approved for adults with obesity or overweight, also helps adolescents shed pounds and have healthier hearts, according to a new study. #medicalweightloss #valleyforgewmc https://t.co/FaKO31imvI https://t.co/TCx6YmADPl",en,0,0,0,0,,"<a href=""http://erased7656337_wuL3dnhxLU.com"" rel=""nofollow"">erased7656337_wuL3dnhxLU</a>",https://x.com/ValleyForgeWMC/status/1590338921170280449,False,False,2026-04-07T17:46:01.906511+00:00
1590138025799213057,wegovy_weight,wegovy,weight,2022-11-09T00:23:43+00:00,ben63147361,Ben Nichols,"@Tellit007 @Lpa_Doc @ProfSNicholls OK, thanks for the reply. What dose are you using? My wife is using 10 mg of the Mounjaro, She has lost over 30 pounds in ~5 mos, first with semaglutide at up to 1 mg/wk, then switch to terz mid August. Have not measured her ApoB since, b4 these was~70",en,1,0,1,0,,"<a href=""http://twitter.com/download/iphone"" rel=""nofollow"">Twitter for iPhone</a>",https://x.com/ben63147361/status/1590138025799213057,False,True,2026-04-07T17:46:01.906511+00:00
1590115394530193408,wegovy_weight,wegovy,weight,2022-11-08T22:53:47+00:00,paultantk,Paul Tan,if you take drugs like semaglutide or liraglutide which has significant appetite suppressing effects during bulan puasa. is your fast still valid? since its like a cheat code to make fasting much easier.,en,2,1,9,0,,"<a href=""http://twitter.com/download/iphone"" rel=""nofollow"">Twitter for iPhone</a>",https://x.com/paultantk/status/1590115394530193408,False,False,2026-04-07T17:46:01.906511+00:00
1590039173951819779,wegovy_weight,wegovy,weight,2022-11-08T17:50:55+00:00,ZaftigEnigma,🐈‍⬛📿Erie💞Angel🧴😷,"HELLO, to my few followers. I haven't been very active on twitter,So an update.
Lyphadema is gone, Wegovy helps body feel &amp; fnx better. Lost~50lbs this yr. 
Liver stable
Damage to low spine-legs is worse but I'm still able to walk. ~10yrs past when Dr said I'd be in wheelchair.",en,0,0,0,0,,"<a href=""http://twitter.com/download/android"" rel=""nofollow"">Twitter for Android</a>",https://x.com/ZaftigEnigma/status/1590039173951819779,False,False,2026-04-07T17:46:01.906511+00:00
1589779550149685248,wegovy_weight,wegovy,weight,2022-11-08T00:39:16+00:00,miraREMEL,Big Mama Ky,@unLEESH_daDragn I’m on that glipizide and Ozempic. We finna try the new weight loss drug Mounjaro. I was still on Wegovy when I took this pic. I miss it because i lost a good bit of weight.,en,1,0,0,0,,"<a href=""http://twitter.com/download/iphone"" rel=""nofollow"">Twitter for iPhone</a>",https://x.com/miraREMEL/status/1589779550149685248,False,True,2026-04-07T17:46:01.906511+00:00
1589747021367627776,wegovy_weight,wegovy,weight,2022-11-07T22:30:00+00:00,MedscapeNurses,Medscape Nurses,"STEP TEENS trial results of once-weekly subcutaneous semaglutide in adolescents with obesity were amazing. ""For a person who is 5' 5"" tall and weighs 240 pounds, the average reduction in BMI equates to shedding about 40 pounds."" #OW2022 #NurseTwitter https://t.co/FwfGhdgIId",en,0,0,0,0,,"<a href=""https://prod2.sprinklr.com"" rel=""nofollow"">Sprinklr Publisher</a>",https://x.com/MedscapeNurses/status/1589747021367627776,False,False,2026-04-07T17:46:01.906511+00:00
1589602299902849024,wegovy_weight,wegovy,weight,2022-11-07T12:54:56+00:00,primarycare7,Jane Watson,"A #drug called #semaglutide  , which is approved for adults with obesity or overweight, also helps adolescents shed pounds and have healthier hearts.
Visit the journal: https://t.co/vZCo3HdA1C
#health #HealthyNation https://t.co/tMSzibbZIW",en,0,0,0,0,,"<a href=""https://mobile.twitter.com"" rel=""nofollow"">Twitter Web App</a>",https://x.com/primarycare7/status/1589602299902849024,False,False,2026-04-07T17:46:01.906511+00:00
1589267614336958464,wegovy_weight,wegovy,weight,2022-11-06T14:45:01+00:00,MedscapeStudent,Medscape Med Student,"STEP TEENS trial results of once-weekly subcutaneous semaglutide in adolescents with obesity were amazing. ""For a person who is 5' 5"" tall and weighs 240 pounds, the average reduction in BMI equates to shedding about 40 pounds."" #OW2022 #MedStudentTwitter https://t.co/kA0soiWiER",en,0,0,0,0,,"<a href=""https://prod2.sprinklr.com"" rel=""nofollow"">Sprinklr Publisher</a>",https://x.com/MedscapeStudent/status/1589267614336958464,False,False,2026-04-07T17:46:01.906511+00:00
1589212869878497281,wegovy_weight,wegovy,weight,2022-11-06T11:07:28+00:00,fpizart,Freddy Pizart,"Medscape: STEP TEENS trial results of once-weekly subcutaneous semaglutide in adolescents with obesity were amazing. ""For a person who is 5' 5"" tall and weighs 240 pounds, the average reduction in BMI equates to shedding about 40 pounds."" #OW2022 #MedTwi… https://t.co/rVFYICVu1V",en,0,0,0,0,,"<a href=""https://ifttt.com"" rel=""nofollow"">IFTTT</a>",https://x.com/fpizart/status/1589212869878497281,False,False,2026-04-07T17:46:01.906511+00:00
1589212246353256448,wegovy_weight,wegovy,weight,2022-11-06T11:05:00+00:00,Medscape,Medscape,"STEP TEENS trial results of once-weekly subcutaneous semaglutide in adolescents with obesity were amazing. ""For a person who is 5' 5"" tall and weighs 240 pounds, the average reduction in BMI equates to shedding about 40 pounds."" #OW2022 #MedTwitter https://t.co/w8Il9uhg56",en,0,2,6,1,,"<a href=""https://prod2.sprinklr.com"" rel=""nofollow"">Sprinklr Publisher</a>",https://x.com/Medscape/status/1589212246353256448,False,False,2026-04-07T17:46:01.906511+00:00
1589022675586154496,wegovy_weight,wegovy,weight,2022-11-05T22:31:43+00:00,BowTiedSeaTurtl,BowtiedSeaTurtle,@BowTiedOx Have you seen or ready anything on harmful side effects of semaglutide? Family member has had great success on it (lost 50 lbs) but have seen it can lead to diabetes,en,2,0,0,0,,"<a href=""http://twitter.com/download/iphone"" rel=""nofollow"">Twitter for iPhone</a>",https://x.com/BowTiedSeaTurtl/status/1589022675586154496,False,True,2026-04-07T17:46:01.906511+00:00
1588925158319968259,wegovy_weight,wegovy,weight,2022-11-05T16:04:13+00:00,drpaulkolodzik,"Paul Kolodzik, MD, FACEP, FASAM","So Elon said he lost weight with fasting, strength training, and a little semaglutide (Wegovy). I gotta think reducing his carbs was involved as well, https://t.co/FMx2MueWL6",en,2,5,22,1,,"<a href=""https://hypefury.com"" rel=""nofollow"">Hypefury</a>",https://x.com/drpaulkolodzik/status/1588925158319968259,False,False,2026-04-07T17:46:01.906511+00:00
1588705014264086530,wegovy_weight,wegovy,weight,2022-11-05T01:29:26+00:00,MyDoctorInna,Dr. Inna,"A drug called semaglutide, which is approved for adults with obesity or overweight, also helps adolescents shed pounds and have healthier hearts, according to a new study.

https://t.co/Wf8pSU0Ysr",en,0,0,0,0,,"<a href=""https://about.twitter.com/products/tweetdeck"" rel=""nofollow"">TweetDeck</a>",https://x.com/MyDoctorInna/status/1588705014264086530,False,False,2026-04-07T17:46:01.906511+00:00
1588379191841640448,wegovy_weight,wegovy,weight,2022-11-04T03:54:44+00:00,USNewsHealth,U.S. News Health,"A recently approved prescription medication called Wegovy, also known as semaglutide, offers another tool to help some people shed excess pounds, but here's everything you need to know about whether it really works or not.   https://t.co/6kChOKYQ04",en,0,0,0,0,,"<a href=""http://www.naytev.com"" rel=""nofollow"">Naytev</a>",https://x.com/USNewsHealth/status/1588379191841640448,False,False,2026-04-07T17:46:01.906511+00:00
1588369191505199109,wegovy_weight,wegovy,weight,2022-11-04T03:15:00+00:00,Medscape,Medscape,"STEP TEENS trial results of once-weekly subcutaneous semaglutide in adolescents with obesity were amazing. ""For a person who is 5' 5"" tall and weighs 240 pounds, the average reduction in BMI equates to shedding about 40 pounds."" #OW2022 #MedTwitter https://t.co/bzhQQVPotu",en,0,5,11,0,,"<a href=""https://prod2.sprinklr.com"" rel=""nofollow"">Sprinklr Publisher</a>",https://x.com/Medscape/status/1588369191505199109,False,False,2026-04-07T17:46:04.010801+00:00
1588338993158144000,wegovy_weight,wegovy,weight,2022-11-04T01:15:00+00:00,MedscapeEndo,Medscape Endo,"STEP TEENS trial results of once-weekly subcutaneous semaglutide in adolescents with obesity were amazing. ""For a person who is 5' 5"" tall and weighs 240 pounds, the average reduction in BMI equates to shedding about 40 pounds."" #OW2022 #EndoTwitter https://t.co/rT0kzqfFAh",en,0,4,11,0,,"<a href=""https://prod2.sprinklr.com"" rel=""nofollow"">Sprinklr Publisher</a>",https://x.com/MedscapeEndo/status/1588338993158144000,False,False,2026-04-07T17:46:04.010801+00:00
1588333958193881089,wegovy_weight,wegovy,weight,2022-11-04T00:55:00+00:00,MedscapePeds,Medscape Pediatrics,"STEP TEENS trial results of once-weekly subcutaneous semaglutide in adolescents with obesity were amazing. ""For a person who is 5' 5"" tall and weighs 240 pounds, the average reduction in BMI equates to shedding about 40 pounds."" #OW2022 #PedsTwitter https://t.co/iE8X0K0FWr",en,0,1,3,0,,"<a href=""https://prod2.sprinklr.com"" rel=""nofollow"">Sprinklr Publisher</a>",https://x.com/MedscapePeds/status/1588333958193881089,False,False,2026-04-07T17:46:04.010801+00:00
1588330920385429507,wegovy_weight,wegovy,weight,2022-11-04T00:42:55+00:00,TheShuffler6,The News Shuffler,"A drug called semaglutide, which is approved for adults with obesity or overweight, also helps adolescents shed pounds and have healthier hearts, according to a new study published today in the New England Journal of Medicine and presented at Obesity #

https://t.co/9YUXsXPXbR",en,0,0,0,0,,"<a href=""https://www.blog2social.com"" rel=""nofollow"">Blog2Social APP</a>",https://x.com/TheShuffler6/status/1588330920385429507,False,False,2026-04-07T17:46:04.011796+00:00
1588278760394326017,wegovy_weight,wegovy,weight,2022-11-03T21:15:39+00:00,RickKellerMD,Rick Keller. Healthy living works — and rocks!💪🏼,"How disheartening. #Semaglutide is highly efficacious for treatment of #obesity. One of my patients has lost 16 lbs of body weight with this medication.
https://t.co/tcYa8fFXUb https://t.co/QdAaHrZcMr",en,0,0,1,0,,"<a href=""https://mobile.twitter.com"" rel=""nofollow"">Twitter Web App</a>",https://x.com/RickKellerMD/status/1588278760394326017,False,False,2026-04-07T17:46:04.011796+00:00
1588271110197387264,wegovy_weight,wegovy,weight,2022-11-03T20:45:15+00:00,endocrinenetwrk,HCPLive Endocrinology,"“The results are amazing. For a person who is 5 foot, 5 inches tall and weighs 240 pounds, the average reduction in BMI equates to shedding about 40 pounds.”

STEP TEENS details effects of Wegovy in adolescents with overweight or #obesity. 

Learn more:
https://t.co/armdYBODCq",en,0,1,4,0,,"<a href=""https://www.hootsuite.com"" rel=""nofollow"">Hootsuite Inc.</a>",https://x.com/endocrinenetwrk/status/1588271110197387264,False,False,2026-04-07T17:46:04.011796+00:00
1588200053881061376,wegovy_weight,wegovy,weight,2022-11-03T16:02:54+00:00,regenerativerev,Regenerative Revival,"Individuals that have partaken in the Semaglutide Therapy #weight loss program have reported a total loss of appetite, accompanied by a feeling of being bloated. The magic of the program is that you don’t have to control your desire to eat.

Learn more at https://t.co/wTHEjtIilW https://t.co/kTXk8zklql",en,0,0,0,0,,"<a href=""https://www.hootsuite.com"" rel=""nofollow"">Hootsuite Inc.</a>",https://x.com/regenerativerev/status/1588200053881061376,False,False,2026-04-07T17:46:04.011796+00:00
1588199889992880128,wegovy_weight,wegovy,weight,2022-11-03T16:02:15+00:00,integrity_md,Integrity Wellness MD,"Do you struggle to lose #weight, no matter how little you eat? Are you frustrated at how hard it is to lose a few pounds? Semaglutide may help you!

Contact us today!
https://t.co/Zdw9RKs8YP https://t.co/AzSK7uek1S",en,0,0,0,0,,"<a href=""https://www.hootsuite.com"" rel=""nofollow"">Hootsuite Inc.</a>",https://x.com/integrity_md/status/1588199889992880128,False,False,2026-04-07T17:46:04.011796+00:00
1588153016389013504,wegovy_weight,wegovy,weight,2022-11-03T12:56:00+00:00,UPMCnews,UPMC,"A drug called semaglutide, which is approved for adults with obesity or overweight, also helps adolescents shed pounds and have healthier hearts, according to a new study published in @NEJM. https://t.co/kPjMnl6kfs @PittHealthSci @ChildrensPgh https://t.co/50fvTonrGX",en,0,3,5,0,,"<a href=""https://mobile.twitter.com"" rel=""nofollow"">Twitter Web App</a>",https://x.com/UPMCnews/status/1588153016389013504,False,False,2026-04-07T17:46:04.011796+00:00
1588002608807018496,wegovy_weight,wegovy,weight,2022-11-03T02:58:20+00:00,HanlireCom,Hanlire,Weight reduction drug Wegovy helps youth with weight problems shed pounds https://t.co/0AKk9Y2iDj,en,0,0,0,0,,"<a href=""http://publicize.wp.com/"" rel=""nofollow"">Jetpack.com</a>",https://x.com/HanlireCom/status/1588002608807018496,False,False,2026-04-07T17:46:04.011796+00:00
1587979702807007239,wegovy_weight,wegovy,weight,2022-11-03T01:27:19+00:00,GoHealio,Healio,Top-line results presented at #OW2022 revealed adolescents with obesity lost more than 16% of their BMI after 68 weeks of semaglutide therapy. @CPOMUMN @drsarah4kids @ObesityWeek @CardiologyToday #EndoTwitter https://t.co/SmD8cu45kv,en,0,3,4,0,,"<a href=""https://app.socialpilot.co/"" rel=""nofollow"">SocialPilot.co</a>",https://x.com/GoHealio/status/1587979702807007239,False,False,2026-04-07T17:46:04.011796+00:00
1587979447566827521,wegovy_weight,wegovy,weight,2022-11-03T01:26:18+00:00,EndocrineToday,Endocrine Today,Top-line results presented at #OW2022 revealed adolescents with obesity lost more than 16% of their BMI after 68 weeks of semaglutide therapy. @CPOMUMN @drsarah4kids @ObesityWeek @CardiologyToday #EndoTwitter https://t.co/GAqTZk0SeQ,en,0,1,4,0,,"<a href=""https://app.socialpilot.co/"" rel=""nofollow"">SocialPilot.co</a>",https://x.com/EndocrineToday/status/1587979447566827521,False,False,2026-04-07T17:46:04.011796+00:00
1587915986417729536,wegovy_weight,wegovy,weight,2022-11-02T21:14:07+00:00,DanielJDrucker,Daniel J Drucker,62% of adolescents lost at least 10% of their body weight with once weekly 2.4 mg Semaglutide #obesityweek  #Weightloss #OW2022 https://t.co/kwF6R9g8ht,en,1,20,70,3,,"<a href=""https://mobile.twitter.com"" rel=""nofollow"">Twitter Web App</a>",https://x.com/DanielJDrucker/status/1587915986417729536,False,False,2026-04-07T17:46:04.011796+00:00
1587471937630003200,wegovy_weight,wegovy,weight,2022-11-01T15:49:38+00:00,USNewsHealth,U.S. News Health,"A recently approved prescription medication called Wegovy, also known as semaglutide, offers another tool to help some people shed excess pounds, but here's everything you need to know about whether it really works or not.   https://t.co/JQyqfOeeLU",en,0,0,0,0,,"<a href=""http://www.naytev.com"" rel=""nofollow"">Naytev</a>",https://x.com/USNewsHealth/status/1587471937630003200,False,False,2026-04-07T17:46:04.011796+00:00
1587462554623918082,wegovy_weight,wegovy,weight,2022-11-01T15:12:21+00:00,Hacksaw94,RodneyBailey,"#Repost @telewellness_md with @use.repost
・・・
When we ask how Rodney is feeling since he’s lost 50lbs on Semaglutide and over 200lbs since he started using TeleWellnessMD therapies. 

#semaglutideweightloss #wegovy #ozempic #weightlosstransformation #weightloss #motivation https://t.co/7PnKQiDrSi",en,0,0,1,0,,"<a href=""http://twitter.com/download/iphone"" rel=""nofollow"">Twitter for iPhone</a>",https://x.com/Hacksaw94/status/1587462554623918082,False,False,2026-04-07T17:46:04.011796+00:00
1586736091691945984,wegovy_weight,wegovy,weight,2022-10-30T15:05:39+00:00,USNewsHealth,U.S. News Health,"A recently approved prescription medication called Wegovy, also known as semaglutide, offers another tool to help some people shed excess pounds, but here's everything you need to know about whether it really works or not.   https://t.co/3UiZKMwuxY",en,0,0,1,0,,"<a href=""http://www.naytev.com"" rel=""nofollow"">Naytev</a>",https://x.com/USNewsHealth/status/1586736091691945984,False,False,2026-04-07T17:46:04.011796+00:00
1586487724022050816,wegovy_weight,wegovy,weight,2022-10-29T22:38:43+00:00,gekkogazza,Geckogazza,"@smudge_green I'm on Semaglutide and I've lost 15kg without trying, basically it attacks hunger hormones and you only eat half a meal each time. I struggle to eat a full steak now.",en,0,0,1,0,,"<a href=""http://twitter.com/download/android"" rel=""nofollow"">Twitter for Android</a>",https://x.com/gekkogazza/status/1586487724022050816,False,False,2026-04-07T17:46:04.011796+00:00
1586460901544103936,wegovy_weight,wegovy,weight,2022-10-29T20:52:08+00:00,Manuela_lala209,Manuela,#Ozempic #wegovy #weightlossjourney   Lost a total of 50 lbs from July 22nd to October 28th. High cost meds though. Best investment ever made. Any suggestions on where i can find it cheaper? Currently paying 1200 https://t.co/cMumP4K1r8,en,1,0,4,0,,"<a href=""http://twitter.com/download/iphone"" rel=""nofollow"">Twitter for iPhone</a>",https://x.com/Manuela_lala209/status/1586460901544103936,False,False,2026-04-07T17:46:04.011796+00:00
1586450541395251201,wegovy_weight,wegovy,weight,2022-10-29T20:10:58+00:00,Spindoctah,Czarna Małp@ 𓄿,@elonmusk Oh yeah? So who's a hipocrit that lost his weight using semaglutide?,en,0,0,0,0,,"<a href=""http://twitter.com/download/iphone"" rel=""nofollow"">Twitter for iPhone</a>",https://x.com/Spindoctah/status/1586450541395251201,False,True,2026-04-07T17:46:04.011796+00:00
1586420962630651905,wegovy_weight,wegovy,weight,2022-10-29T18:13:26+00:00,Hacksaw94,RodneyBailey,"#Repost @telewellness_md with @use.repost・・・
Looking for a weightloss solution? Patients like Rodney have lost up to 50lbs with the Semaglutide program. Get it now at TeleWellnessMD. Link in bio.
#semaglutide #semaglutideweightloss #weightloss #weightlossjourney #ozempic https://t.co/QI5VbOKaTu",en,1,0,1,0,,"<a href=""http://twitter.com/download/iphone"" rel=""nofollow"">Twitter for iPhone</a>",https://x.com/Hacksaw94/status/1586420962630651905,False,False,2026-04-07T17:46:04.011796+00:00
1586414414399520770,wegovy_weight,wegovy,weight,2022-10-29T17:47:25+00:00,JMI55555,badrobot 🤖,@LilMoonLambo @elonmusk Bro elon lost weight with semaglutide,en,0,0,1,0,,"<a href=""http://twitter.com/download/iphone"" rel=""nofollow"">Twitter for iPhone</a>",https://x.com/JMI55555/status/1586414414399520770,False,True,2026-04-07T17:46:05.187379+00:00
1586412958023749632,wegovy_weight,wegovy,weight,2022-10-29T17:41:37+00:00,JayCampbell333,Jay Campbell,"Epic thread.

To Improve:

1)Metformin(for infected microbiome, solving hunger pangs)
https://t.co/k8Xsr45sLu…

2)Tirzepatide or Semaglutide to crush appetite 🆙 kcal burn
https://t.co/RYwLdm55Y6…

3)Tensofensine to increase BDNF &amp; Metabolic Uncoupling
https://t.co/jSmyUdFoAI…",en,1,5,20,0,,"<a href=""http://twitter.com/download/iphone"" rel=""nofollow"">Twitter for iPhone</a>",https://x.com/JayCampbell333/status/1586412958023749632,False,False,2026-04-07T17:46:05.187379+00:00
1586119524298141697,wegovy_weight,wegovy,weight,2022-10-28T22:15:37+00:00,AJA_Cortes,AJAC,"MEGA THREAD ON INTERMITTENT FASTING 

Intermittent fasting (IF) is popular, and for good reason 

It can be a life changing practice that restores people health on multiple levels 

This thread covers EVERYTHING you need to know to get started with IF and reap the benefits",en,96,764,3397,58,,"<a href=""https://mobile.twitter.com"" rel=""nofollow"">Twitter Web App</a>",https://x.com/AJA_Cortes/status/1586119524298141697,False,False,2026-04-07T17:46:05.187379+00:00
1586411587979526144,wegovy_weight,wegovy,weight,2022-10-29T17:36:11+00:00,JayCampbell333,Jay Campbell,"@CJI_Initiative @AJA_Cortes 1)Metformin (to cure the infected microbiome, solving hunger pangs)

https://t.co/z5mN9w4ImX

2)Tirzepatide or Semaglutide to crush appetite 🆙 thermogenesis

https://t.co/zc3GJBW9rZ

3)Tensofensine to increase BDNF &amp; Metabolic Uncoupling

https://t.co/eZr4iXB4JK",en,1,0,3,0,,"<a href=""http://twitter.com/download/iphone"" rel=""nofollow"">Twitter for iPhone</a>",https://x.com/JayCampbell333/status/1586411587979526144,False,True,2026-04-07T17:46:05.188375+00:00
1586057074911236097,wegovy_weight,wegovy,weight,2022-10-28T18:07:28+00:00,anotherwearyone,Morbid Mama,@theshirarose The average weight loss on semaglutide is 10.8% of body weight. So 25 lbs for a 250 lb individual. Most people could lose that with regular exercise and watching what they eat. People are looking for a quick fix to something that didn't happen to them overnight.,en,1,0,1,0,,"<a href=""http://twitter.com/download/android"" rel=""nofollow"">Twitter for Android</a>",https://x.com/anotherwearyone/status/1586057074911236097,False,True,2026-04-07T17:46:05.188375+00:00
1585697373577150478,wegovy_weight,wegovy,weight,2022-10-27T18:18:09+00:00,tylerjmccall,Tyler,"This week I learned that thin celebrities are using semiglutide medications like Saxenda, Wegovy, and Monjouro to lose 10 lbs all while my insurance won’t cover it and I have to pay $1200/month for a prescription while working with a weight management doctor. I hate it.",en,4,0,13,0,,"<a href=""http://twitter.com/download/iphone"" rel=""nofollow"">Twitter for iPhone</a>",https://x.com/tylerjmccall/status/1585697373577150478,False,False,2026-04-07T17:46:05.188375+00:00
1585533678033125376,wegovy_weight,wegovy,weight,2022-10-27T07:27:41+00:00,rowdyE812,E,"@mr4time It's pretty hard to get insurance to cover them, especially if you don't have pre-existing conditions, but I've heard amazing things. The meds are called Wegovy, Ozempic, or Mounjaro. Worth asking your doctor about! I'll definitely update on here with my progress",en,0,0,1,0,,"<a href=""http://twitter.com/download/iphone"" rel=""nofollow"">Twitter for iPhone</a>",https://x.com/rowdyE812/status/1585533678033125376,False,True,2026-04-07T17:46:05.188375+00:00
1585193861919690752,wegovy_weight,wegovy,weight,2022-10-26T08:57:22+00:00,joaopeniche1,João 𐤅‎𐤉‎ BIOTECH 🔬🧬𒈗,"@Pndulo @nunocalvin2 Ainda bem mas fez a sua parte a maioria não o faz.

researchers found that people who lost the most weight while taking semaglutide tended to then regain the most after stopping it.

https://t.co/gxXgPjP7Eo",en,2,0,2,0,,"<a href=""http://twitter.com/download/android"" rel=""nofollow"">Twitter for Android</a>",https://x.com/joaopeniche1/status/1585193861919690752,False,True,2026-04-07T17:46:05.188375+00:00
1584701339979943936,wegovy_weight,wegovy,weight,2022-10-25T00:20:16+00:00,Goldenmedspa1,Goldenmedspa,Schedule your appointment this week and lose 24-40 lbs by Christmas!  #goldenaestheticsmedspa #semaglutide #weightloss #jeuveau #botox #lipfiller #facialfiller #facialbalancing #kybella #ultraburn #b-12injections #MICshot #gloskinbeauty #cosmeticthreadlift https://t.co/KRVboqPJY9,en,0,0,0,0,,"<a href=""https://socialpost.cc/"" rel=""nofollow"">SocialPost App</a>",https://x.com/Goldenmedspa1/status/1584701339979943936,False,False,2026-04-07T17:46:05.188375+00:00
1584576101589852162,wegovy_weight,wegovy,weight,2022-10-24T16:02:37+00:00,SvelteMd,SvelteMD,"DR. BRAGG before and after 10 weeks on our new #weightlossprogram, Svelte Sema! 👏

Semaglutide is a peptide that's injected once a week to help regulate #food intake. You'll feel full longer, store less fat, and experience a reduced #appetite.

#weightloss #loseweight #orlando https://t.co/mlhUu52uNs",en,0,1,2,0,,"<a href=""https://www.hootsuite.com"" rel=""nofollow"">Hootsuite Inc.</a>",https://x.com/SvelteMd/status/1584576101589852162,False,False,2026-04-07T17:46:05.188375+00:00
1584569264698163200,wegovy_weight,wegovy,weight,2022-10-24T15:35:27+00:00,USNewsHealth,U.S. News Health,"A recently approved prescription medication called Wegovy, also known as semaglutide, offers another tool to help some people shed excess pounds, but here's everything you need to know about whether it really works or not.   https://t.co/k47rrTZc41",en,0,0,0,0,,"<a href=""http://www.naytev.com"" rel=""nofollow"">Naytev</a>",https://x.com/USNewsHealth/status/1584569264698163200,False,False,2026-04-07T17:46:05.188375+00:00
1584275303261560832,wegovy_weight,wegovy,weight,2022-10-23T20:07:21+00:00,USNewsHealth,U.S. News Health,"A recently approved prescription medication called Wegovy, also known as semaglutide, offers another tool to help some people shed excess pounds, but here's everything you need to know about whether it really works or not.   https://t.co/rghjPON81C",en,0,0,0,0,,"<a href=""http://www.naytev.com"" rel=""nofollow"">Naytev</a>",https://x.com/USNewsHealth/status/1584275303261560832,False,False,2026-04-07T17:46:05.188375+00:00
1584270345313275904,wegovy_weight,wegovy,weight,2022-10-23T19:47:39+00:00,iPad27823539,iPad,"@UnfilteredOnFox @dbongino @MartyMakary My non diabetic niece lost 150+ lbs. &amp; looks human again.  $0 w/Insurance.

There is no insulin in sema/duca glutide meds.  Wegovy (sema) is rx’ed solely for obesity.  It is the answer to obesity, a true miracle drug.  Eat healthy never hungry.

So many could live longer lives…",en,0,0,2,0,,"<a href=""http://twitter.com/#!/download/ipad"" rel=""nofollow"">Twitter for iPad</a>",https://x.com/iPad27823539/status/1584270345313275904,False,True,2026-04-07T17:46:05.188375+00:00
1584167939141357568,wegovy_weight,wegovy,weight,2022-10-23T13:00:43+00:00,lovseniors,Beth,"@ScottMuirMD @DrNadolsky I’m an NP. I was on increasing doses of Semaglutide for 9 months to lose weight. Lost 32 lbs. Also, 30% of my hair on my head. I loved being on the drug! My desire was to eat only fresh healthy foods! No desire for sweets! Still enjoyed a glass of wine or two. Didn’t bother me.",en,1,0,2,0,,"<a href=""http://twitter.com/download/iphone"" rel=""nofollow"">Twitter for iPhone</a>",https://x.com/lovseniors/status/1584167939141357568,False,True,2026-04-07T17:46:05.188375+00:00
1583623362949312512,wegovy_weight,wegovy,weight,2022-10-22T00:56:46+00:00,therealgutdoc,"Jeffrey Mark, M.D. | The Real Gut Doctor",Lose the unwanted weight fast with Semaglutide. #healthy #weight #weightloss #reduce #appetite #foodcravings #HBA1C #cardiacevents #peptide #medicine #glycemiccontrol https://t.co/B4uNagTyHt,en,0,0,0,0,,"<a href=""https://www.canva.com"" rel=""nofollow"">Canva</a>",https://x.com/therealgutdoc/status/1583623362949312512,False,False,2026-04-07T17:46:05.188375+00:00
1583621247019016193,wegovy_weight,wegovy,weight,2022-10-22T00:48:22+00:00,USNewsHealth,U.S. News Health,"A recently approved prescription medication called Wegovy, also known as semaglutide, offers another tool to help some people shed excess pounds, but here's everything you need to know about whether it really works or not.   https://t.co/5ezQS1T24H",en,0,0,0,0,,"<a href=""http://www.naytev.com"" rel=""nofollow"">Naytev</a>",https://x.com/USNewsHealth/status/1583621247019016193,False,False,2026-04-07T17:46:05.188375+00:00
1583613789324222464,wegovy_weight,wegovy,weight,2022-10-22T00:18:44+00:00,therealgutdoc,"Jeffrey Mark, M.D. | The Real Gut Doctor",Semaglutide can help you loose the unwanted weight. #semaglutide #weight #loss #healthy #gut #reduce #appetite #cravings #feellesshungry #healthyweightloss https://t.co/fTuquOIr6I,en,0,0,0,0,,"<a href=""https://www.canva.com"" rel=""nofollow"">Canva</a>",https://x.com/therealgutdoc/status/1583613789324222464,False,False,2026-04-07T17:46:05.188375+00:00
1583262375515258880,wegovy_weight,wegovy,weight,2022-10-21T01:02:20+00:00,JessGoesDown,Moody RN,"Day 1 of semaglutide. Weight: 207 lbs. 
Ready to change my life.",en,0,0,1,0,,"<a href=""http://twitter.com/download/iphone"" rel=""nofollow"">Twitter for iPhone</a>",https://x.com/JessGoesDown/status/1583262375515258880,False,False,2026-04-07T17:46:05.188375+00:00
1582438902442229760,wegovy_weight,wegovy,weight,2022-10-18T18:30:09+00:00,Xtalks,Xtalks Webinars,"After a Twitter user asked #ElonMusk his secret to looking “fit, ripped and healthy” these days, the tech mogul revealed he has been using Novo Nordisk’s weight loss injection #Wegovy to help shed the pounds. Read more by @AyeshaR1202. 
https://t.co/g4GpXtpd9y 
#Obesity",en,0,0,1,0,,"<a href=""https://buffer.com"" rel=""nofollow"">Buffer App</a>",https://x.com/Xtalks/status/1582438902442229760,False,False,2026-04-07T17:46:05.188375+00:00
1582428693678682112,wegovy_weight,wegovy,weight,2022-10-18T17:49:35+00:00,USNewsHealth,U.S. News Health,"A recently approved prescription medication called Wegovy, also known as semaglutide, offers another tool to help some people shed excess pounds, but here's everything you need to know about whether it really works or not.   https://t.co/ZwGfjBru1W",en,0,0,0,0,,"<a href=""http://www.naytev.com"" rel=""nofollow"">Naytev</a>",https://x.com/USNewsHealth/status/1582428693678682112,False,False,2026-04-07T17:46:05.188375+00:00
1582387542971670530,wegovy_weight,wegovy,weight,2022-10-18T15:06:04+00:00,SimpleFixWlc,Simple Fix WLC,"SimpleFix patients lose more than 35 lbs. with no dieting or exercise. Semaglutide treatments are FDA-approved, doctor prescribed program that works. Go here to get started losing weight for the holidays. https://t.co/PlOrqoVPuh 

#Semaglutide
#Weightloss
#NoDiet
#Drprescribed https://t.co/qh58lzWpZe",en,0,0,0,0,,"<a href=""https://app.sendible.com"" rel=""nofollow"">Sendible</a>",https://x.com/SimpleFixWlc/status/1582387542971670530,False,False,2026-04-07T17:46:05.188375+00:00
1582356905359736833,wegovy_weight,wegovy,weight,2022-10-18T13:04:19+00:00,InShapeMDSA,InShapeMDSanAngelo,"At #InShapeMDTX we offer a variety of products to aid you in weight loss, overseen by our team of weight loss professionals and a nurse practitioner. 

We offer Semaglutide, HCG, Sermorelin, and AOD 9604, alongside vitamin injections to help with energy and an appetite suppress https://t.co/FAsRgC4j4z",en,0,0,1,0,,"<a href=""http://socialappsnow.com"" rel=""nofollow"">Social Apps Now</a>",https://x.com/InShapeMDSA/status/1582356905359736833,False,False,2026-04-07T17:46:06.675006+00:00
1582303545092583424,wegovy_weight,wegovy,weight,2022-10-18T09:32:17+00:00,Vanessa64882759,Vanessa Jackson,"@FructoseNo @novonordisk @zoeharcombe @DrAseemMalhotra @OPCAustralia @ObesityAus @ObesityResolved @drericwestman @bigfatsurprise It does work though Gary, I know friends and family who have lost considerable amounts of weight effortlessly on semaglutide. Ideally everyone should eat better granted but if the end goal is to improve health this treatment could be a game changer/ life saving.",en,1,0,0,0,,"<a href=""http://twitter.com/download/iphone"" rel=""nofollow"">Twitter for iPhone</a>",https://x.com/Vanessa64882759/status/1582303545092583424,False,True,2026-04-07T17:46:06.675006+00:00
1581646489801347074,wegovy_weight,wegovy,weight,2022-10-16T14:01:23+00:00,BCMDeptMedicine,BCM Department of Medicine,"Dr. Bustamante tells @yahoolife that semaglutide is “very effective” for weight loss. A @NEJM study found a 15% reduction in body weight, and points to an extension of the 2021 study, which shows participants lost an average of 17% of their body weight.  https://t.co/rO7e9rEM32",en,0,1,1,0,,"<a href=""https://www.hootsuite.com"" rel=""nofollow"">Hootsuite Inc.</a>",https://x.com/BCMDeptMedicine/status/1581646489801347074,False,False,2026-04-07T17:46:06.675006+00:00
1581473516968255488,wegovy_weight,wegovy,weight,2022-10-16T02:34:03+00:00,deedydas,Deedy,"4/5 There's 4 other major long-term FDA-approved weight loss drugs:
- Xenical / Alli: reduce fat absorption
- Qsymia: lessens appetite
- Contrave: smoking quitting, antidepressant
- Saxenda / Victoza: similar to Wegovy

Details: https://t.co/XevQhiOWP0",en,1,0,2,1,,"<a href=""https://typefully.com/"" rel=""nofollow"">Typefully</a>",https://x.com/deedydas/status/1581473516968255488,False,True,2026-04-07T17:46:06.675006+00:00
1581439138485571584,wegovy_weight,wegovy,weight,2022-10-16T00:17:26+00:00,rahatheart1,Rahat Warraich PhD,"@CMichaelGibson It's an excellent suggestion, semaglutide reduces appetite, and that's an appetite for everything!",en,0,0,0,0,,"<a href=""http://twitter.com/download/android"" rel=""nofollow"">Twitter for Android</a>",https://x.com/rahatheart1/status/1581439138485571584,False,True,2026-04-07T17:46:06.675006+00:00
1581300340405981184,wegovy_weight,wegovy,weight,2022-10-15T15:05:54+00:00,Chomber13,Mbacho,Females getting semaglutide injections to lose appetite leading to weight loss yet males be wanting them thick.,en,0,0,0,0,,"<a href=""http://twitter.com/download/android"" rel=""nofollow"">Twitter for Android</a>",https://x.com/Chomber13/status/1581300340405981184,False,False,2026-04-07T17:46:06.675006+00:00
1581106391510437888,wegovy_weight,wegovy,weight,2022-10-15T02:15:13+00:00,WeaponsEd,WeaponsEducation.Com,"@elonmusk @EvasTeslaSPlaid I'm afraid of hair loss with Wegovy .  At 49 and still have a full head of hair, (no gray) I'll exercise double time to get rid of the 40 pounds. 6'5"" Strong Like Bull!",en,0,0,0,0,,"<a href=""https://mobile.twitter.com"" rel=""nofollow"">Twitter Web App</a>",https://x.com/WeaponsEd/status/1581106391510437888,False,True,2026-04-07T17:46:06.675006+00:00
1581086666189832192,wegovy_weight,wegovy,weight,2022-10-15T00:56:51+00:00,NewsCarolyn,Over-Educated & Under-Loved Carolyn,"Between the Wegovy and trying to make better food choices sometimes (also because Wegovy), I got on the scale this morning and was a few pounds away from what I weighed before I moved to Louisiana and learned what good food is.",en,1,0,11,0,,"<a href=""http://twitter.com/download/iphone"" rel=""nofollow"">Twitter for iPhone</a>",https://x.com/NewsCarolyn/status/1581086666189832192,False,True,2026-04-07T17:46:06.675006+00:00
1581035883024723968,wegovy_weight,wegovy,weight,2022-10-14T21:35:03+00:00,xKloc,Todd Skelton,@kryzia_marie @heywardboyce @DBelardoMD The clinic trials for tirzepatide showed greater weight loss than semaglutide. The average person lost 22.5% (52 pounds) on the highest dose! https://t.co/27ISQKBlAo,en,2,0,2,1,,"<a href=""http://twitter.com/download/android"" rel=""nofollow"">Twitter for Android</a>",https://x.com/xKloc/status/1581035883024723968,False,True,2026-04-07T17:46:06.675006+00:00
1580733632033193986,wegovy_weight,wegovy,weight,2022-10-14T01:34:01+00:00,SimpleFixWlc,Simple Fix WLC,Lose weight fast with Semaglutide from SimpleFix. We have helped countless people lose up to 15% of their body weight and 33 pounds in the blink of an eye- see how it's so easy! https://t.co/QO7j3bo1iO,en,0,0,0,0,,"<a href=""https://app.sendible.com"" rel=""nofollow"">Sendible</a>",https://x.com/SimpleFixWlc/status/1580733632033193986,False,False,2026-04-07T17:46:06.675006+00:00
1580691347530428416,wegovy_weight,wegovy,weight,2022-10-13T22:45:59+00:00,MereLaveau,SznOfTheWitch ⚜️❤️💛💙⚜️🖤💛,@LizTVLiz1 @TinyHenson21 Someone mentioned Wegovy with an injection gif up thread. Ozempic is the same deal. It’s all the rage. Andy Cohen tweeted about everyone taking it and losing 25 lbs suddenly. It’s very expensive. I checked. 🤣https://t.co/FRWG1Jcfl2,en,1,0,2,0,,"<a href=""http://twitter.com/download/iphone"" rel=""nofollow"">Twitter for iPhone</a>",https://x.com/MereLaveau/status/1580691347530428416,False,True,2026-04-07T17:46:06.675006+00:00
1580646924100677632,wegovy_weight,wegovy,weight,2022-10-13T19:49:28+00:00,EngagePrepRecov,ConnectConsultingInc,"A man who lost 80 pounds on a 'game changer' #weightloss drug also lost his desire to drink alcohol. Experts say the drug could treat all kinds of addiction. #semaglutide 
https://t.co/6H1Q63yMwD via @Yahoo",en,0,0,0,0,,"<a href=""https://mobile.twitter.com"" rel=""nofollow"">Twitter Web App</a>",https://x.com/EngagePrepRecov/status/1580646924100677632,False,False,2026-04-07T17:46:06.675006+00:00
1580604390289068033,wegovy_weight,wegovy,weight,2022-10-13T17:00:27+00:00,integrity_md,Integrity Wellness MD,"#Semaglutide helps individuals with weight loss through an added-on hormone response to insulin release, interconnecting with high blood sugar. This response gives you a reduced appetite, positive body response, and ultimately loss of weight

Learn more at https://t.co/Zdw9RKsGOn https://t.co/riVyfXeyMj",en,0,0,0,0,,"<a href=""https://www.hootsuite.com"" rel=""nofollow"">Hootsuite Inc.</a>",https://x.com/integrity_md/status/1580604390289068033,False,False,2026-04-07T17:46:06.675006+00:00
1580563596638965761,wegovy_weight,wegovy,weight,2022-10-13T14:18:21+00:00,DrNadolsky,Dr. Spencer Nadolsky,"I have multiple patients who have lost around 30% of their total body weight on just LOW doses of semaglutide (we will see for tirzepatide).

Some people are hyper responders to the medicine. Some people are hypo responders too.

Interesting to watch.",en,23,5,167,0,,"<a href=""http://twitter.com/download/iphone"" rel=""nofollow"">Twitter for iPhone</a>",https://x.com/DrNadolsky/status/1580563596638965761,False,False,2026-04-07T17:46:06.675006+00:00
1580405228217593857,wegovy_weight,wegovy,weight,2022-10-13T03:49:03+00:00,USNewsHealth,U.S. News Health,"A recently approved prescription medication called Wegovy, also known as semaglutide, offers another tool to help some people shed excess pounds, but here's everything you need to know about whether it really works or not.   https://t.co/WdchxKzrBc",en,0,1,1,0,,"<a href=""http://www.naytev.com"" rel=""nofollow"">Naytev</a>",https://x.com/USNewsHealth/status/1580405228217593857,False,False,2026-04-07T17:46:06.675006+00:00
1580267330831273984,wegovy_weight,wegovy,weight,2022-10-12T18:41:06+00:00,siemionowkris,"Kris Siemionow, MD, PhD","Ozempic,is one of several brand-name drugs on the market containing an antidiabetic ingredient called semaglutide. Semaglutide stimulates insulin production and also targets areas of the #brain that regulate appetite
#diabetes  https://t.co/9m9bhxcTTp",en,0,0,1,0,,"<a href=""http://twitter.com/download/iphone"" rel=""nofollow"">Twitter for iPhone</a>",https://x.com/siemionowkris/status/1580267330831273984,False,False,2026-04-07T17:46:06.675006+00:00
1580263306538848257,wegovy_weight,wegovy,weight,2022-10-12T18:25:06+00:00,SimpleFixWlc,Simple Fix WLC,"If you’ve been looking for a way to sheds pounds, Semaglutide will provide your body with the active ingredient needed. It's now FDA-approved and can be taken at significantly lower costs than other weight loss drugs! Learn more: https://t.co/PlOrqoVPuh https://t.co/83J9wCqsD1",en,0,0,0,0,,"<a href=""https://app.sendible.com"" rel=""nofollow"">Sendible</a>",https://x.com/SimpleFixWlc/status/1580263306538848257,False,False,2026-04-07T17:46:06.676002+00:00
1579926772975796225,wegovy_weight,wegovy,weight,2022-10-11T20:07:50+00:00,niccikatie,Nicole,@DBelardoMD Love this!  I’ve lost almost 75lbs in 10 months on semaglutide. I cannot express what this medication has given me. It is life changing and makes me so sad for the years I spent so frustrated with my body and why I just couldn’t make a diet stick. Keep talking about it!,en,1,0,15,0,,"<a href=""http://twitter.com/download/iphone"" rel=""nofollow"">Twitter for iPhone</a>",https://x.com/niccikatie/status/1579926772975796225,False,True,2026-04-07T17:46:06.676002+00:00
1579865627430637568,wegovy_weight,wegovy,weight,2022-10-11T16:04:52+00:00,NewsCarolyn,Over-Educated & Under-Loved Carolyn,"I also ran out of probiotics yesterday, so I didn’t take one this morning. Wegovy is great for weight loss until you don’t eat right on it, then it punishes you severely. But I’m down 50ish pounds since the beginning of the year. And still losing. 🙂",en,1,0,22,0,,"<a href=""http://twitter.com/download/iphone"" rel=""nofollow"">Twitter for iPhone</a>",https://x.com/NewsCarolyn/status/1579865627430637568,False,True,2026-04-07T17:46:06.676002+00:00
1579510900410589184,wegovy_weight,wegovy,weight,2022-10-10T16:35:19+00:00,USNewsHealth,U.S. News Health,"A recently approved prescription medication called Wegovy, also known as semaglutide, offers another tool to help some people shed excess pounds, but here's everything you need to know about whether it really works or not.   https://t.co/6A1uemoivj",en,0,0,1,0,,"<a href=""http://www.naytev.com"" rel=""nofollow"">Naytev</a>",https://x.com/USNewsHealth/status/1579510900410589184,False,False,2026-04-07T17:46:06.676002+00:00
1579502684692164610,wegovy_weight,wegovy,weight,2022-10-10T16:02:40+00:00,snimples,Bernadette Rappold,"@DrNadolsky I have lost 70 lbs. since February 2022 on Wegovy, combined with calorie restriction (1,700 cal/day) and food journaling, along with increasing the number of steps I take daily. My A1C went from 8.2 to 5.6. It has not been effortless, but it has been easier to say no to cravings.",en,1,0,17,0,,"<a href=""http://twitter.com/download/iphone"" rel=""nofollow"">Twitter for iPhone</a>",https://x.com/snimples/status/1579502684692164610,False,True,2026-04-07T17:46:07.594804+00:00
1579441168102096896,wegovy_weight,wegovy,weight,2022-10-10T11:58:13+00:00,EmyKateTX,Emily Oyanguren,@DrNadolsky Yep. Been on Wegovy for 12 months - down 32 lbs. Had high cholesterol and that’s normal now too. Had to lower my dose but I’m still taking it. It’s been amazing.,en,1,2,12,0,,"<a href=""http://twitter.com/download/iphone"" rel=""nofollow"">Twitter for iPhone</a>",https://x.com/EmyKateTX/status/1579441168102096896,False,True,2026-04-07T17:46:07.594804+00:00
1579243250464215041,wegovy_weight,wegovy,weight,2022-10-09T22:51:46+00:00,katsb,KatS🐝,@DrNadolsky I lost 80s pounds “naturally” (and gained it all back). Have lost 20 pounds now on semaglutide and it’s a much easier and more pleasant experience than doing it without medicinal help.,en,2,1,25,0,,"<a href=""http://twitter.com/download/iphone"" rel=""nofollow"">Twitter for iPhone</a>",https://x.com/katsb/status/1579243250464215041,False,True,2026-04-07T17:46:07.594804+00:00
1579129627896709121,wegovy_weight,wegovy,weight,2022-10-09T15:20:16+00:00,blackweightloss,BlkWomenLosingWeight,"Transformation of the Day: Tanisha lost 38 pounds and improved her health. After trying various diets, programs and methods, she couldn’t achieve her desired results. So she began to research prescription weight loss meds and discovered Semaglutide. https://t.co/otUwDLV8WM",en,0,1,1,0,,"<a href=""https://mobile.twitter.com"" rel=""nofollow"">Twitter Web App</a>",https://x.com/blackweightloss/status/1579129627896709121,False,False,2026-04-07T17:46:07.594804+00:00
1578566396736569345,wegovy_weight,wegovy,weight,2022-10-08T02:02:11+00:00,SimpleFixWlc,Simple Fix WLC,"The SimpleFix solution to losing weight is easy. Most patients lose at least 30 pounds using our Semaglutide formula, with no special dieting or strenuous exercise! https://t.co/PlOrqoEMsh https://t.co/mrOGCYIUSM",en,0,0,0,0,,"<a href=""https://app.sendible.com"" rel=""nofollow"">Sendible</a>",https://x.com/SimpleFixWlc/status/1578566396736569345,False,False,2026-04-07T17:46:07.594804+00:00
1578052858620018692,wegovy_weight,wegovy,weight,2022-10-06T16:01:34+00:00,USNewsHealth,U.S. News Health,"A recently approved prescription medication called Wegovy, also known as semaglutide, offers another tool to help some people shed excess pounds, but here's everything you need to know about whether it really works or not.   https://t.co/R0GXlZq5AD",en,0,0,0,0,,"<a href=""http://www.naytev.com"" rel=""nofollow"">Naytev</a>",https://x.com/USNewsHealth/status/1578052858620018692,False,False,2026-04-07T17:46:07.594804+00:00
1578037168752119808,wegovy_weight,wegovy,weight,2022-10-06T14:59:14+00:00,mandykirs86,Mandy Kirleis,"@mikussdog @DrNadolsky I've been on Trulicity (Semaglutide) for almost 6 months. In combination with Metformkn, my A1C dropped .8 in the first 3 months and I lost about 10lbs. I had AWFUL side effects when bumping up to the higher dose, so I'm right now maintaining at the lower dose.",en,1,0,1,0,,"<a href=""http://twitter.com/download/android"" rel=""nofollow"">Twitter for Android</a>",https://x.com/mandykirs86/status/1578037168752119808,False,True,2026-04-07T17:46:07.595805+00:00
1577713952305422338,wegovy_weight,wegovy,weight,2022-10-05T17:34:53+00:00,USNewsHealth,U.S. News Health,"A recently approved prescription medication called Wegovy, also known as semaglutide, offers another tool to help some people shed excess pounds, but here's everything you need to know about whether it really works or not.   https://t.co/Y4DHdrZ0xa",en,0,0,1,0,,"<a href=""http://www.naytev.com"" rel=""nofollow"">Naytev</a>",https://x.com/USNewsHealth/status/1577713952305422338,False,False,2026-04-07T17:46:07.595805+00:00
1577528731916292098,wegovy_weight,wegovy,weight,2022-10-05T05:18:53+00:00,USNewsHealth,U.S. News Health,"A recently approved prescription medication called Wegovy, also known as semaglutide, offers another tool to help some people shed excess pounds, but here's everything you need to know about whether it really works or not.   https://t.co/56UrtoHta1",en,0,1,2,0,,"<a href=""http://www.naytev.com"" rel=""nofollow"">Naytev</a>",https://x.com/USNewsHealth/status/1577528731916292098,False,False,2026-04-07T17:46:07.595805+00:00
1577376917342273545,wegovy_weight,wegovy,weight,2022-10-04T19:15:37+00:00,nycbabylon,Rachel Weiss,@benedictevans It is the Wegovy. You lose some brain power from the appetite suppression.,en,0,0,0,0,,"<a href=""http://twitter.com/download/iphone"" rel=""nofollow"">Twitter for iPhone</a>",https://x.com/nycbabylon/status/1577376917342273545,False,True,2026-04-07T17:46:07.595805+00:00
1577050264477044740,wegovy_weight,wegovy,weight,2022-10-03T21:37:37+00:00,DrEddyClinic,DrEddyClinic,"RT @OubreMedical: For effortless weight loss, try our Semaglutide. It works by decreasing your appetite and restoring blood sugar levels. It has also been used by diabetics for years and is now available to all patients. #functionalmedicine #oubremedical… https://t.co/p5HVQo2v45",en,0,0,0,0,,"<a href=""https://ifttt.com"" rel=""nofollow"">IFTTT</a>",https://x.com/DrEddyClinic/status/1577050264477044740,False,False,2026-04-07T17:46:07.595805+00:00
1577036978268372993,wegovy_weight,wegovy,weight,2022-10-03T20:44:50+00:00,OubreMedical,Oubre Medical,"For effortless weight loss, try our Semaglutide. It works by decreasing your appetite and restoring blood sugar levels. It has also been used by diabetics for years and is now available to all patients. #functionalmedicine #oubremedical #weightloss https://t.co/LcDWdMg7vz",en,0,0,0,0,,"<a href=""https://www.hootsuite.com"" rel=""nofollow"">Hootsuite Inc.</a>",https://x.com/OubreMedical/status/1577036978268372993,False,False,2026-04-07T17:46:07.595805+00:00
1576986239147732992,wegovy_weight,wegovy,weight,2022-10-03T17:23:13+00:00,thecaptain_nemo,Nemo,"@ApocryphaSp3ctr placebo takers only lost 2% of their weight

semaglutide takers lost 15%",en,0,0,2,0,,"<a href=""https://mobile.twitter.com"" rel=""nofollow"">Twitter Web App</a>",https://x.com/thecaptain_nemo/status/1576986239147732992,False,False,2026-04-07T17:46:07.595805+00:00
1576673076091183106,wegovy_weight,wegovy,weight,2022-10-02T20:38:49+00:00,USNewsHealth,U.S. News Health,"A recently approved prescription medication called Wegovy, also known as semaglutide, offers another tool to help some people shed excess pounds, but here's everything you need to know about whether it really works or not.   https://t.co/yWqNQsgpro",en,0,0,1,0,,"<a href=""http://www.naytev.com"" rel=""nofollow"">Naytev</a>",https://x.com/USNewsHealth/status/1576673076091183106,False,False,2026-04-07T17:46:07.595805+00:00
1576634222986817536,wegovy_weight,wegovy,weight,2022-10-02T18:04:25+00:00,JoshuaCurrie10,Joshua Currie,@elonmusk @EvasTeslaSPlaid I'm fasting and using Wegovy too. I've lost 17 pounds in my first 2.5 weeks,en,0,0,1,0,,"<a href=""https://mobile.twitter.com"" rel=""nofollow"">Twitter Web App</a>",https://x.com/JoshuaCurrie10/status/1576634222986817536,False,True,2026-04-07T17:46:07.595805+00:00
1576378168918712321,wegovy_weight,wegovy,weight,2022-10-02T01:06:57+00:00,BattleBornNV775,Richard 🗑️🗑️GARBAGE 🚛🚛,@elonmusk @EvasTeslaSPlaid Wegovy is very effective 30 lbs in 30 days,en,0,0,1,0,,"<a href=""https://mobile.twitter.com"" rel=""nofollow"">Twitter Web App</a>",https://x.com/BattleBornNV775/status/1576378168918712321,False,True,2026-04-07T17:46:07.595805+00:00
1576253307634429952,wegovy_weight,wegovy,weight,2022-10-01T16:50:48+00:00,Mangan150,P.D. Mangan Health & Freedom Maximalist 🇺🇸,"@DoctorTro @davidludwigmd @DavidMacklinMD @DanielJDrucker @bcorkey @Tellit007 Client of mine lost 15 lbs. in 6 months on Wegovy. Then I coached him, he continued the drug, and lost another 15 lbs. in 8 weeks.",en,1,0,12,0,,"<a href=""https://mobile.twitter.com"" rel=""nofollow"">Twitter Web App</a>",https://x.com/Mangan150/status/1576253307634429952,False,True,2026-04-07T17:46:07.595805+00:00
1576224316655828994,wegovy_weight,wegovy,weight,2022-10-01T14:55:36+00:00,AdamasNemesis,Adamas Nemesis,"@Red_Nec @phl43 Say what you want about DNP, but people accidentally exposed to it lost tons of weight; this semaglutide stuff has apparently been on the market for 5 years already, and we need a clinical trial to even notice it has weight loss effects? I'm kinda suspicious.",en,0,0,0,0,,"<a href=""https://mobile.twitter.com"" rel=""nofollow"">Twitter Web App</a>",https://x.com/AdamasNemesis/status/1576224316655828994,False,True,2026-04-07T17:46:07.595805+00:00
1576022253367590912,wegovy_weight,wegovy,weight,2022-10-01T01:32:40+00:00,USNewsHealth,U.S. News Health,"A recently approved prescription medication called Wegovy, also known as semaglutide, offers another tool to help some people shed excess pounds, but here's everything you need to know about whether it really works or not.   https://t.co/RhJ7VzkyNG",en,0,0,0,0,,"<a href=""http://www.naytev.com"" rel=""nofollow"">Naytev</a>",https://x.com/USNewsHealth/status/1576022253367590912,False,False,2026-04-07T17:46:07.595805+00:00
1575692280455139329,wegovy_weight,wegovy,weight,2022-09-30T03:41:29+00:00,DocereMedicine,Dr Bhuvanesh Kumar Kahar,"Semaglutide (GLP-1 Agonist)
~Increased glucose dependent insulin secretion, decrease glucagon, slow gastric emptying.
~ associated with significant weight loss ( regulate appetite and calorie intake via GLP-1 Receptor.
~ route of administration— SC /Oral
~Indicated for type 2 DM.",en,0,0,0,0,,"<a href=""http://twitter.com/#!/download/ipad"" rel=""nofollow"">Twitter for iPad</a>",https://x.com/DocereMedicine/status/1575692280455139329,False,False,2026-04-07T17:46:07.595805+00:00
1575546491506139136,wegovy_weight,wegovy,weight,2022-09-29T18:02:10+00:00,SvelteMd,SvelteMD,"📣 INTRODUCING our new #weightloss program: Svelte Sema!

#Semaglutide is a peptide that's injected once a week to help regulate #food intake!

You'll feel full longer, store less fat, and have a reduced #appetite. 📞 Call (407) 804-5200!

#loseweight #weightlossprogram #orlando https://t.co/I1SAe8PrEP",en,0,0,0,0,,"<a href=""https://www.hootsuite.com"" rel=""nofollow"">Hootsuite Inc.</a>",https://x.com/SvelteMd/status/1575546491506139136,False,False,2026-04-07T17:46:08.554976+00:00
1575509113596944387,wegovy_weight,wegovy,weight,2022-09-29T15:33:38+00:00,richcollins,Rich Collins,@maximumcharacte Just talked to a neighbor who lost 35lbs in a few months on semaglutide.,en,1,0,0,0,,"<a href=""http://twitter.com/download/iphone"" rel=""nofollow"">Twitter for iPhone</a>",https://x.com/richcollins/status/1575509113596944387,False,False,2026-04-07T17:46:08.555976+00:00
1575320611945160705,wegovy_weight,wegovy,weight,2022-09-29T03:04:36+00:00,USNewsHealth,U.S. News Health,"A recently approved prescription medication called Wegovy, also known as semaglutide, offers another tool to help some people shed excess pounds, but here's everything you need to know about whether it really works or not.   https://t.co/hBPNXbeezT",en,0,1,0,0,,"<a href=""http://www.naytev.com"" rel=""nofollow"">Naytev</a>",https://x.com/USNewsHealth/status/1575320611945160705,False,False,2026-04-07T17:46:08.555976+00:00
1575185837330878465,wegovy_weight,wegovy,weight,2022-09-28T18:09:03+00:00,AZMedicalWeight,AZMedicalWeightCtrl,"Ready for a Game Changer? Special offer of Semaglutide $45 an injection, 1st 2 weeks. Ensure weight loss, lower blood sugar, increase inches lost, reduce appetite and more. 
#gamechanger #semaglutide #loseweight #weightloss #transformation #arizona #avondale #phoenix #phoenixaz https://t.co/4eSQu6wDci",en,0,0,0,0,,"<a href=""https://mobile.twitter.com"" rel=""nofollow"">Twitter Web App</a>",https://x.com/AZMedicalWeight/status/1575185837330878465,False,False,2026-04-07T17:46:08.555976+00:00
1575183814241951744,wegovy_weight,wegovy,weight,2022-09-28T18:01:01+00:00,SimpleFixWlc,Simple Fix WLC,"Did you know that weight loss is only really perceivable if you are losing 15-20 pounds? That can be about 2-5% of your entire body weight. With Semaglutide, our clients lose an average of 30 pounds. So, start today with our program and create weight loss that you can see! https://t.co/5dgLq25t2b",en,0,0,0,0,,"<a href=""https://app.sendible.com"" rel=""nofollow"">Sendible</a>",https://x.com/SimpleFixWlc/status/1575183814241951744,False,False,2026-04-07T17:46:08.555976+00:00
1575078974442479617,wegovy_weight,wegovy,weight,2022-09-28T11:04:25+00:00,ICPObesity,ICPO,"@AlexanderMiras 
Precision Medicine: Patient Phenotyping
#EASOcoms #COMSsummit
""Semaglutide will reduce appetite but also change food choices. Reports show a significant shift in cravings too."" https://t.co/oUcq6u1tGs",en,0,7,9,0,,"<a href=""http://twitter.com/download/android"" rel=""nofollow"">Twitter for Android</a>",https://x.com/ICPObesity/status/1575078974442479617,False,False,2026-04-07T17:46:08.555976+00:00
1574746281867608067,wegovy_weight,wegovy,weight,2022-09-27T13:02:25+00:00,InShapeMDTX,InShapeMDTX,"Semaglutide, the newest FDA-approved weight loss drug on the market, increases energy and boosts immunity while suppressing your appetite. 🍏

Looking for more information about how to jump-start your weight loss journey?
Come down to the clinic at 3270 Sherwood Way, San Angelo https://t.co/01kKYqgw6P",en,0,0,0,0,,"<a href=""http://socialappsnow.com"" rel=""nofollow"">Social Apps Now</a>",https://x.com/InShapeMDTX/status/1574746281867608067,False,False,2026-04-07T17:46:08.555976+00:00
1574731186198482955,wegovy_weight,wegovy,weight,2022-09-27T12:02:26+00:00,TaylorMedGroup,Taylor Medical Group,"If you have tried dieting and exercising but haven’t gotten results, Semaglutide can help you get the results that you want/ Lose up to 30 pounds in just six months! https://t.co/8wdGvAZOfc",en,0,0,0,0,,"<a href=""https://recurpost.com"" rel=""nofollow"">recurpost.com</a>",https://x.com/TaylorMedGroup/status/1574731186198482955,False,False,2026-04-07T17:46:08.555976+00:00
1574686513308262400,wegovy_weight,wegovy,weight,2022-09-27T09:04:55+00:00,USNewsHealth,U.S. News Health,"A recently approved prescription medication called Wegovy, also known as semaglutide, offers another tool to help some people shed excess pounds, but here's everything you need to know about whether it really works or not.   https://t.co/HUKobTviXQ",en,0,0,0,0,,"<a href=""http://www.naytev.com"" rel=""nofollow"">Naytev</a>",https://x.com/USNewsHealth/status/1574686513308262400,False,False,2026-04-07T17:46:08.555976+00:00
1574483479643168768,wegovy_weight,wegovy,weight,2022-09-26T19:38:08+00:00,TheBhupiThakur,Bhopender Thakur,@DrNadolsky @MichaelAlbertMD @carel_leroux Semaglutide activates GLP-1 receptors in the hindbrain and hypothalamus and exerts direct and indirect effects on neural pathways involved in homeostatic and hedonic appetite control [38].,en,1,0,1,0,,"<a href=""https://mobile.twitter.com"" rel=""nofollow"">Twitter Web App</a>",https://x.com/TheBhupiThakur/status/1574483479643168768,False,True,2026-04-07T17:46:08.555976+00:00
1574136413603373057,wegovy_weight,wegovy,weight,2022-09-25T20:39:01+00:00,USNewsHealth,U.S. News Health,"A recently approved prescription medication called Wegovy, also known as semaglutide, offers another tool to help some people shed excess pounds, but here's everything you need to know about whether it really works or not.   https://t.co/pHTl1Ky2b3",en,0,0,0,0,,"<a href=""http://www.naytev.com"" rel=""nofollow"">Naytev</a>",https://x.com/USNewsHealth/status/1574136413603373057,False,False,2026-04-07T17:46:08.555976+00:00
1573555738546503683,wegovy_weight,wegovy,weight,2022-09-24T06:11:37+00:00,InquilineKea,Alex K. Chen,"omg TIL you can buy oral semaglutide online and permanently suppress your appetite so CR becomes SUPER-easy to you
semaglutide for appetite suppression AND empagliflozin to pee out sugar",en,4,0,7,0,,"<a href=""https://mobile.twitter.com"" rel=""nofollow"">Twitter Web App</a>",https://x.com/InquilineKea/status/1573555738546503683,False,False,2026-04-07T17:46:08.555976+00:00
1573349151106105345,wegovy_weight,wegovy,weight,2022-09-23T16:30:43+00:00,USNewsHealth,U.S. News Health,"A recently approved prescription medication called Wegovy, also known as semaglutide, offers another tool to help some people shed excess pounds, but here's everything you need to know about whether it really works or not.   https://t.co/E9u1LqAyHI",en,0,0,3,0,,"<a href=""http://www.naytev.com"" rel=""nofollow"">Naytev</a>",https://x.com/USNewsHealth/status/1573349151106105345,False,False,2026-04-07T17:46:08.555976+00:00
1573277494936993792,wegovy_weight,wegovy,weight,2022-09-23T11:45:59+00:00,aahsbambi,Stephanie,@Krishtainy @AskTheNP @Andy I take it. Doctor monitors my progress closely and I have to show progress to stay on it. Have lost 55lbs since Feb 2022. Used to be an athlete but arthritis and medical issues (depression and steroid shots) made me gain. Living healthier thanks to wegovy.,en,1,0,9,0,,"<a href=""http://twitter.com/download/android"" rel=""nofollow"">Twitter for Android</a>",https://x.com/aahsbambi/status/1573277494936993792,False,True,2026-04-07T17:46:08.555976+00:00
1573275719840546817,wegovy_weight,wegovy,weight,2022-09-23T11:38:56+00:00,aahsbambi,Stephanie,@1mmaStatistic I've lost 55. I'm on wegovy but it is the same thing. Losing weight gives me the motivation to eat better and workout. I was struggling to lose it before.,en,0,0,4,0,,"<a href=""http://twitter.com/download/android"" rel=""nofollow"">Twitter for Android</a>",https://x.com/aahsbambi/status/1573275719840546817,False,True,2026-04-07T17:46:08.555976+00:00
1573006163134017537,wegovy_weight,wegovy,weight,2022-09-22T17:47:48+00:00,USNewsHealth,U.S. News Health,"A recently approved prescription medication called Wegovy, also known as semaglutide, offers another tool to help some people shed excess pounds, but here's everything you need to know about whether it really works or not.   https://t.co/flSL1VfbbZ",en,0,0,1,0,,"<a href=""http://www.naytev.com"" rel=""nofollow"">Naytev</a>",https://x.com/USNewsHealth/status/1573006163134017537,False,False,2026-04-07T17:46:08.555976+00:00
1572718965125693442,wegovy_weight,wegovy,weight,2022-09-21T22:46:35+00:00,CureHuntr,CureHuntr,"#clinicaltrial Semaglutide Treatment, Appetite, and Eating Behavior: Long-term Effects https://t.co/9DbJSUGfGl",en,0,0,0,0,,"<a href=""https://ifttt.com"" rel=""nofollow"">IFTTT</a>",https://x.com/CureHuntr/status/1572718965125693442,False,False,2026-04-07T17:46:08.555976+00:00
1572700592711307264,wegovy_weight,wegovy,weight,2022-09-21T21:33:35+00:00,TrialBulletin,TrialBulletin,"Semaglutide Treatment, Appetite, and Eating Behavior: Long-term Effects: Status: Recruiting, 
Condition Summary: Obesity https://t.co/jD1YP1GbHK",en,0,0,0,0,,"<a href=""https://ifttt.com"" rel=""nofollow"">IFTTT</a>",https://x.com/TrialBulletin/status/1572700592711307264,False,False,2026-04-07T17:46:08.555976+00:00
1572421369337348096,wegovy_weight,wegovy,weight,2022-09-21T03:04:03+00:00,USNewsHealth,U.S. News Health,"A recently approved prescription medication called Wegovy, also known as semaglutide, offers another tool to help some people shed excess pounds, but here's everything you need to know about whether it really works or not.   https://t.co/dLl3JHgMx2",en,0,0,1,0,,"<a href=""http://www.naytev.com"" rel=""nofollow"">Naytev</a>",https://x.com/USNewsHealth/status/1572421369337348096,False,False,2026-04-07T17:46:08.555976+00:00
1572244470896234499,wegovy_weight,wegovy,weight,2022-09-20T15:21:07+00:00,juliefrances61,Julie Procell Middlebrooks 🐢🐊,"I have taken semaglutide since it was approved in 2021, and have gradually lost over 70 pounds. My BMI, BP, lymphedema, and overall health has improved greatly. Despite post-spine surgery issues, I am able to walk for exercise again. I highly recommend @MyWegovy 👏🏻",en,1,0,3,0,,"<a href=""http://twitter.com/download/iphone"" rel=""nofollow"">Twitter for iPhone</a>",https://x.com/juliefrances61/status/1572244470896234499,False,False,2026-04-07T17:46:08.555976+00:00
1572242768046747649,wegovy_weight,wegovy,weight,2022-09-20T15:14:21+00:00,insulincanada,Buy Canadian Insulin,"Ozempic (semaglutide) is a once-weekly injection that has been widely publicized and has helped countless Americans shed unwanted pounds

With a prescription, Americans can SAVE UP TO 90% on medication with https://t.co/FKxx7LBzVR

SAVE 10% on first order with promo code FIRST10 https://t.co/lGHJtlcF1C",en,0,0,0,0,,"<a href=""https://mobile.twitter.com"" rel=""nofollow"">Twitter Web App</a>",https://x.com/insulincanada/status/1572242768046747649,False,False,2026-04-07T17:46:09.751955+00:00
1572124399745921024,wegovy_weight,wegovy,weight,2022-09-20T07:24:00+00:00,PJOnline_News,The Pharmaceutical Journal,"NICE has published guidance recommending the use of semaglutide, an appetite suppressant, for overweight and obese adults

https://t.co/eeMh2gQRlv",en,0,4,6,0,,"<a href=""https://about.twitter.com/products/tweetdeck"" rel=""nofollow"">TweetDeck</a>",https://x.com/PJOnline_News/status/1572124399745921024,False,False,2026-04-07T17:46:09.751955+00:00
1571945213349793796,wegovy_weight,wegovy,weight,2022-09-19T19:31:58+00:00,USNewsHealth,U.S. News Health,"A recently approved prescription medication called Wegovy, also known as semaglutide, offers another tool to help some people shed excess pounds, but here's everything you need to know about whether it really works or not.   https://t.co/6EAE2yZhMW",en,1,0,0,0,,"<a href=""http://www.naytev.com"" rel=""nofollow"">Naytev</a>",https://x.com/USNewsHealth/status/1571945213349793796,False,False,2026-04-07T17:46:09.752952+00:00
1571878148727267331,wegovy_weight,wegovy,weight,2022-09-19T15:05:29+00:00,SimpleFixWlc,Simple Fix WLC,"Lose weight fast with Semaglutide from SimpleFix. Our average patient loses a minimum of 15% of their body weight. Most average 33 pounds. You can do this with little effort. It's Simple.

https://t.co/PlOrqoEeCJ https://t.co/fr65AkI8bT",en,0,0,0,0,,"<a href=""https://app.sendible.com"" rel=""nofollow"">Sendible</a>",https://x.com/SimpleFixWlc/status/1571878148727267331,False,False,2026-04-07T17:46:09.752952+00:00
1571639762569535489,wegovy_weight,wegovy,weight,2022-09-18T23:18:13+00:00,mhjrad,Michael Justus,"when you take 𝗚𝗟𝗣-1 agonists (dulaglutide, semaglutide, liraglutide) you are 𝗚onna 𝗟ose 𝗣ounds (assoc. with weight loss)",en,9,111,865,7,,"<a href=""https://mobile.twitter.com"" rel=""nofollow"">Twitter Web App</a>",https://x.com/mhjrad/status/1571639762569535489,False,False,2026-04-07T17:46:09.752952+00:00
1571563798838022144,wegovy_weight,wegovy,weight,2022-09-18T18:16:22+00:00,bhavishcracker,Bhavish Shah,#Tirzepatide inj. trial shows better results in T2D as compared to #semaglutide. Duplicates natural insulin-releasing &amp; appetite-suppressing hormones. https://t.co/eFiqBVt3He,en,0,0,0,0,,"<a href=""http://twitter.com/download/android"" rel=""nofollow"">Twitter for Android</a>",https://x.com/bhavishcracker/status/1571563798838022144,False,False,2026-04-07T17:46:09.752952+00:00
1571195472299147278,wegovy_weight,wegovy,weight,2022-09-17T17:52:46+00:00,CateVarney,Dr. Cate Varney,"Wegovy (semaglutide 2.4 mg) would be the most cost effective AOM if it didn’t cost $19,200 per year. Average weight loss ~17% with 34% of participants losing MORE than 20% of their starting body weight. How much would you lose? Potentially, your current weight (lbs) X 0.2 !",en,3,3,11,0,,"<a href=""http://twitter.com/download/iphone"" rel=""nofollow"">Twitter for iPhone</a>",https://x.com/CateVarney/status/1571195472299147278,False,False,2026-04-07T17:46:09.752952+00:00
1571147989187727363,wegovy_weight,wegovy,weight,2022-09-17T14:44:05+00:00,BevTchangMD,"Beverly G. Tchang, MD","- @icer_review revealed its conclusions yesterday
- phen/top was the most cost effective and better than lifestyle for treatment of obesity
- sema 2.4 would be cost-effective if priced between $7,500-$9,800 per year (currently $19200/yr)
https://t.co/o9j1Uf2Inu
3/ https://t.co/bF8h0NuyLa",en,1,0,3,1,,"<a href=""https://mobile.twitter.com"" rel=""nofollow"">Twitter Web App</a>",https://x.com/BevTchangMD/status/1571147989187727363,False,True,2026-04-07T17:46:09.752952+00:00
1571156231334625282,wegovy_weight,wegovy,weight,2022-09-17T15:16:50+00:00,MichelleCardel,"Michelle Cardel, PhD, MS, RD","And how can we not talk about improvements in pharmacotherapy? Semaglutide is deemed a ""game changer"", showing wt losses that parallel surgery (average 15% &amp; more than 1/3 lost &gt;20% of their weight). And let's not forget the amazingness of Tirzepatide.

https://t.co/6QiY6Kob2m",en,2,0,15,0,,"<a href=""https://mobile.twitter.com"" rel=""nofollow"">Twitter Web App</a>",https://x.com/MichelleCardel/status/1571156231334625282,False,True,2026-04-07T17:46:09.752952+00:00
1570928614472032257,wegovy_weight,wegovy,weight,2022-09-17T00:12:22+00:00,BevTchangMD,"Beverly G. Tchang, MD","Side effect of semaglutide:

Too much time shopping

“I don’t know what size I am. I keep trying on smaller and smaller sizes and they are still too big on me. I’m in disbelief that I don’t have to shop in the plus size rack anymore” 

- patient minus 43 lbs",en,4,1,33,0,,"<a href=""http://twitter.com/download/iphone"" rel=""nofollow"">Twitter for iPhone</a>",https://x.com/BevTchangMD/status/1570928614472032257,False,False,2026-04-07T17:46:09.752952+00:00
1570817665807142913,wegovy_weight,wegovy,weight,2022-09-16T16:51:30+00:00,USNewsHealth,U.S. News Health,"A recently approved prescription medication called Wegovy, also known as semaglutide, offers another tool to help some people shed excess pounds, but here's everything you need to know about whether it really works or not.   https://t.co/8SZkdEXzul",en,0,1,0,0,,"<a href=""http://www.naytev.com"" rel=""nofollow"">Naytev</a>",https://x.com/USNewsHealth/status/1570817665807142913,False,False,2026-04-07T17:46:09.752952+00:00
1570744920863870977,wegovy_weight,wegovy,weight,2022-09-16T12:02:26+00:00,SvelteMd,SvelteMD,"How does Svelte Sema work?

- Food remains in the stomach longer making you feel #full and limiting overeating.
- #Insulin secretion is optimized to carry sugar to the cell and not store #fat.
- Semaglutide mimics a #hormone that reduces #appetite.

#weightloss #loseweight https://t.co/GCRZWMdWsJ",en,0,0,0,0,,"<a href=""https://www.hootsuite.com"" rel=""nofollow"">Hootsuite Inc.</a>",https://x.com/SvelteMd/status/1570744920863870977,False,False,2026-04-07T17:46:09.752952+00:00
1570614797930229760,wegovy_weight,wegovy,weight,2022-09-16T03:25:23+00:00,jwitcraft,J,"@DrNadolsky I'm intrigued, but failed wegovy at months 1-6. (Down 4-7 pounds on average, need to lose 87 to be 25 BMI).  Would the Sequence consult/program take that failure into account?",en,0,0,0,0,,"<a href=""https://mobile.twitter.com"" rel=""nofollow"">Twitter Web App</a>",https://x.com/jwitcraft/status/1570614797930229760,False,True,2026-04-07T17:46:09.752952+00:00
1570581507428782081,wegovy_weight,wegovy,weight,2022-09-16T01:13:06+00:00,SimpleFixWlc,Simple Fix WLC,"Are you ready to feel great, gain confidence, and have vitality? The SimpleFix solution to losing weight is easy. Most patients lose at least 30 pounds using our Semaglutide formula. No special dieting. No strenuous excise. Lose weight simply!

https://t.co/PlOrqoEeCJ https://t.co/Bzps9hNwpn",en,0,0,0,0,,"<a href=""https://app.sendible.com"" rel=""nofollow"">Sendible</a>",https://x.com/SimpleFixWlc/status/1570581507428782081,False,False,2026-04-07T17:46:09.752952+00:00
1570462593105694721,wegovy_weight,wegovy,weight,2022-09-15T17:20:34+00:00,mtns2ocean,mountains to oceans.,@DadInvest I’ve been losing 3-4 pounds per week since June thanks to the miracle of Semaglutide from Nova Nordisk. Taken with diet and exercise it’s turbocharged my weight loss. The only downside is I’m running out of clothes that fit.,en,1,0,3,0,,"<a href=""http://twitter.com/download/iphone"" rel=""nofollow"">Twitter for iPhone</a>",https://x.com/mtns2ocean/status/1570462593105694721,False,True,2026-04-07T17:46:09.752952+00:00
1570462552374628354,wegovy_weight,wegovy,weight,2022-09-15T17:20:24+00:00,AgelessMedSpa2,Ageless Expressions MedSpa,"*Semaglutide has entered the chat!*👋

This FDA-approved, injectable medication is now available at Ageless Expressions MedSpa! Our trained medical staff will oversee your weight loss journey by performing your weekly injection, and recording your progress. 

#weightloss #medspa https://t.co/ktLfz6pclS",en,0,0,0,0,,"<a href=""https://app.sendible.com"" rel=""nofollow"">Sendible</a>",https://x.com/AgelessMedSpa2/status/1570462552374628354,False,False,2026-04-07T17:46:09.752952+00:00
1570337821709291520,wegovy_weight,wegovy,weight,2022-09-15T09:04:46+00:00,USNewsHealth,U.S. News Health,"A recently approved prescription medication called Wegovy, also known as semaglutide, offers another tool to help some people shed excess pounds, but here's everything you need to know about whether it really works or not.   https://t.co/i0LNwUEkcq",en,0,0,0,0,,"<a href=""http://www.naytev.com"" rel=""nofollow"">Naytev</a>",https://x.com/USNewsHealth/status/1570337821709291520,False,False,2026-04-07T17:46:09.752952+00:00
1570235867473510400,wegovy_weight,wegovy,weight,2022-09-15T02:19:39+00:00,deckerlesscarbs,"Amanda Decker FNP-C, MHP, CKNS",Multiple patients today “semaglutide is no longer working” All of them had started including more processed carbs like bagels. The body is smart. You can’t obliterated it’s hormonal drivers of appetite with medication. @DoctorTro @KenDBerryMD,en,0,0,11,0,,"<a href=""http://twitter.com/download/iphone"" rel=""nofollow"">Twitter for iPhone</a>",https://x.com/deckerlesscarbs/status/1570235867473510400,False,False,2026-04-07T17:46:09.752952+00:00
1570203778548404225,wegovy_weight,wegovy,weight,2022-09-15T00:12:08+00:00,LeeRich1969,Lee Richland,@BenBikmanPhD  was taking wegovy to help with the lbs through a program called calibrate had some success but then found keto/carnivore and in 2 weeks dropped 9 pounds and a pant size .. not sure about continuing with wegovy but definitely keto,en,1,0,0,0,,"<a href=""http://twitter.com/download/iphone"" rel=""nofollow"">Twitter for iPhone</a>",https://x.com/LeeRich1969/status/1570203778548404225,False,False,2026-04-07T17:46:09.752952+00:00
1570047490438885383,wegovy_weight,wegovy,weight,2022-09-14T13:51:06+00:00,blackecodev,blackeco,Sheryl Underwood Drops 90 Pounds with Help of New Drug Wegovy #thinkblack #buyblack #blackeconomicdevelopment https://t.co/3Xf7vZVCbn,en,0,0,0,0,,"<a href=""https://socialbee.com/"" rel=""nofollow"">SocialBee</a>",https://x.com/blackecodev/status/1570047490438885383,False,False,2026-04-07T17:46:09.753949+00:00
1570003777607852032,wegovy_weight,wegovy,weight,2022-09-14T10:57:24+00:00,ckd_ce,@CKD_ce,"43a) So under these new proposed criteria our patient in future would qualify for #semaglutide for weight management as part of a tier 3 service. This is based on evidence from the #STEP1 #RCT ➡️pts taking semaglutide lost on average, 12% more of their body wgt vs placebo.",en,1,0,0,0,,"<a href=""https://mobile.twitter.com"" rel=""nofollow"">Twitter Web App</a>",https://x.com/ckd_ce/status/1570003777607852032,False,True,2026-04-07T17:46:09.753949+00:00
1569824566083747840,wegovy_weight,wegovy,weight,2022-09-13T23:05:17+00:00,B12RXandMORE,B12 RX & MORE,"What a great day at B12 RX &amp; MORE today! We have been swamped with clients coming in! If you haven't heard about the incredible benefits of vitamins injections, you need to come in or call us ASAP! 

We now have Semaglutide to help with those extra stubborn pounds! https://t.co/sGcGZZnle8",en,0,0,0,0,,"<a href=""https://mobile.twitter.com"" rel=""nofollow"">Twitter Web App</a>",https://x.com/B12RXandMORE/status/1569824566083747840,False,False,2026-04-07T17:46:11.288155+00:00
1569808492583600128,wegovy_weight,wegovy,weight,2022-09-13T22:01:24+00:00,SvelteMd,SvelteMD,"📣 INTRODUCING our new #weightlossprogram: Svelte Sema!

#Semaglutide is an FDA-approved #peptide that is injected once a week to help regulate #food intake! You'll feel full longer, store less #fat, and experience a reduced #appetite. ✨ 

#weightloss #loseweight https://t.co/oxJ1mghuqe",en,1,0,0,0,,"<a href=""https://www.hootsuite.com"" rel=""nofollow"">Hootsuite Inc.</a>",https://x.com/SvelteMd/status/1569808492583600128,False,False,2026-04-07T17:46:11.288155+00:00
1569801923263594496,wegovy_weight,wegovy,weight,2022-09-13T21:35:18+00:00,AndersonMIX97,JUSTIN ANDERSON,Research from the University of Alabama might be a weight loss game-changer! A weekly shot of semaglutide helped patients lose an average of 37 pounds and cut diabetes risk by 50%. https://t.co/vAZ2fjgz1p,en,0,0,0,0,,"<a href=""https://mobile.twitter.com"" rel=""nofollow"">Twitter Web App</a>",https://x.com/AndersonMIX97/status/1569801923263594496,False,False,2026-04-07T17:46:11.288155+00:00
1569777750621278209,wegovy_weight,wegovy,weight,2022-09-13T19:59:15+00:00,BevTchangMD,"Beverly G. Tchang, MD","I love when people with platforms are open about their challenges and successes

I love too that it was a colorectal surgeon who rx’d wegovy 

#obesity is a disease we all have a responsibility to address 

Co-Host Sheryl Underwood Lost 90 Lbs https://t.co/OPcAWNO879 via @people",en,1,1,10,0,,"<a href=""http://twitter.com/download/iphone"" rel=""nofollow"">Twitter for iPhone</a>",https://x.com/BevTchangMD/status/1569777750621278209,False,False,2026-04-07T17:46:11.288155+00:00
1569749719823310849,wegovy_weight,wegovy,weight,2022-09-13T18:07:52+00:00,USNewsHealth,U.S. News Health,"A recently approved prescription medication called Wegovy, also known as semaglutide, offers another tool to help some people shed excess pounds, but here's everything you need to know about whether it really works or not.   https://t.co/XO7JakHvb8",en,2,0,0,0,,"<a href=""http://www.naytev.com"" rel=""nofollow"">Naytev</a>",https://x.com/USNewsHealth/status/1569749719823310849,False,False,2026-04-07T17:46:11.288155+00:00
1569619394488999936,wegovy_weight,wegovy,weight,2022-09-13T09:30:00+00:00,RT_com,RT,"Described by the University of Alabama team behind the discovery as a ‘game changer,’ the jab utilizes the drug semaglutide to hijack the brain’s appetite regulation system, slashing calorie intake by drastically reducing feelings of hunger. https://t.co/KNvghlDaQm",en,9,14,56,2,,"<a href=""https://about.twitter.com/products/tweetdeck"" rel=""nofollow"">TweetDeck</a>",https://x.com/RT_com/status/1569619394488999936,False,False,2026-04-07T17:46:11.288155+00:00
1569418726226681856,wegovy_weight,wegovy,weight,2022-09-12T20:12:37+00:00,EASOobesity,EASO,"“Along with weight regain after stopping semaglutide, it doesn’t come as a surprise that most of the health benefits were lost as well, including benefits to blood pressure, blood sugar, and inflammation (hsCRP)” @ObesityCan",en,0,1,1,0,,"<a href=""http://twitter.com/#!/download/ipad"" rel=""nofollow"">Twitter for iPad</a>",https://x.com/EASOobesity/status/1569418726226681856,False,False,2026-04-07T17:46:11.288155+00:00
1569346098749181952,wegovy_weight,wegovy,weight,2022-09-12T15:24:01+00:00,ObesityCan,Obesity Canada,"If weight management medication is stopped, will the weight come back? Read this week's blog by Dr. Sue. https://t.co/8w7OZ1K5ou https://t.co/YAlBuE7wWb",en,0,1,4,1,,"<a href=""https://buffer.com"" rel=""nofollow"">Buffer App</a>",https://x.com/ObesityCan/status/1569346098749181952,False,False,2026-04-07T17:46:11.288155+00:00
1569401022237270017,wegovy_weight,wegovy,weight,2022-09-12T19:02:16+00:00,TerrellClinicOK,Terrell Clinic,"No dieting or exercise required! Average weight loss has been 15-30 pounds within 3 months with our Semaglutide Injections! DM for details. 
#semaglutide #semaglutideweightloss #weightloss @ Terrell Clinic https://t.co/N81a8HCynP",en,0,0,0,0,,"<a href=""http://instagram.com"" rel=""nofollow"">Instagram</a>",https://x.com/TerrellClinicOK/status/1569401022237270017,False,False,2026-04-07T17:46:11.288155+00:00
1569396332963549186,wegovy_weight,wegovy,weight,2022-09-12T18:43:38+00:00,deauxpaul,Paul Deaux,"Jab that makes you feel full could cut your risk of Type 2 diabetes
'Game-changer' Wegovy injection that suppresses your appetite recommended for use on the NHS https://t.co/Oveh0vLfTG",en,0,0,0,0,,"<a href=""http://twitter.com/download/iphone"" rel=""nofollow"">Twitter for iPhone</a>",https://x.com/deauxpaul/status/1569396332963549186,False,False,2026-04-07T17:46:11.288155+00:00
1569348550798221314,wegovy_weight,wegovy,weight,2022-09-12T15:33:46+00:00,LeftistCulture,Cultural Enrichment,The Talk co-host Sheryl Underwood shed 90lbs off her 250lb frame with Wegovy injections: The 58-year-old Daytime Emmy Award winner has dropped four dress sizes but she wants to lose 25 more pounds https://t.co/htPNkivE6H https://t.co/dH10u2usYp,en,0,0,0,0,,"<a href=""https://dlvrit.com/"" rel=""nofollow"">dlvr.it</a>",https://x.com/LeftistCulture/status/1569348550798221314,False,False,2026-04-07T17:46:11.289152+00:00
1569310299878035456,wegovy_weight,wegovy,weight,2022-09-12T13:01:46+00:00,InShapeMDTX,InShapeMDTX,"We are introducing the newest chronic weight loss aid offered by #InShapeMDTX - Semaglutide! Semaglutide works by mimicking a hormone called glucagon-like peptide-1 that targets areas of the brain that regulate appetite and food intake. 

If you’re interested in trying this new https://t.co/r6rU4zDpzY",en,0,0,1,0,,"<a href=""http://socialappsnow.com"" rel=""nofollow"">Social Apps Now</a>",https://x.com/InShapeMDTX/status/1569310299878035456,False,False,2026-04-07T17:46:11.289152+00:00
1569174523609595905,wegovy_weight,wegovy,weight,2022-09-12T04:02:14+00:00,USNewsHealth,U.S. News Health,"A recently approved prescription medication called Wegovy, also known as semaglutide, offers another tool to help some people shed excess pounds, but here's everything you need to know about whether it really works or not.   https://t.co/Zphgnow3WT",en,0,0,0,0,,"<a href=""http://www.naytev.com"" rel=""nofollow"">Naytev</a>",https://x.com/USNewsHealth/status/1569174523609595905,False,False,2026-04-07T17:46:11.289152+00:00
1568600614623641600,wegovy_weight,wegovy,weight,2022-09-10T14:01:44+00:00,SvelteMd,SvelteMD,"How does Svelte Sema work?

- Food remains in the stomach longer making you feel #full and limiting overeating.
- #Insulin secretion is optimized to carry sugar to the cell and not store #fat.
- Semaglutide mimics a #hormone that reduces #appetite.

#weightloss #loseweight https://t.co/KKVA0cn26B",en,0,0,0,0,,"<a href=""https://www.hootsuite.com"" rel=""nofollow"">Hootsuite Inc.</a>",https://x.com/SvelteMd/status/1568600614623641600,False,False,2026-04-07T17:46:11.289152+00:00
1568201761462140930,wegovy_weight,wegovy,weight,2022-09-09T11:36:50+00:00,USNewsHealth,U.S. News Health,"A recently approved prescription medication called Wegovy, also known as semaglutide, offers another tool to help some people shed excess pounds, but here's everything you need to know about whether it really works or not.   https://t.co/Y1lnfrJlii",en,0,0,1,0,,"<a href=""http://www.naytev.com"" rel=""nofollow"">Naytev</a>",https://x.com/USNewsHealth/status/1568201761462140930,False,False,2026-04-07T17:46:11.289152+00:00
1567990745369579523,wegovy_weight,wegovy,weight,2022-09-08T21:38:20+00:00,TerrellClinicOK,Terrell Clinic,"No dieting or exercise required! Average weight loss has been 15-30 pounds within 3 months with our Semaglutide Injections! DM for details. 
#semaglutide #semaglutideweightloss #weightloss @ Terrell Clinic https://t.co/I2dYdYIkC1",en,0,0,0,0,,"<a href=""http://instagram.com"" rel=""nofollow"">Instagram</a>",https://x.com/TerrellClinicOK/status/1567990745369579523,False,False,2026-04-07T17:46:11.289152+00:00
1567948177600544768,wegovy_weight,wegovy,weight,2022-09-08T18:49:11+00:00,MSamu1,Michael Samu,"@KenDBerryMD @ObesityResolved I have been mostly carnivore for 6 mo lost 30lbs, but am stuck. I  watched Dr. Berry's  video on Wegovy and Dr.Cywes's video on ozempic. I have to lose 70 more lbs for knee surgery that I desperatly need. Opinions?",en,1,0,2,0,,"<a href=""http://twitter.com/download/android"" rel=""nofollow"">Twitter for Android</a>",https://x.com/MSamu1/status/1567948177600544768,False,False,2026-04-07T17:46:11.289152+00:00
1567476828075352064,wegovy_weight,wegovy,weight,2022-09-07T11:36:12+00:00,USNewsHealth,U.S. News Health,"A recently approved prescription medication called Wegovy, also known as semaglutide, offers another tool to help some people shed excess pounds, but here's everything you need to know about whether it really works or not.   https://t.co/uKer8PVsX1",en,0,0,0,0,,"<a href=""http://www.naytev.com"" rel=""nofollow"">Naytev</a>",https://x.com/USNewsHealth/status/1567476828075352064,False,False,2026-04-07T17:46:11.289152+00:00
1567271694166794240,wegovy_weight,wegovy,weight,2022-09-06T22:01:05+00:00,SvelteMd,SvelteMD,"📣 INTRODUCING our new #weightlossprogram: Svelte Sema!

#Semaglutide is an FDA-approved #peptide that is injected once a week to help regulate #food intake! You'll feel full longer, store less #fat, and experience a reduced #appetite. ✨

#weightloss #loseweight https://t.co/uj6H8vO8aJ",en,0,0,0,0,,"<a href=""https://www.hootsuite.com"" rel=""nofollow"">Hootsuite Inc.</a>",https://x.com/SvelteMd/status/1567271694166794240,False,False,2026-04-07T17:46:11.289152+00:00
1566675602492596226,wegovy_weight,wegovy,weight,2022-09-05T06:32:25+00:00,USNewsHealth,U.S. News Health,"A recently approved prescription medication called Wegovy, also known as semaglutide, offers another tool to help some people shed excess pounds, but here's everything you need to know about whether it really works or not.   https://t.co/vWrAYiLXHi",en,0,0,1,0,,"<a href=""http://www.naytev.com"" rel=""nofollow"">Naytev</a>",https://x.com/USNewsHealth/status/1566675602492596226,False,False,2026-04-07T17:46:11.289152+00:00
1565800409888866304,wegovy_weight,wegovy,weight,2022-09-02T20:34:43+00:00,USNewsHealth,U.S. News Health,"A recently approved prescription medication called Wegovy, also known as semaglutide, offers another tool to help some people shed excess pounds, but here's everything you need to know about whether it really works or not.   https://t.co/G0vec1XEWO",en,0,0,1,0,,"<a href=""http://www.naytev.com"" rel=""nofollow"">Naytev</a>",https://x.com/USNewsHealth/status/1565800409888866304,False,False,2026-04-07T17:46:11.289152+00:00
1565331301154037766,wegovy_weight,wegovy,weight,2022-09-01T13:30:39+00:00,USNewsHealth,U.S. News Health,"A recently approved prescription medication called Wegovy, also known as semaglutide, offers another tool to help some people shed excess pounds, but here's everything you need to know about whether it really works or not.   https://t.co/jBkNRF82qz",en,0,0,0,0,,"<a href=""http://www.naytev.com"" rel=""nofollow"">Naytev</a>",https://x.com/USNewsHealth/status/1565331301154037766,False,False,2026-04-07T17:46:12.885931+00:00
1564796346795786241,wegovy_weight,wegovy,weight,2022-08-31T02:04:56+00:00,0xWittgenstein,Ludwig Wittgenstein,"Met up with someone who lost a load of weight using Semaglutide. The medical mumbo jumbo is that it limits hunger but keeps metabolism high by controlling insulin release by pancreas. His cholesterol/blood pressure/etc all improved. Covered by insurance, a shot just once a week.",en,0,0,14,1,,"<a href=""https://mobile.twitter.com"" rel=""nofollow"">Twitter Web App</a>",https://x.com/0xWittgenstein/status/1564796346795786241,False,False,2026-04-07T17:46:12.885931+00:00
1564794206375354370,wegovy_weight,wegovy,weight,2022-08-31T01:56:25+00:00,MaskedHottiee,KTheMan,"@colderthan__ice Ah okay. Saxenda is a great start then, I’ve seen hella people say wegovy was super successful for them. Like 15% body weight lost",en,1,0,0,0,,"<a href=""http://twitter.com/download/iphone"" rel=""nofollow"">Twitter for iPhone</a>",https://x.com/MaskedHottiee/status/1564794206375354370,False,True,2026-04-07T17:46:12.885931+00:00
1564717375878057988,wegovy_weight,wegovy,weight,2022-08-30T20:51:08+00:00,USNewsHealth,U.S. News Health,"A recently approved prescription medication called Wegovy, also known as semaglutide, offers another tool to help some people shed excess pounds, but here's everything you need to know about whether it really works or not.   https://t.co/gikXk0FgrN",en,0,1,1,0,,"<a href=""http://www.naytev.com"" rel=""nofollow"">Naytev</a>",https://x.com/USNewsHealth/status/1564717375878057988,False,False,2026-04-07T17:46:12.885931+00:00
1564685892966666240,wegovy_weight,wegovy,weight,2022-08-30T18:46:01+00:00,FlyteHealth,FlyteHealth,Wegovy represents the start of a second generation of #obesity #pharmacotherapy. “There has been a paradigm shift in obesity treatment that has paralleled our understanding of the underlying appetite dysregulation of the disease.” https://t.co/8Lk8PR11OH https://t.co/qQZR1kgkRQ,en,0,0,1,0,,"<a href=""https://buffer.com"" rel=""nofollow"">Buffer App</a>",https://x.com/FlyteHealth/status/1564685892966666240,False,False,2026-04-07T17:46:12.885931+00:00
1564418613213380608,wegovy_weight,wegovy,weight,2022-08-30T01:03:57+00:00,BrianOsbourn,Picolas Cage,@joshencinias Chat with your doc about semaglutide. Side effects SUCK for a couple weeks but it works with your genetics to sort of rewire your eating as well as metabolism. Lost about 30 lbs in a couple of months,en,1,0,1,0,,"<a href=""http://twitter.com/download/iphone"" rel=""nofollow"">Twitter for iPhone</a>",https://x.com/BrianOsbourn/status/1564418613213380608,False,True,2026-04-07T17:46:12.885931+00:00
1564371520268419078,wegovy_weight,wegovy,weight,2022-08-29T21:56:49+00:00,Branmiz25,Brandon Mizroch,@jtrebach Ohh! That’s the class of the new weight loss drug wegovy! Helps signal satiety to reduce appetite! Thanks island dragons and your magical spit!,en,0,1,7,0,,"<a href=""http://twitter.com/download/iphone"" rel=""nofollow"">Twitter for iPhone</a>",https://x.com/Branmiz25/status/1564371520268419078,False,True,2026-04-07T17:46:12.885931+00:00
1564275420903735298,wegovy_weight,wegovy,weight,2022-08-29T15:34:57+00:00,AliLexa,Ali Juris,"@ashleyjonas101 My insurance unfortunately denies every type of ""weight loss"" medication (Wegovy, Ozempic, Saxenda) because I'm not prediabetic/diabetic. I still have PCOS symptoms (ovarian cysts, acne, high testosterone, no periods) but I'm hoping with the weight loss I'll make progress!",en,2,0,2,0,,"<a href=""https://mobile.twitter.com"" rel=""nofollow"">Twitter Web App</a>",https://x.com/AliLexa/status/1564275420903735298,False,True,2026-04-07T17:46:12.885931+00:00
1564237160479424515,wegovy_weight,wegovy,weight,2022-08-29T13:02:55+00:00,InShapeMDTX,InShapeMDTX,"Our team at #InShapeMDTX knows that not all weight loss programs work for everyone, so we offer a multitude of different weight loss options.

Starting as low as $299, we offer appetite suppressants, Semaglutide injections, and lots more! 💉

Call us today to schedule a consul https://t.co/nfdr3BAtzp",en,0,0,2,0,,"<a href=""http://socialappsnow.com"" rel=""nofollow"">Social Apps Now</a>",https://x.com/InShapeMDTX/status/1564237160479424515,False,False,2026-04-07T17:46:12.886927+00:00
1564214567328161794,wegovy_weight,wegovy,weight,2022-08-29T11:33:09+00:00,USNewsHealth,U.S. News Health,"A recently approved prescription medication called Wegovy, also known as semaglutide, offers another tool to help some people shed excess pounds, but here's everything you need to know about whether it really works or not.   https://t.co/w9ZBFPFGYu",en,0,0,1,0,,"<a href=""http://www.naytev.com"" rel=""nofollow"">Naytev</a>",https://x.com/USNewsHealth/status/1564214567328161794,False,False,2026-04-07T17:46:12.886927+00:00
1563969381020958728,wegovy_weight,wegovy,weight,2022-08-28T19:18:52+00:00,JessicaTetreau,Jessica,"@elonmusk I had to have my thyroid removed and after that I was really struggling with weight gain, being swollen and I felt miserable. My doctor prescribed WEGOVY, and I lost 24 pounds in just 3.5 weeks but most importantly, I feel better. That medication really works.",en,2,0,31,0,,"<a href=""http://twitter.com/download/iphone"" rel=""nofollow"">Twitter for iPhone</a>",https://x.com/JessicaTetreau/status/1563969381020958728,False,True,2026-04-07T17:46:12.886927+00:00
1563694668633841664,wegovy_weight,wegovy,weight,2022-08-28T01:07:15+00:00,AviBittMD,"Avi Bitterman, MD","Examples of Real ""biohacks"":

Cholesterol lowering drugs
BP lowering drugs
Glucose lowering drugs
Semaglutide (appetite and weight loss)

Examples of things people call ""biohacks"" but aren't:

Your favorite diet (Keto included)
Sunning your balls/anus
Drinking your own urine",en,8,10,141,1,,"<a href=""https://mobile.twitter.com"" rel=""nofollow"">Twitter Web App</a>",https://x.com/AviBittMD/status/1563694668633841664,False,False,2026-04-07T17:46:12.886927+00:00
1563658048794681349,wegovy_weight,wegovy,weight,2022-08-27T22:41:44+00:00,TerrellClinicOK,Terrell Clinic,"No dieting or exercise required! Average weight loss has been 15-30 pounds within 3 months with our Semaglutide Injections! DM for details. 
#semaglutide #semaglutideweightloss #weightloss @ Terrell Clinic https://t.co/qPyM6yVZfZ",en,0,0,0,0,,"<a href=""http://instagram.com"" rel=""nofollow"">Instagram</a>",https://x.com/TerrellClinicOK/status/1563658048794681349,False,False,2026-04-07T17:46:12.886927+00:00
1563266620159852546,wegovy_weight,wegovy,weight,2022-08-26T20:46:20+00:00,USNewsHealth,U.S. News Health,"A recently approved prescription medication called Wegovy, also known as semaglutide, offers another tool to help some people shed excess pounds, but here's everything you need to know about whether it really works or not.   https://t.co/m3dzFViQo6",en,0,0,3,0,,"<a href=""http://www.naytev.com"" rel=""nofollow"">Naytev</a>",https://x.com/USNewsHealth/status/1563266620159852546,False,False,2026-04-07T17:46:12.886927+00:00
1562900727810629632,wegovy_weight,wegovy,weight,2022-08-25T20:32:25+00:00,USNewsHealth,U.S. News Health,"A recently approved prescription medication called Wegovy, also known as semaglutide, offers another tool to help some people shed excess pounds, but here's everything you need to know about whether it really works or not.   https://t.co/QsDcGPeEjT",en,0,0,1,0,,"<a href=""http://www.naytev.com"" rel=""nofollow"">Naytev</a>",https://x.com/USNewsHealth/status/1562900727810629632,False,False,2026-04-07T17:46:12.886927+00:00
1562789647947771905,wegovy_weight,wegovy,weight,2022-08-25T13:11:01+00:00,DrScottsMd,"Dr. Scott's Restorative Health, Aesthetics & Testo","""One month after we started Semaglutide, I was down 17 lbs &amp; the inflammation in my joints is gone &amp; so is the pain. My husband lost 25 lbs during the same timeframe. We would highly recommend this plan, especially for someone wanting to kickstart their weight loss journey."" https://t.co/btLOFOmvDx",en,0,0,0,0,,"<a href=""https://buffer.com"" rel=""nofollow"">Buffer App</a>",https://x.com/DrScottsMd/status/1562789647947771905,False,False,2026-04-07T17:46:12.886927+00:00
1562553178154905601,wegovy_weight,wegovy,weight,2022-08-24T21:31:23+00:00,USNewsHealth,U.S. News Health,"A recently approved prescription medication called Wegovy, also known as semaglutide, offers another tool to help some people shed excess pounds, but here's everything you need to know about whether it really works or not.   https://t.co/blXdSR8YU3",en,0,1,1,0,,"<a href=""http://www.naytev.com"" rel=""nofollow"">Naytev</a>",https://x.com/USNewsHealth/status/1562553178154905601,False,False,2026-04-07T17:46:12.886927+00:00
1562525986201096192,wegovy_weight,wegovy,weight,2022-08-24T19:43:20+00:00,ragingmemories,Michele,"@ebonielon I describe my Wegovy experience as breaking the emotional link between my brain and good. Saxenda helped with appetite and hunger but I still wanted to be able to eat more and would binge eat quickly, but now I just don't want to anymore and just don't care.",en,1,0,0,0,,"<a href=""http://twitter.com/download/android"" rel=""nofollow"">Twitter for Android</a>",https://x.com/ragingmemories/status/1562525986201096192,False,True,2026-04-07T17:46:12.886927+00:00
1562188555614531584,wegovy_weight,wegovy,weight,2022-08-23T21:22:30+00:00,USNewsHealth,U.S. News Health,"A recently approved prescription medication called Wegovy, also known as semaglutide, offers another tool to help some people shed excess pounds, but here's everything you need to know about whether it really works or not.   https://t.co/6Ea4Mxq4mj",en,0,0,0,0,,"<a href=""http://www.naytev.com"" rel=""nofollow"">Naytev</a>",https://x.com/USNewsHealth/status/1562188555614531584,False,False,2026-04-07T17:46:12.886927+00:00
1562135906722668544,wegovy_weight,wegovy,weight,2022-08-23T17:53:17+00:00,TerrellClinicOK,Terrell Clinic,"No dieting or exercise required! Average weight loss has been 15-30 pounds within 3 months with our Semaglutide Injections! DM for details. 
#semaglutide #semaglutideweightloss #weightloss @ Terrell Clinic https://t.co/HVP7connlY",en,0,0,0,0,,"<a href=""http://instagram.com"" rel=""nofollow"">Instagram</a>",https://x.com/TerrellClinicOK/status/1562135906722668544,False,False,2026-04-07T17:46:12.886927+00:00
1561786791199477762,wegovy_weight,wegovy,weight,2022-08-22T18:46:02+00:00,FlyteHealth,FlyteHealth,Wegovy represents the start of a second generation of #obesity #pharmacotherapy. “There has been a paradigm shift in obesity treatment that has paralleled our understanding of the underlying appetite dysregulation of the disease.” https://t.co/SyGaoCJqyV https://t.co/hY8EVk81FU,en,1,2,3,0,,"<a href=""https://buffer.com"" rel=""nofollow"">Buffer App</a>",https://x.com/FlyteHealth/status/1561786791199477762,False,False,2026-04-07T17:46:14.047674+00:00
1561052615642959872,wegovy_weight,wegovy,weight,2022-08-20T18:08:41+00:00,caramalizedoni1,Spreadsy,"@MyBasedBlog I don’t get intense cravings at all, just an occasional thought. The semaglutide does a great job of curbing appetite.",en,0,0,0,0,,"<a href=""http://twitter.com/download/iphone"" rel=""nofollow"">Twitter for iPhone</a>",https://x.com/caramalizedoni1/status/1561052615642959872,False,False,2026-04-07T17:46:14.047674+00:00
1559973382023745537,wegovy_weight,wegovy,weight,2022-08-17T18:40:11+00:00,weighlessmdwi,Weighless MD and Wellness,"We're running our #semaglutide special! Right now, you can get 3-months of semaglutide #weightloss injections for only $1100!

On average, clients lose 1-3 pounds per week over the long term, with only minor healthy adjustments to their diet! 👉 https://t.co/uUqQeDCblq https://t.co/JOC6sP3YdX",en,0,0,0,0,,"<a href=""http://erased5639029_cL1uArm7hM.com"" rel=""nofollow"">erased5639029_cL1uArm7hM</a>",https://x.com/weighlessmdwi/status/1559973382023745537,False,False,2026-04-07T17:46:14.047674+00:00
1559493566707208193,wegovy_weight,wegovy,weight,2022-08-16T10:53:34+00:00,_captainscience,Captain Science,"@YoniFreedhoff I have a question re GLP1s. A friend of mine has T1D and hashimoto's. She has never been enormous but kinda my size. Post COVID she couldn't manage her blood glucose, despite a CGM &amp; pump. They put her on semaglutide and she has lost weight, her bloods are now 👌 and she feels👌.",en,1,0,0,0,,"<a href=""http://twitter.com/download/android"" rel=""nofollow"">Twitter for Android</a>",https://x.com/_captainscience/status/1559493566707208193,False,True,2026-04-07T17:46:14.047674+00:00
1558101358317813760,wegovy_weight,wegovy,weight,2022-08-12T14:41:26+00:00,QRxweightloss,QRx weight loss,"QRx can help balance out hormones like insulin, which may curb appetite and allow people to shed pounds by eating less.Visit our website at  https://t.co/qt2IhXTXH2 for more information.
#QRx #weightloss #Affordableweightloss #dietprogram #FDAapproved #Semaglutide https://t.co/TKjxvM0t1T",en,0,0,0,0,,"<a href=""http://twitter.com/download/iphone"" rel=""nofollow"">Twitter for iPhone</a>",https://x.com/QRxweightloss/status/1558101358317813760,False,False,2026-04-07T17:46:14.047674+00:00
1558076484811620353,wegovy_weight,wegovy,weight,2022-08-12T13:02:36+00:00,InShapeMDTX,InShapeMDTX,"Semaglutide, the newest FDA-approved weight loss drug on the market, increases energy and boosts immunity while suppressing your appetite. 🍏

Looking for more information about how to jump-start your weight loss journey?
Come down to the clinic at 3270 Sherwood Way, San Angelo https://t.co/5cDwzvto2e",en,1,0,2,0,,"<a href=""http://socialappsnow.com"" rel=""nofollow"">Social Apps Now</a>",https://x.com/InShapeMDTX/status/1558076484811620353,False,False,2026-04-07T17:46:14.047674+00:00
1557414690233454593,wegovy_weight,wegovy,weight,2022-08-10T17:12:52+00:00,takecaremedspa,Takecarehealthandwellness,"Morgan is already down 20 pounds in 10 weeks with Semaglutide! Our patients have had highly successful results, and we LOVE seeing our patients living a healthy and better life! 
#weightloss #weightlossprogress 
#weightlossprograms #semaglutide #healthylifestyle https://t.co/XaTyxfcmSJ",en,0,0,0,0,,"<a href=""http://twitter.com/download/iphone"" rel=""nofollow"">Twitter for iPhone</a>",https://x.com/takecaremedspa/status/1557414690233454593,False,False,2026-04-07T17:46:14.047674+00:00
1556648480474554373,wegovy_weight,wegovy,weight,2022-08-08T14:28:13+00:00,DannyOPatriot,Dan.Arth,"One year ago today I started a weight loss journey, thanks to @MyWegovy diet, and exercise I lost 90 pounds, it's changed my life and I've been in the best shape I've been in since high school thank you @novonordiskus #Wegovy https://t.co/ecl26SSCde",en,1,0,12,0,,"<a href=""http://twitter.com/download/android"" rel=""nofollow"">Twitter for Android</a>",https://x.com/DannyOPatriot/status/1556648480474554373,False,False,2026-04-07T17:46:14.047674+00:00
1555920055141076995,wegovy_weight,wegovy,weight,2022-08-06T14:13:43+00:00,BMcsmarty,Steele,@fire_bottle Any thoughts on semaglutide and other glucagon-like peptide-1 receptor agonist drugs for weight loss? People say they work really well to reduce appetite. Do they reduce appetite using one of the mechanisms that you have covered in your blog?,en,0,0,0,0,,"<a href=""http://tapbots.com/tweetbot"" rel=""nofollow"">Tweetbot for iΟS</a>",https://x.com/BMcsmarty/status/1555920055141076995,False,False,2026-04-07T17:46:14.047674+00:00
1555660818716495874,wegovy_weight,wegovy,weight,2022-08-05T21:03:36+00:00,BowTiedLoon,BowTiedLoon | Degen Island Physician,"DIET:
High protein (lets guess highish ~180g/day, might adjust based on estimate of ideal bodyweight). Total calories ~1200/day (semaglutide would allow this easily by appetite suppression). Mix of carbs/fats doesn’t matter much.",en,1,0,3,0,,"<a href=""https://mobile.twitter.com"" rel=""nofollow"">Twitter Web App</a>",https://x.com/BowTiedLoon/status/1555660818716495874,False,True,2026-04-07T17:46:14.047674+00:00
1555660816212529158,wegovy_weight,wegovy,weight,2022-08-05T21:03:36+00:00,BowTiedLoon,BowTiedLoon | Degen Island Physician,"MEDS:
1. Semaglutide (Wegovy). Max tolerated dose. This will inhibit appetite massively which results in weight loss, and helps control diabetes. 
2. Metformin. Max tolerated dose. Helps control blood sugar and helps with weight loss.",en,3,0,7,0,,"<a href=""https://mobile.twitter.com"" rel=""nofollow"">Twitter Web App</a>",https://x.com/BowTiedLoon/status/1555660816212529158,False,True,2026-04-07T17:46:14.047674+00:00
1555222815854428160,wegovy_weight,wegovy,weight,2022-08-04T16:03:08+00:00,integrity_md,Integrity Wellness MD,"With #Semaglutide, you have a reduced appetite and your blood sugars are more controlled, likely resulting in a positive body weight loss. We are ready to provide you with our utmost experience and support if you take your program.

See the change!
https://t.co/eWAvtDgXMo https://t.co/6hywfAWelT",en,0,0,0,0,,"<a href=""https://www.hootsuite.com"" rel=""nofollow"">Hootsuite Inc.</a>",https://x.com/integrity_md/status/1555222815854428160,False,False,2026-04-07T17:46:14.047674+00:00
1555220271858171905,wegovy_weight,wegovy,weight,2022-08-04T15:53:02+00:00,FlyteHealth,FlyteHealth,Wegovy represents the start of a second generation of #obesity #pharmacotherapy. “There has been a paradigm shift in obesity treatment that has paralleled our understanding of the underlying appetite dysregulation of the disease.”  https://t.co/a3ARRHcHKH https://t.co/YF3Tb6UCPe,en,0,2,3,0,,"<a href=""https://buffer.com"" rel=""nofollow"">Buffer App</a>",https://x.com/FlyteHealth/status/1555220271858171905,False,False,2026-04-07T17:46:14.047674+00:00
1554405706153050117,wegovy_weight,wegovy,weight,2022-08-02T09:56:14+00:00,neilhewitt,Neil Hewitt,"Unfortunately it has made me feel a bit sick. But that's par for the course these days. Thanks, Semaglutide. I'm not ungrateful... it's how I lost 16kg in six months, but I used to love stuffing my face. Oh well.",en,0,0,1,0,,"<a href=""https://mobile.twitter.com"" rel=""nofollow"">Twitter Web App</a>",https://x.com/neilhewitt/status/1554405706153050117,False,True,2026-04-07T17:46:14.047674+00:00
1554378971390717953,wegovy_weight,wegovy,weight,2022-08-02T08:10:00+00:00,a_basumallick,Abhishek Basumallick,"Wegovy, made by Danish drugmaker Novo Nordisk, is the first in what is shaping up to be a new generation of obesity treatments, which use a hormone to regulate appetite. 

#health #obesity 

https://t.co/NDlh7UCbV3",en,2,4,8,0,,"<a href=""https://buffer.com"" rel=""nofollow"">Buffer App</a>",https://x.com/a_basumallick/status/1554378971390717953,False,False,2026-04-07T17:46:14.047674+00:00
1554278958996520960,wegovy_weight,wegovy,weight,2022-08-02T01:32:35+00:00,mattjdooley,Matt Dooley,@DoctorSewage @DrNadolsky @hammerotass @PKennedyeMD Are you logging your food? The key reason you lose weight with semaglutide is appetite loss. It’s worth recording what you are eating and seeing whether you need to reduce calories.,en,0,0,0,0,,"<a href=""http://twitter.com/download/iphone"" rel=""nofollow"">Twitter for iPhone</a>",https://x.com/mattjdooley/status/1554278958996520960,False,True,2026-04-07T17:46:14.047674+00:00
1554267834141683712,wegovy_weight,wegovy,weight,2022-08-02T00:48:23+00:00,starduster360,Sigrid loves when you take care of urself & others,"This! For the last couple of years, Ozempic (semaglutide) has been one of the tools in my arsenal for getting to a healthier weight and not make things more difficult for my meat suit on the whole. Now my team are working to make sure I get enough calories. Work in progress.",en,0,0,0,0,,"<a href=""http://twitter.com/#!/download/ipad"" rel=""nofollow"">Twitter for iPad</a>",https://x.com/starduster360/status/1554267834141683712,False,False,2026-04-07T17:46:14.047674+00:00
1554206397402857473,wegovy_weight,wegovy,weight,2022-08-01T20:44:15+00:00,DrNadolsky,Dr. Spencer Nadolsky,"Anyone who uses these medicines knows the weight loss comes from satiety and eating fewer calories. Saying otherwise is just wishful thinking.

Especially semaglutide and tirzepatide. The older GLP-1s don’t have as strong of an appetite effect and do have same weight effect.",en,6,9,82,1,,"<a href=""http://twitter.com/download/iphone"" rel=""nofollow"">Twitter for iPhone</a>",https://x.com/DrNadolsky/status/1554206397402857473,False,False,2026-04-07T17:46:14.048671+00:00
1554210252836392960,wegovy_weight,wegovy,weight,2022-08-01T20:59:34+00:00,AnilMakam,Anil Makam,"1. Semaglutide induced hypovolemic shock

Son called PCP few times over a couple weeks for significant decrease in appetite &amp; fluid intake but was encouraged to continue since was desire effect for weight loss

Doctors, don't do this

Starvation is not the desired effect",en,2,0,6,1,,"<a href=""https://mobile.twitter.com"" rel=""nofollow"">Twitter Web App</a>",https://x.com/AnilMakam/status/1554210252836392960,False,True,2026-04-07T17:46:14.048671+00:00
1554188295193522177,wegovy_weight,wegovy,weight,2022-08-01T19:32:19+00:00,davidludwigmd,Dr. David Ludwig,"What do GLP-1 weight loss drugs reveal about the cause of obesity?

GLP-1 has actions in brain and reduces food intake. Some argue this:

Supports Energy Balance Model
(overeating CAUSES ⬆️ body fat)

Opposes Carbohydrate-Insulin Model
(⬆️ body fat CAUSES overeating)

Thread
1/5 https://t.co/Ywop4xR07b",en,8,60,208,7,,"<a href=""https://mobile.twitter.com"" rel=""nofollow"">Twitter Web App</a>",https://x.com/davidludwigmd/status/1554188295193522177,False,False,2026-04-07T17:46:14.048671+00:00
1554154627389464577,wegovy_weight,wegovy,weight,2022-08-01T17:18:32+00:00,CelesAtXbox,Laura,"Annoyed with healthcare... My doctor prescribed semaglutide to help with appetite supression and weight loss, something that would be really good for my health. Except all weight loss medications require prior authorization by my insurance, and my Dr's office won't give PA... 🤬",en,0,0,1,0,,"<a href=""https://mobile.twitter.com"" rel=""nofollow"">Twitter Web App</a>",https://x.com/CelesAtXbox/status/1554154627389464577,False,False,2026-04-07T17:46:14.048671+00:00
1554111821761589248,wegovy_weight,wegovy,weight,2022-08-01T14:28:26+00:00,seconds_0,0.005 Seconds (3/694),@SCPantera Semaglutide is a glp1 agonist. GLP1 does a lot of things along with reducing appetite https://t.co/2XMrqqQDDl,en,1,1,4,0,,"<a href=""http://twitter.com/download/android"" rel=""nofollow"">Twitter for Android</a>",https://x.com/seconds_0/status/1554111821761589248,False,True,2026-04-07T17:46:15.715734+00:00
1554110851501633537,wegovy_weight,wegovy,weight,2022-08-01T14:24:35+00:00,SCPantera,SCPantera,"@seconds_0 Semaglutide et al. cause weight loss by decr. appetite (ie making you feel full faster) which sort of tracks with fiber intake apparently doing same

DPP-4 inhibitors don't primarily do this, they mostly indir. increase glucose elim. via urine

Eager to see if you get results tho",en,1,0,1,0,,"<a href=""https://about.twitter.com/products/tweetdeck"" rel=""nofollow"">TweetDeck</a>",https://x.com/SCPantera/status/1554110851501633537,False,True,2026-04-07T17:46:15.715734+00:00
1553157886519529474,wegovy_weight,wegovy,weight,2022-07-29T23:17:51+00:00,caramalizedoni1,Spreadsy,@SavageNeverDies @George36540995 It’s actually pretty simple- I’m doing Whole30 with weekly injections of semaglutide to help with appetite and curb fat storage. That and just increasing frequency of simple activity.,en,0,0,0,0,,"<a href=""http://twitter.com/download/iphone"" rel=""nofollow"">Twitter for iPhone</a>",https://x.com/caramalizedoni1/status/1553157886519529474,False,True,2026-04-07T17:46:15.715734+00:00
1553124487054479363,wegovy_weight,wegovy,weight,2022-07-29T21:05:08+00:00,LiquividaLounge,Liquivida®,"Managing Appetite &amp; Sugar Levels with Semaglutide
https://t.co/r92HvfACdv",en,0,0,2,0,,"<a href=""http://www.hubspot.com/"" rel=""nofollow"">HubSpot</a>",https://x.com/LiquividaLounge/status/1553124487054479363,False,False,2026-04-07T17:46:15.715734+00:00
1552640585063956481,wegovy_weight,wegovy,weight,2022-07-28T13:02:16+00:00,InShapeMDTX,InShapeMDTX,"Losing weight with Semaglutide is possible, and when combined with diet and exercise, totally achievable!

“My appetite has decreased SIGNIFICANTLY. I was addicted to eating junk foods, and I simply cannot eat them anymore, my stomach cannot handle them. I get full after eating https://t.co/PVBXLISeND",en,0,0,2,0,,"<a href=""http://socialappsnow.com"" rel=""nofollow"">Social Apps Now</a>",https://x.com/InShapeMDTX/status/1552640585063956481,False,False,2026-04-07T17:46:15.715734+00:00
1552412095680983040,wegovy_weight,wegovy,weight,2022-07-27T21:54:20+00:00,enara_health,Enara Health,"✨ Member spotlight with @thisisinsider ✨
 
Along with diet and exercise, Tina used #semaglutide to help manage cravings. Today she's down 70 pounds with the support of @enara_health.
 
Read about her experience, as shared with @GabbyLandsverk: https://t.co/Q0ft9FLRgE",en,0,0,2,0,,"<a href=""https://mobile.twitter.com"" rel=""nofollow"">Twitter Web App</a>",https://x.com/enara_health/status/1552412095680983040,False,False,2026-04-07T17:46:15.715734+00:00
1552053305018241024,wegovy_weight,wegovy,weight,2022-07-26T22:08:38+00:00,pghtrippin,sarah 🪬 חי,"@pittiemomma412 @412ging @rockcandy87 I'm starting with Saxenda shots tomorrow, and then switching to Wegovy after I titrate up (because they only have the higher doses available right now). From what I've heard from my doctor.. It's well worth looking into. Just people who make no changes are dropping 20+ lbs fast.",en,0,0,0,0,,"<a href=""https://mobile.twitter.com"" rel=""nofollow"">Twitter Web App</a>",https://x.com/pghtrippin/status/1552053305018241024,False,False,2026-04-07T17:46:15.715734+00:00
1552026957499416576,wegovy_weight,wegovy,weight,2022-07-26T20:23:56+00:00,cassssssnicki,Cassie 👸🏾Nicole,"Officially down 30 pounds thanks to Wegovy, Orange Theory, and copious amounts of diet lemonade from Chick Fil A",en,1,0,7,0,,"<a href=""http://twitter.com/download/iphone"" rel=""nofollow"">Twitter for iPhone</a>",https://x.com/cassssssnicki/status/1552026957499416576,False,False,2026-04-07T17:46:15.715734+00:00
1551854198672736256,wegovy_weight,wegovy,weight,2022-07-26T08:57:27+00:00,takecaremedspa,Takecarehealthandwellness,"Semaglutide is a once weekly
injection which has been providing dramatic weight-loss results.A powerful appetite suppressant, Semaglutide can help patients lose 20-100 pounds in conjunction with other lifestyle modificaiton. https://t.co/O8UiXnBS8H",en,1,2,2,0,,"<a href=""http://twitter.com/download/iphone"" rel=""nofollow"">Twitter for iPhone</a>",https://x.com/takecaremedspa/status/1551854198672736256,False,False,2026-04-07T17:46:15.715734+00:00
1551598292743720968,wegovy_weight,wegovy,weight,2022-07-25T16:00:34+00:00,integrity_md,Integrity Wellness MD,"Do you struggle to lose weight, no matter how little you eat? Are you frustrated at how hard it is to lose a few pounds? We are now offering a comprehensive #Semaglutide Weight Loss Program to help you get that excess weight off!

Get your consult!
https://t.co/rWc8YxmdT9 https://t.co/AKIp3mlFcS",en,0,0,0,0,,"<a href=""https://www.hootsuite.com"" rel=""nofollow"">Hootsuite Inc.</a>",https://x.com/integrity_md/status/1551598292743720968,False,False,2026-04-07T17:46:15.715734+00:00
1551583087557054467,wegovy_weight,wegovy,weight,2022-07-25T15:00:09+00:00,weighlessmdwi,Weighless MD and Wellness,"#Semaglutide weight loss injections target blood sugar metabolism to help you feel full longer. We've been seeing an average #weightloss of 8 pounds per month with just slight modifications to the diet! 

Learn more at https://t.co/uUqQeDCblq https://t.co/L6ytlBTyAi",en,0,0,0,0,,"<a href=""http://erased5639029_cL1uArm7hM.com"" rel=""nofollow"">erased5639029_cL1uArm7hM</a>",https://x.com/weighlessmdwi/status/1551583087557054467,False,False,2026-04-07T17:46:15.715734+00:00
1551190918740561921,wegovy_weight,wegovy,weight,2022-07-24T13:01:49+00:00,InShapeMDTX,InShapeMDTX,"Semaglutide is the first once-weekly medication in its class that’s FDA-approved to help with chronic weight management when used in combination with diet and exercise.

For more information about how #InShapeMDTX can help you get started with Semaglutide and make progress on y https://t.co/o7DJE7JXCV",en,0,0,3,0,,"<a href=""http://socialappsnow.com"" rel=""nofollow"">Social Apps Now</a>",https://x.com/InShapeMDTX/status/1551190918740561921,False,False,2026-04-07T17:46:15.715734+00:00
1551175472435941376,wegovy_weight,wegovy,weight,2022-07-24T12:00:26+00:00,MHExecutive,Managed Healthcare,"Novo Nordisk’s #Saxenda (liraglutide) and #Wegovy (semaglutide) are leading the way for a new crop of drugs that reduce appetite. But their cost-effectiveness is in question, and many payers are saying no to coverage — for now.
https://t.co/xJUWAU8mnd",en,0,0,0,0,,"<a href=""https://www.hootsuite.com"" rel=""nofollow"">Hootsuite Inc.</a>",https://x.com/MHExecutive/status/1551175472435941376,False,False,2026-04-07T17:46:15.716731+00:00
1550533919526727680,wegovy_weight,wegovy,weight,2022-07-22T17:31:08+00:00,curioio,Curio,"⁠💊  Wegovy, made by Danish drugmaker Novo Nordisk, is the first of a new generation of obesity treatments that uses a hormone to regulate appetite.⁠",en,1,0,0,0,,"<a href=""https://threadcreator.com"" rel=""nofollow"">threadcreator.com</a>",https://x.com/curioio/status/1550533919526727680,False,True,2026-04-07T17:46:15.716731+00:00
1550123053626994690,wegovy_weight,wegovy,weight,2022-07-21T14:18:30+00:00,ftweekend,FT Weekend,"Wegovy is the first in a new generation of obesity treatments which use a hormone to regulate appetite. 

But there are side effects — and if you stop taking the drug, the weight piles back on. 

@HannahKuchler reports: https://t.co/VZIyxXtjjo",en,0,3,1,0,,"<a href=""http://www.socialflow.com"" rel=""nofollow"">SocialFlow</a>",https://x.com/ftweekend/status/1550123053626994690,False,False,2026-04-07T17:46:15.716731+00:00
1550104033880416257,wegovy_weight,wegovy,weight,2022-07-21T13:02:55+00:00,InShapeMDTX,InShapeMDTX,"Patients who are taking Semaglutide for weight loss management have great things to say about their results!

“I was prescribed Semaglutide for prediabetes and weight loss. Today it’s been one week since my first injection and I lost 6 lbs....in one week. During my last diet, ( https://t.co/DjNevcKbv5",en,0,0,3,0,,"<a href=""http://socialappsnow.com"" rel=""nofollow"">Social Apps Now</a>",https://x.com/InShapeMDTX/status/1550104033880416257,False,False,2026-04-07T17:46:15.716731+00:00
1549090328627519488,wegovy_weight,wegovy,weight,2022-07-18T17:54:49+00:00,FinancialTimes,Financial Times,"Wegovy, made by Danish drugmaker Novo Nordisk, is the first of a new generation of obesity treatments  that use a hormone to regulate appetite
https://t.co/8Uf0OdCRxj https://t.co/Kb4GkpTBZn",en,1,5,5,3,,"<a href=""https://mobile.twitter.com"" rel=""nofollow"">Twitter Web App</a>",https://x.com/FinancialTimes/status/1549090328627519488,False,True,2026-04-07T17:46:15.716731+00:00
1548699131404771328,wegovy_weight,wegovy,weight,2022-07-17T16:00:21+00:00,ftweekend,FT Weekend,"Wegovy is the first in a new generation of obesity treatments which use a hormone to regulate appetite. 

But there are side effects — and if you stop taking the drug, the weight piles back on. 

@HannahKuchler reports: https://t.co/Iwwgw5cqc5",en,0,5,1,0,,"<a href=""http://www.socialflow.com"" rel=""nofollow"">SocialFlow</a>",https://x.com/ftweekend/status/1548699131404771328,False,False,2026-04-07T17:46:15.716731+00:00
1548668938602643459,wegovy_weight,wegovy,weight,2022-07-17T14:00:22+00:00,FinancialTimes,Financial Times,"Wegovy is the first in a new generation of obesity treatments which use a hormone to regulate appetite. 

But there are side effects — and if you stop taking the drug, the weight piles back on. 

@HannahKuchler reports: https://t.co/AHzvxdMHzD",en,1,8,15,1,,"<a href=""http://www.socialflow.com"" rel=""nofollow"">SocialFlow</a>",https://x.com/FinancialTimes/status/1548668938602643459,False,False,2026-04-07T17:46:15.716731+00:00
1548249244871471107,wegovy_weight,wegovy,weight,2022-07-16T10:12:39+00:00,NinianProf,Ninian Peckitt,"Wegovy, made by Danish drugmaker Novo Nordisk, is the first in what is shaping up to be a new generation of obesity treatments, which use a hormone to regulate appetite. 

Patients lose an average of 15% body weight

#Wegovy #WrightLoss #Obesity

https://t.co/r46bDpgPqm.",en,0,1,1,0,,"<a href=""http://twitter.com/download/android"" rel=""nofollow"">Twitter for Android</a>",https://x.com/NinianProf/status/1548249244871471107,False,False,2026-04-07T17:46:15.716731+00:00
1547566352663056385,wegovy_weight,wegovy,weight,2022-07-14T12:59:05+00:00,ftweekend,FT Weekend,"Wegovy is the first in a new generation of obesity treatments which use a hormone to regulate appetite. 

But there are side effects — and if you stop taking the drug, the weight piles back on. 

@HannahKuchler reports: https://t.co/dS8hUGqgii",en,0,2,3,1,,"<a href=""http://www.socialflow.com"" rel=""nofollow"">SocialFlow</a>",https://x.com/ftweekend/status/1547566352663056385,False,False,2026-04-07T17:46:16.811251+00:00
1547526299530444801,wegovy_weight,wegovy,weight,2022-07-14T10:19:56+00:00,RachelDavin2,Rachel Davin,@EITMonline Ozempic is a drug called Semaglutide. It has been repackaged &amp; rebranded for weight loss as Wegovy.  The company can't keep up with demand...literally. The lowest 3 doses cannot be found. (I've been on Wegovy since August &amp; have lost 80 pounds.) 😁,en,0,0,0,0,,"<a href=""http://twitter.com/download/android"" rel=""nofollow"">Twitter for Android</a>",https://x.com/RachelDavin2/status/1547526299530444801,False,False,2026-04-07T17:46:16.811251+00:00
1547521346183340032,wegovy_weight,wegovy,weight,2022-07-14T10:00:15+00:00,FinancialTimes,Financial Times,"Wegovy is the first in a new generation of obesity treatments which use a hormone to regulate appetite. 

But there are side effects — and if you stop taking the drug, the weight piles back on. 

@HannahKuchler reports https://t.co/4m7bAQdJW9",en,1,5,10,1,,"<a href=""http://www.socialflow.com"" rel=""nofollow"">SocialFlow</a>",https://x.com/FinancialTimes/status/1547521346183340032,False,False,2026-04-07T17:46:16.811251+00:00
1547453038377504770,wegovy_weight,wegovy,weight,2022-07-14T05:28:49+00:00,ABATUKARAALI,Ali Batu Karaali,"A new ‘miracle’ weight-loss drug really works — raising huge questions 

Wegovy, made by Danish drugmaker Novo Nordisk, is the first in what is shaping up to be a new generation of obesity treatments, which use a hormone to regulate appetite.

https://t.co/AKNeqFY7e1",en,2,0,4,0,,"<a href=""http://twitter.com/#!/download/ipad"" rel=""nofollow"">Twitter for iPad</a>",https://x.com/ABATUKARAALI/status/1547453038377504770,False,False,2026-04-07T17:46:16.811251+00:00
1547253049273507840,wegovy_weight,wegovy,weight,2022-07-13T16:14:08+00:00,DrJessicaDavis,Jessica Davis,Update: with the help of semaglutide has lost 24% of his body weight over the last year.  It is an exciting time to take care of NASH with @AtoosaRabiee and @DrJenKerns !,en,1,1,20,0,,"<a href=""http://twitter.com/download/iphone"" rel=""nofollow"">Twitter for iPhone</a>",https://x.com/DrJessicaDavis/status/1547253049273507840,False,False,2026-04-07T17:46:16.811251+00:00
1417569697755697155,wegovy_weight,wegovy,weight,2021-07-20T19:38:47+00:00,DrJessicaDavis,Jessica Davis,"My clinic win of the day, NASH patient bringing me his personal map of the number of steps in his house so he can make sure to achieve his daily step goals.  And yes, he is a retired civil engineer 😂 #livertwitter #NAFLD #fattyliverdisease https://t.co/pokrLxwzSh",en,2,2,18,1,,"<a href=""http://twitter.com/download/iphone"" rel=""nofollow"">Twitter for iPhone</a>",https://x.com/DrJessicaDavis/status/1417569697755697155,False,False,2026-04-07T17:46:16.811251+00:00
1546942381282299904,wegovy_weight,wegovy,weight,2022-07-12T19:39:39+00:00,AZMedicalWeight,AZMedicalWeightCtrl,"Ensure weight loss, lower blood sugar, increase inches lost, reduce appetite, aid in better self-controlled eating habits, reduce food cravings and improve glycemic control.
#semaglutide #loseweight #weightloss #transformation #gethealthy #success #arizona #avondale #phoenix https://t.co/EcBgXG8OZJ",en,0,0,0,0,,"<a href=""https://mobile.twitter.com"" rel=""nofollow"">Twitter Web App</a>",https://x.com/AZMedicalWeight/status/1546942381282299904,False,False,2026-04-07T17:46:16.811251+00:00
1546596636880691205,wegovy_weight,wegovy,weight,2022-07-11T20:45:47+00:00,NGHealthClinic,NexGen Health and Wellness,"Is SEMAGLUTIDE the right weight loss solution for you? Weekly injections that help decrease appetite and increase your ability to lose weight. 

#WeightLossBartlett #Semaglutide
#WeeklyInjectionsForWeightLoss https://t.co/qZnLbTUfnF",en,0,0,0,0,,"<a href=""https://www.cloudcampaign.com"" rel=""nofollow"">Cloud Campaign</a>",https://x.com/NGHealthClinic/status/1546596636880691205,False,False,2026-04-07T17:46:16.811251+00:00
1546529226785972227,wegovy_weight,wegovy,weight,2022-07-11T16:17:55+00:00,sparkle_mama_,Sparkle Mama✨,Also - I’m feeling great! I’m down 5.6 lbs in two weeks with the Wegovy and I’m just genuinely happy!,en,0,0,3,0,,"<a href=""http://twitter.com/download/iphone"" rel=""nofollow"">Twitter for iPhone</a>",https://x.com/sparkle_mama_/status/1546529226785972227,False,False,2026-04-07T17:46:16.811251+00:00
1546420207631089664,wegovy_weight,wegovy,weight,2022-07-11T09:04:43+00:00,ChrisSylvain,Christopher Sylvain,"@BiotechObserver @sguyenet Which would you choose?

$1300 a month for 30 lbs semaglutide  injection

$9 a month for 10 lbs phentermine oral 

$1300 a month for 10 lbs semaglutide oral 

What % of people can afford $1300 a month? Even with insurance coverage (which I doubt) injectable compliance is low.",en,1,0,0,0,,"<a href=""http://twitter.com/download/iphone"" rel=""nofollow"">Twitter for iPhone</a>",https://x.com/ChrisSylvain/status/1546420207631089664,False,True,2026-04-07T17:46:16.811251+00:00
1546173976610832384,wegovy_weight,wegovy,weight,2022-07-10T16:46:17+00:00,TheSpookyStuff,Alex Matsuo 👻🏳️‍🌈,"The most effective insulin for me is Wegovy, which also acts as an appetite suppressant. But that's $1600/month and my insurance stopped covering it, thus voiding any discount coupons I had. 

Ozempic was a close second. For a few months, I was able to get it for /1",en,2,0,1,0,,"<a href=""http://twitter.com/download/android"" rel=""nofollow"">Twitter for Android</a>",https://x.com/TheSpookyStuff/status/1546173976610832384,False,False,2026-04-07T17:46:16.811251+00:00
1546016166300246017,wegovy_weight,wegovy,weight,2022-07-10T06:19:12+00:00,leavemybed,Ben dover- and give me your $$,@sw_mess Yes. Wegovy! I lost 34 lbs on it.,en,1,0,1,0,,"<a href=""http://twitter.com/download/android"" rel=""nofollow"">Twitter for Android</a>",https://x.com/leavemybed/status/1546016166300246017,False,True,2026-04-07T17:46:16.811251+00:00
1545275532840865792,wegovy_weight,wegovy,weight,2022-07-08T05:16:11+00:00,hinzpeter1yaho1,Sondra Marshall,@HotmsXP77 Same here.. ive been on Wegovy since March.  So far ive lost almost 20 lbs.. nobody says a thing... still not at goal but getting closer.,en,0,0,1,0,,"<a href=""https://mobile.twitter.com"" rel=""nofollow"">Twitter Web App</a>",https://x.com/hinzpeter1yaho1/status/1545275532840865792,False,True,2026-04-07T17:46:16.811251+00:00
1545074189492789249,wegovy_weight,wegovy,weight,2022-07-07T15:56:07+00:00,NewsCarolyn,Over-Educated & Under-Loved Carolyn,It’s exciting to see the progress I’m making thanks to the Tulane Bariatric Center and Wegovy. I’m seeing numbers on the scale and the blood pressure monitor that I haven’t seen in a really long time.,en,6,0,42,0,,"<a href=""http://twitter.com/download/iphone"" rel=""nofollow"">Twitter for iPhone</a>",https://x.com/NewsCarolyn/status/1545074189492789249,False,False,2026-04-07T17:46:16.811251+00:00
1544954173380145152,wegovy_weight,wegovy,weight,2022-07-07T07:59:13+00:00,DrRajdeepBhatti,Dr Rajdeep Bhatti,"Type 2 diabetes drug - Tirzepatide can cause as much as 21% of their body weight loss (50-60 pounds in some cases.)

semaglutide - caused up to about 15% weight loss.

https://t.co/VNdHmWBoAe",en,1,0,0,0,,"<a href=""https://mobile.twitter.com"" rel=""nofollow"">Twitter Web App</a>",https://x.com/DrRajdeepBhatti/status/1544954173380145152,False,False,2026-04-07T17:46:16.811251+00:00
1543817380949893120,wegovy_weight,wegovy,weight,2022-07-04T04:42:01+00:00,LexAGoooo,Paintress,Semaglutide injections yall. Thank me later. My mom has her own business and offers them 😌 I’ve lost 30 lbs!,en,2,0,2,0,,"<a href=""http://twitter.com/download/iphone"" rel=""nofollow"">Twitter for iPhone</a>",https://x.com/LexAGoooo/status/1543817380949893120,False,False,2026-04-07T17:46:16.812248+00:00
1543203060641681411,wegovy_weight,wegovy,weight,2022-07-02T12:00:55+00:00,Born2lbFat,"Sarah Bramblette, MSHL","@MichaelAlbertMD @amnerisuk Or like me, bariatric surgery was 19 years ago. I’m on Ozempic for insulin resistance, Medicare won’t cover Wegovy, but my PCP got 2mg Ozempic approved. I’ve lost enough to have the cardiac ablation I need for SVT, I was over the table weight capacity.",en,0,0,2,0,,"<a href=""http://twitter.com/download/iphone"" rel=""nofollow"">Twitter for iPhone</a>",https://x.com/Born2lbFat/status/1543203060641681411,False,True,2026-04-07T17:46:16.812248+00:00
1542871215366348801,wegovy_weight,wegovy,weight,2022-07-01T14:02:17+00:00,mochihealth,Mochi Health,"In a comparison of Tirzepatide 10mg, 15mg vs Semaglutide 2mg, patients lost upto -5.15kg (95% CI -6.85, -3.45) more on high dose Tirzepatide

https://t.co/jLs7yit1pW",en,0,0,0,0,,"<a href=""https://metricool.com"" rel=""nofollow"">Metricool</a>",https://x.com/mochihealth/status/1542871215366348801,False,False,2026-04-07T17:46:16.812248+00:00
1542691598076727303,wegovy_weight,wegovy,weight,2022-07-01T02:08:33+00:00,OMG_what_now666,Mei Mei,"@Christy74545227 You look great. But if you want to avoid the weight gain that some psych meds cause, ask you doc about Ozempic &amp; Wegovy. It's a hormone &amp; it helped a psych patient I know loose 25 pounds.",en,0,0,2,0,,"<a href=""http://twitter.com/download/android"" rel=""nofollow"">Twitter for Android</a>",https://x.com/OMG_what_now666/status/1542691598076727303,False,True,2026-04-07T17:46:16.812248+00:00
1542574574356799491,wegovy_weight,wegovy,weight,2022-06-30T18:23:32+00:00,wegovyscrapbook,Kirsten,"I've lost 50 lbs. with a gut health oriented diet, exercise and Wegovy.
#wegovy #semaglutide #guthealth https://t.co/302y2RDWrH",en,2,0,13,0,,"<a href=""https://mobile.twitter.com"" rel=""nofollow"">Twitter Web App</a>",https://x.com/wegovyscrapbook/status/1542574574356799491,False,False,2026-04-07T17:46:16.812248+00:00
1542557279878275072,wegovy_weight,wegovy,weight,2022-06-30T17:14:49+00:00,MichaelAlbertMD,"Michael Albert, MD","People ask me about the benefit of combining bariatric surgery with medications. I had my 18-month follow-up with a patient s/p VSG and on Mounjaro (just started; previously on Wegovy).

Total Weight Loss (since surgery) =&gt; -135 lbs or 43%
It's a brave new world. #combotherapy",en,14,4,54,2,,"<a href=""https://mobile.twitter.com"" rel=""nofollow"">Twitter Web App</a>",https://x.com/MichaelAlbertMD/status/1542557279878275072,False,False,2026-04-07T17:46:16.812248+00:00
1541945797628928000,wegovy_weight,wegovy,weight,2022-06-29T00:45:00+00:00,michaelmantzmd,Mantz M.D. Bettermind Consulting,"Interesting Weight Loss Study (RCT) 2021

Semaglutide 2.4mg injection once a week + lifestyle coaching

Average Weight Loss

Semaglutide group: -34 lbs
Placebo group: -6 lbs

Once-Weekly Semaglutide in Adults with Overweight or Obesity | NEJM https://t.co/NSYuAl7LvY",en,1,1,7,0,,"<a href=""https://mobile.twitter.com"" rel=""nofollow"">Twitter Web App</a>",https://x.com/michaelmantzmd/status/1541945797628928000,False,False,2026-04-07T17:46:17.840215+00:00
1541503444497956864,wegovy_weight,wegovy,weight,2022-06-27T19:27:15+00:00,alfiehealth,Alfie (YC W22),@OhGodItsEss Wegovy and GLP-1s are an effective strategy for weight loss. We've had hundreds of members meet our doctors and get access to these medications. Many lose 20+ pounds in the first 2 months.,en,0,0,0,0,,"<a href=""https://mobile.twitter.com"" rel=""nofollow"">Twitter Web App</a>",https://x.com/alfiehealth/status/1541503444497956864,False,True,2026-04-07T17:46:17.840215+00:00
1541417740816236544,wegovy_weight,wegovy,weight,2022-06-27T13:46:42+00:00,QRxweightloss,QRx weight loss,"QRx can help balance out hormones like insulin, which may curb appetite and allow people to shed pounds by eating less.Visit our website at  https://t.co/qt2IhXTXH2 for more information.
#QRx #weightloss #Affordableweightloss #dietprogram #FDAapproved #Semaglutide https://t.co/4KjlIRRCng",en,0,0,0,0,,"<a href=""http://twitter.com/download/iphone"" rel=""nofollow"">Twitter for iPhone</a>",https://x.com/QRxweightloss/status/1541417740816236544,False,False,2026-04-07T17:46:17.840215+00:00
1541369815969009664,wegovy_weight,wegovy,weight,2022-06-27T10:36:16+00:00,insulincanada,Buy Canadian Insulin,"Does Insurance Cover Weight Loss Treatments?

More than 2/3 of Americans are overweight and 42% are clinically obese. Popular drugs such as Wegovy &amp; Ozempic have also been effective in helping many shed pounds. 

Are these treatments covered by insurance?

https://t.co/SDRrSL3Xgu https://t.co/5p005357MC",en,0,0,0,0,,"<a href=""https://mobile.twitter.com"" rel=""nofollow"">Twitter Web App</a>",https://x.com/insulincanada/status/1541369815969009664,False,False,2026-04-07T17:46:17.840215+00:00
1540039119740588033,wegovy_weight,wegovy,weight,2022-06-23T18:28:33+00:00,PINK_ericasand,Pink_ericasand✨,@AlexLev1997 @brunettenurse72 Wegovy is where it’s at…lots of patients and nurse friends who started this and lost a lot of weight! I mean a lot of weight!,en,1,0,3,0,,"<a href=""http://twitter.com/download/iphone"" rel=""nofollow"">Twitter for iPhone</a>",https://x.com/PINK_ericasand/status/1540039119740588033,False,True,2026-04-07T17:46:17.840215+00:00
1539806517691617281,wegovy_weight,wegovy,weight,2022-06-23T03:04:16+00:00,hannahberry93,Hannah🐝,@OhGodItsEss Been on it 4 months now and I tried Saxenda before and I've lost almost 40lbs since February...the Wegovy tho I definitely eat less bc it reallu forces you too...like if you dare eat too much you'll pay the next day or 2 until it's finally out of your system,en,2,0,2,0,,"<a href=""http://twitter.com/download/android"" rel=""nofollow"">Twitter for Android</a>",https://x.com/hannahberry93/status/1539806517691617281,False,True,2026-04-07T17:46:17.840215+00:00
1539722968493953026,wegovy_weight,wegovy,weight,2022-06-22T21:32:17+00:00,AmCollegeGastro,ACG,"5/🧠Study findings (Semaglutide vs placebo)

✅Mean⬇️in body wt: 14.9% vs 2.4%
✅68 weeks⏰mean reduction in wt:33.7 lbs vs 5.7 lbs

❌Nausea(44.2% vs 17.4%)
❌Diarrhea(31.5% vs 15.9%)
❌discontinuation of medication due to GI side effects (4.5% vs 0.8%)

https://t.co/ZyBoyciaOn https://t.co/KYGwKePlOs",en,1,2,7,0,,"<a href=""https://mobile.twitter.com"" rel=""nofollow"">Twitter Web App</a>",https://x.com/AmCollegeGastro/status/1539722968493953026,False,True,2026-04-07T17:46:17.840215+00:00
1539645287379378178,wegovy_weight,wegovy,weight,2022-06-22T16:23:36+00:00,DoughnutDann,Cereal isn't a soup,@MichaelAlbertMD I’ve been on Wegovy for three months. Changed the way I eat and have lost 50lbs so far. It does make a difference,en,0,0,4,0,,"<a href=""http://twitter.com/download/iphone"" rel=""nofollow"">Twitter for iPhone</a>",https://x.com/DoughnutDann/status/1539645287379378178,False,True,2026-04-07T17:46:17.840215+00:00
1538342301373710347,wegovy_weight,wegovy,weight,2022-06-19T02:06:00+00:00,BathwaterThe,"ThrowTheBathwater, notMD.","@CaliforniaFrizz ""willpower,"" a bunch of people rebound, this is especially true for those with large quantities of fat mass 50+ lbs. The bodies of many people will send endless hunger signals to the individual. That absolutely sucks to experience. That's why semaglutide is a popular drug now.But",en,1,0,0,0,,"<a href=""https://mobile.twitter.com"" rel=""nofollow"">Twitter Web App</a>",https://x.com/BathwaterThe/status/1538342301373710347,False,True,2026-04-07T17:46:17.841211+00:00
1538271966385283072,wegovy_weight,wegovy,weight,2022-06-18T21:26:31+00:00,alijoshlexi,Samantha Epstein,"@Cali73Leticia @SpeakerShinjini Between peri menopause and Covid, I gained 30 and nothing I did helped me lose it. I started Wegovy (a compounded version of it) and I’m down 19 pounds since the beginning of May.",en,1,0,1,0,,"<a href=""http://twitter.com/download/iphone"" rel=""nofollow"">Twitter for iPhone</a>",https://x.com/alijoshlexi/status/1538271966385283072,False,True,2026-04-07T17:46:17.841211+00:00
1537939464973996033,wegovy_weight,wegovy,weight,2022-06-17T23:25:16+00:00,BevTchangMD,"Beverly G. Tchang, MD","@DrNadolsky here’s the abstract:

338-OR Tirzepatide Reduces Appetite, Energy Intake, and Fat Mass in People with T2D

This randomized, double-blind, parallel study compared the effects of TZP 15 mg (N=45), semaglutide (SEMA) 1 mg (N=44) and placebo (PBO) (N=28) on energy intake",en,2,0,2,0,,"<a href=""http://twitter.com/download/iphone"" rel=""nofollow"">Twitter for iPhone</a>",https://x.com/BevTchangMD/status/1537939464973996033,False,False,2026-04-07T17:46:17.841211+00:00
1536944420712349696,wegovy_weight,wegovy,weight,2022-06-15T05:31:19+00:00,DrScottsMd,"Dr. Scott's Restorative Health, Aesthetics & Testo","""One month after we started Semaglutide, I was down 17 lbs and all the inflammation in my joints is gone and so is the pain. My husband Lisa 25 lbs during the same timeframe. We would highly recommend this plan,.."" says Dessi on Google, via @Birdeye_ https://t.co/gE3BM1FG32",en,0,0,0,0,,"<a href=""https://birdeye.com"" rel=""nofollow"">Birdeye Inc</a>",https://x.com/DrScottsMd/status/1536944420712349696,False,False,2026-04-07T17:46:17.841211+00:00
1536768782399463425,wegovy_weight,wegovy,weight,2022-06-14T17:53:24+00:00,bjcohenmd,BJCohen 🫀Doc,"@MichaelAlbertMD in semaglutide treated patients, does all lost weight always come back if drug is stopped or is there some lasting benefit?",en,1,0,2,1,,"<a href=""http://twitter.com/download/iphone"" rel=""nofollow"">Twitter for iPhone</a>",https://x.com/bjcohenmd/status/1536768782399463425,False,False,2026-04-07T17:46:17.841211+00:00
1536507086615478273,wegovy_weight,wegovy,weight,2022-06-14T00:33:31+00:00,maxvaldes,The Believer ™,"NBCNews: Qamara Edwards lost 75 pounds in a 17-month study for Wegovy, but her insurance wouldn’t pay for it after it was approved for prescription. “I may not be able to continue because insurance and the pharmaceutical industry feels like weight loss is not a medical issue…",en,0,0,0,0,,"<a href=""https://ifttt.com"" rel=""nofollow"">IFTTT</a>",https://x.com/maxvaldes/status/1536507086615478273,False,False,2026-04-07T17:46:17.841211+00:00
1536506462909898753,wegovy_weight,wegovy,weight,2022-06-14T00:31:02+00:00,NBCNews,NBC News,"Qamara Edwards lost 75 pounds in a 17-month study for Wegovy, but her insurance wouldn’t pay for it after it was approved for prescription. “I may not be able to continue because insurance and the pharmaceutical industry feels like weight loss is not a medical issue.” (8/9)",en,3,6,22,0,,"<a href=""https://about.twitter.com/products/tweetdeck"" rel=""nofollow"">TweetDeck</a>",https://x.com/NBCNews/status/1536506462909898753,False,True,2026-04-07T17:46:17.841211+00:00
1535321543764582402,wegovy_weight,wegovy,weight,2022-06-10T18:02:35+00:00,MaleMedClinic,Limitless Male Medical Clinic,"Semaglutide Peptide Therapy Can Help!

Semaglutide is a revolutionary weight loss peptide designed to target the body's central appetite control and reduce cravings. Studies have shown that it can reduce appetite, regulate glucose levels, and reduce food cravings... https://t.co/YoSwunVKrW",en,1,0,0,0,,"<a href=""https://www.loomly.com/"" rel=""nofollow"">Loomly</a>",https://x.com/MaleMedClinic/status/1535321543764582402,False,False,2026-04-07T17:46:17.841211+00:00
1534916941835550720,wegovy_weight,wegovy,weight,2022-06-09T15:14:50+00:00,NewsCarolyn,Over-Educated & Under-Loved Carolyn,I’ve lost 30ish pounds since January through the Tulane Bariatric Center’s medicated weight loss program. 😱 I started with Saxenda and am now using Wegovy.,en,13,0,94,0,,"<a href=""http://twitter.com/download/iphone"" rel=""nofollow"">Twitter for iPhone</a>",https://x.com/NewsCarolyn/status/1534916941835550720,False,False,2026-04-07T17:46:17.841211+00:00
1534495788579098624,wegovy_weight,wegovy,weight,2022-06-08T11:21:20+00:00,cardiomet_CE,cardio-met,"43a) So under these new proposed criteria our patient in future would qualify for #semaglutide for weight management as part of a tier 3 service. This is based on evidence from the #STEP1 #RCT ➡️pts taking semaglutide lost on average, 12% more of their body wgt vs placebo.",en,1,0,3,0,,"<a href=""https://mobile.twitter.com"" rel=""nofollow"">Twitter Web App</a>",https://x.com/cardiomet_CE/status/1534495788579098624,False,True,2026-04-07T17:46:17.841211+00:00
1534323936653082625,wegovy_weight,wegovy,weight,2022-06-07T23:58:27+00:00,drpatrickholmes,Patrick Holmes,"#ADA2022 
#type2diabetes 
👉Semaglutide 1mg vs Tirzepatide 15mg

📍although greater wt ⤵️ with Tirzepatide 

📍similar ⤵️appetite &amp; ⤵️calorie intake

👉raises the question whether tirzepatide ⤴️ emery expenditure ‼️

👉 still so much to explain

@kamleshkhunti @AskDrShashank https://t.co/zUb6xW1XKe",en,1,20,50,1,,"<a href=""http://twitter.com/download/iphone"" rel=""nofollow"">Twitter for iPhone</a>",https://x.com/drpatrickholmes/status/1534323936653082625,False,False,2026-04-07T17:46:17.841211+00:00
1533776987902427136,wegovy_weight,wegovy,weight,2022-06-06T11:45:04+00:00,uclnews,UCL News,"""If you want to improve the really difficult complications of #obesity, then you need 15-20% weight loss"": @ProfBatterhamMD @uclmedsci on the benefits drugs like #tirzepatide &amp; #semaglutide can have on suppressing appetite &amp; improving overall health
https://t.co/n1r20SXioM",en,0,1,5,0,,"<a href=""https://mobile.twitter.com"" rel=""nofollow"">Twitter Web App</a>",https://x.com/uclnews/status/1533776987902427136,False,False,2026-04-07T17:46:17.842208+00:00
1533608708420280324,wegovy_weight,wegovy,weight,2022-06-06T00:36:23+00:00,Sam_A_Stolt,Sam Stolt,"we started carrying semaglutide fairly recently not only does it reduce appetite and help with weight loss, increase insulin sensitivity, lower blood sugar levels it also helps reduce cardiovascular risks. https://t.co/8NNOnv1TFk",en,0,0,3,0,,"<a href=""https://mobile.twitter.com"" rel=""nofollow"">Twitter Web App</a>",https://x.com/Sam_A_Stolt/status/1533608708420280324,False,False,2026-04-07T17:46:19.884085+00:00
1532401892961226755,wegovy_weight,wegovy,weight,2022-06-02T16:40:56+00:00,dfinn,Dave 'Liberal AF' Finnerty🗽⚖️📚,"@wahlstedt007 With diabetes they have a treatment called ozempic.  It helps control blood sugar but has an added bonus of  lowering your appetite.

The version for weight loss is called Wegovy.

I am on ozempic and I have to admit it kills your appetite. 

Just something you might look at",en,1,0,2,0,,"<a href=""http://twitter.com/download/android"" rel=""nofollow"">Twitter for Android</a>",https://x.com/dfinn/status/1532401892961226755,False,True,2026-04-07T17:46:19.884085+00:00
1532379304159485953,wegovy_weight,wegovy,weight,2022-06-02T15:11:10+00:00,LifeXMD,LifeXMD ,"Learn more about semaglutide -- an FDA-approved, revolutionary weight loss therapy that can help you LOSE those extra pounds and PREVENT future weight gain. https://t.co/iCo4fppAo1",en,0,0,0,0,,"<a href=""https://www.hootsuite.com"" rel=""nofollow"">Hootsuite Inc.</a>",https://x.com/LifeXMD/status/1532379304159485953,False,False,2026-04-07T17:46:19.884085+00:00
1532179107072684034,wegovy_weight,wegovy,weight,2022-06-02T01:55:40+00:00,BR_Becca,Marie Pitre,"I've joined a bunch of weight loss support groups and its so infuriating.  % lost people, not pounds.  People are so fucking dumb.  I don't give a shit if you've lost 30 lbs if you're 800 lbs.  But if you started at 180? That's a big deal.  Ugh.  #ozempic #wegovy #weightloss",en,1,0,0,0,,"<a href=""https://mobile.twitter.com"" rel=""nofollow"">Twitter Web App</a>",https://x.com/BR_Becca/status/1532179107072684034,False,False,2026-04-07T17:46:19.884085+00:00
1531822287603003392,wegovy_weight,wegovy,weight,2022-06-01T02:17:47+00:00,NandaKu53991398,Nanda Kumar,"""Scientists from the University of Liverpool found that an anti-obesity drug, semaglutide, showed a strong degree of weight loss.

Semaglutide  works by controlling appetite. This has been shown in numerous studies. The drug is normally used  in the treatment of diabetes.",en,0,0,0,0,,"<a href=""http://twitter.com/download/android"" rel=""nofollow"">Twitter for Android</a>",https://x.com/NandaKu53991398/status/1531822287603003392,False,False,2026-04-07T17:46:19.884085+00:00
1531811724524937216,wegovy_weight,wegovy,weight,2022-06-01T01:35:49+00:00,arosoff,Alexis,Let's say I decide to go on Wegovy. I do so in the full knowledge of its risks and limitations. But I decide that it's worth it. I'll lose maybe 30-40 lbs. Pro: I'll be more comfortable (I carry all my weight in one spot).,en,0,0,0,0,,"<a href=""https://mobile.twitter.com"" rel=""nofollow"">Twitter Web App</a>",https://x.com/arosoff/status/1531811724524937216,False,True,2026-04-07T17:46:19.884085+00:00
1531723470102573059,wegovy_weight,wegovy,weight,2022-05-31T19:45:07+00:00,wegovyscrapbook,Kirsten,"Forty pounds of #weightloss with #Wegovy in a little over 20 weeks.

I wish everyone who wanted this drug could get it because it’s made such a difference for me. #semaglutide",en,1,0,11,0,,"<a href=""http://twitter.com/download/iphone"" rel=""nofollow"">Twitter for iPhone</a>",https://x.com/wegovyscrapbook/status/1531723470102573059,False,False,2026-04-07T17:46:19.884085+00:00
1531501962839179264,wegovy_weight,wegovy,weight,2022-05-31T05:04:56+00:00,ChrisGStreet,Chris Street🇬🇧MSc (Medicinal Chemistry),"Lifetime weekly injectable drug #semaglutide (brand: #Wegovy) approved June 2021 for ppl w obese BMI. Lose 15% weight over 68 weeks vs 2% placebo. Mimics gut hormone glucagon-like peptide-1 (#GLP-1),⬆️insulin, 🔽stomach emptying,🔽 appetite, eat🔽w/out hunger/cravings.",en,0,0,1,0,,"<a href=""http://twitter.com/download/android"" rel=""nofollow"">Twitter for Android</a>",https://x.com/ChrisGStreet/status/1531501962839179264,False,False,2026-04-07T17:46:19.884085+00:00
1531364917755904007,wegovy_weight,wegovy,weight,2022-05-30T20:00:22+00:00,sciam,Scientific American,Injectable weight-loss medicines reduce appetite but raise questions of long-term safety and affordability https://t.co/uWxjE4SY7p,en,2,7,40,3,,"<a href=""http://erased6644614_QyctI2jsZ5.com"" rel=""nofollow"">erased6644614_QyctI2jsZ5</a>",https://x.com/sciam/status/1531364917755904007,False,False,2026-04-07T17:46:19.884085+00:00
1531335541362462720,wegovy_weight,wegovy,weight,2022-05-30T18:03:38+00:00,crentsch,Chris Rentsch,"Placebo controlled ensures everyone *thinks* they got medicine, even if they didn't. Believing you were treated generates real results: here is the fine print for the new drug Wegovy. 31-47% of people who did a weekly saline (placebo) injection successfully lost ≥5% body weight. https://t.co/4rEAbpzEdo",en,1,0,0,0,,"<a href=""https://mobile.twitter.com"" rel=""nofollow"">Twitter Web App</a>",https://x.com/crentsch/status/1531335541362462720,False,True,2026-04-07T17:46:19.884085+00:00
1531296453485903872,wegovy_weight,wegovy,weight,2022-05-30T15:28:19+00:00,octavio_medina,Octavio Medina,"""...semaglutide causes an average of 18–20% loss of body weight when paired with diet and lifestyle advice. In other words, a person who walks into his office weighing 250 pounds and chooses semaglutide can expect to shed about 48 pounds.""",en,0,0,1,0,,"<a href=""https://mobile.twitter.com"" rel=""nofollow"">Twitter Web App</a>",https://x.com/octavio_medina/status/1531296453485903872,False,True,2026-04-07T17:46:19.884085+00:00
1530113111180849152,wegovy_weight,wegovy,weight,2022-05-27T09:06:08+00:00,AuspolCrikey,AuspolCrikey,"🥋☄️🌎
The medication generating the most excitement is a weekly injectable drug called semaglutide (brand name: Wegovy). It was approved in June. Subjects lost 14.9 percent of body weight. A drug for the wealthy - $1,349 a month.
https://t.co/vgGy5v9uJi",en,0,3,3,0,,"<a href=""https://mobile.twitter.com"" rel=""nofollow"">Twitter Web App</a>",https://x.com/AuspolCrikey/status/1530113111180849152,False,False,2026-04-07T17:46:19.884085+00:00
1529708942636552193,wegovy_weight,wegovy,weight,2022-05-26T06:20:07+00:00,shaneforbes,Shane Forbes -- 🧑‍⚕️👨‍⚕️cannot 🧐,"@rotitafashion If companies can be abused for showcasing rakish models, the same can be said in cases like this.

This is unhealthy.

Two generations ago, people were thinner and gen healthier.

You’ve lost the script.

Instead of can’t pinch an inch, it’s this now.

Semaglutide, America?",en,5,0,1,1,,"<a href=""https://mobile.twitter.com"" rel=""nofollow"">Twitter Web App</a>",https://x.com/shaneforbes/status/1529708942636552193,False,True,2026-04-07T17:46:19.885082+00:00
1528947360444735489,wegovy_weight,wegovy,weight,2022-05-24T03:53:51+00:00,connectingthemb,Connecting the Mind and Body,"In a clinical trial, participants taking Semaglutide lost 15 percent of their body weight, on average.",en,1,0,0,0,,"<a href=""http://twitter.com/download/iphone"" rel=""nofollow"">Twitter for iPhone</a>",https://x.com/connectingthemb/status/1528947360444735489,False,True,2026-04-07T17:46:19.885082+00:00
1528947219516096513,wegovy_weight,wegovy,weight,2022-05-24T03:53:18+00:00,connectingthemb,Connecting the Mind and Body,Semaglutide is the active ingredient in two common diabetes medications known as GLP-RA: which mimics the bodies response to increased blood sugar which delays gastric emptying resulting in a feeling of fullness and decreased appetite.,en,1,0,0,0,,"<a href=""http://twitter.com/download/iphone"" rel=""nofollow"">Twitter for iPhone</a>",https://x.com/connectingthemb/status/1528947219516096513,False,True,2026-04-07T17:46:19.885082+00:00
1527562173861486592,wegovy_weight,wegovy,weight,2022-05-20T08:09:37+00:00,KateIsabelle24,Dr Dr Kate Stevens💙,Post hoc analysis of SUSTAIN 6 trial @KatherineTuttl8 from🇺🇸 with #semaglutide v placebo far less likely to move to a higher KDIGO risk category - changes in GFR &amp; albuminuria contribute to this. Assessment re semaglutide renal protective effects in progress 😊 #ERA22 #MINIera22 https://t.co/eyp3zb0vCn,en,0,3,8,0,,"<a href=""http://twitter.com/download/iphone"" rel=""nofollow"">Twitter for iPhone</a>",https://x.com/KateIsabelle24/status/1527562173861486592,False,False,2026-04-07T17:46:19.885082+00:00
1527054104903786501,wegovy_weight,wegovy,weight,2022-05-18T22:30:44+00:00,NGHealthClinic,NexGen Health and Wellness,"COMING SOON to #NexGenHealthandWellness, SEMAGLUTIDE!!! Weekly injections that help decrease appetite and increase your ability to lose weight. 

#WeightLossBartlett
#SemaglutideInMemphis https://t.co/coZDlhSsif",en,0,0,1,0,,"<a href=""https://www.cloudcampaign.com"" rel=""nofollow"">Cloud Campaign</a>",https://x.com/NGHealthClinic/status/1527054104903786501,False,False,2026-04-07T17:46:19.885082+00:00
1526875836049149952,wegovy_weight,wegovy,weight,2022-05-18T10:42:21+00:00,HeavyWeather8,Day-Glo Freak 🚀,@DrKarlNadolsky I lost #40 in just under a year w semaglutide- now my doc won’t refill b/c “it’s not indicated anymore” No shit my BMI is 25! I’m going to put it back on and am panicked at the total humiliation coming my way,en,1,0,1,0,,"<a href=""http://twitter.com/download/iphone"" rel=""nofollow"">Twitter for iPhone</a>",https://x.com/HeavyWeather8/status/1526875836049149952,False,False,2026-04-07T17:46:19.885082+00:00
1526270929797513221,wegovy_weight,wegovy,weight,2022-05-16T18:38:41+00:00,drteohsh,"Steven Teoh MD, FOMA, IH FIFSO","Semaglutide 2.4mg &amp; tirzepatide have near-surgical effective level. It will be unfortunate, if current in progress AOMs development abandon their project. Read:
https://t.co/e56oK0UL1Q
and my narration here https://t.co/80yGnDhTbQ
Pic: Depict the scene I hope doesn't happen. https://t.co/2VM8OhPauy",en,0,0,4,0,,"<a href=""http://twitter.com/download/android"" rel=""nofollow"">Twitter for Android</a>",https://x.com/drteohsh/status/1526270929797513221,False,False,2026-04-07T17:46:19.885082+00:00
1525828202836463616,wegovy_weight,wegovy,weight,2022-05-15T13:19:26+00:00,NewrasTechnolog,NewRAS Technologies,"Produced by the American drug maker Eli Lilly, Tirzepatide is a new weight loss drug that decreases appetite by mimicking the effect of hormones released in the body after a person eats.  Aside from tirzepatide, another key drug is semaglutide, which acts in a similar way.",en,0,0,0,0,,"<a href=""https://mobile.twitter.com"" rel=""nofollow"">Twitter Web App</a>",https://x.com/NewrasTechnolog/status/1525828202836463616,False,False,2026-04-07T17:46:19.885082+00:00
1525812303203278848,wegovy_weight,wegovy,weight,2022-05-15T12:16:15+00:00,jachaseyoung,Jordan Chase-Young,"@argosopentech Didn't even know there'd been progress in this area recently, but apparently there are several promising drugs in the pipeline. Wegovy, an injection drug on the market as of 2021, is already proving effective.",en,1,0,3,0,,"<a href=""http://twitter.com/download/android"" rel=""nofollow"">Twitter for Android</a>",https://x.com/jachaseyoung/status/1525812303203278848,False,True,2026-04-07T17:46:19.885082+00:00
1525094123644112896,wegovy_weight,wegovy,weight,2022-05-13T12:42:28+00:00,MistfitkidsRAWR,Cocaine Nose Job,"Only thing that sucks with these wegovy weightloss shots , they make me have sulfur belches🤮🤮🤮
But I have lost a total of 23.8 pounds in two months 🥰🥰",en,0,0,2,0,,"<a href=""http://twitter.com/download/iphone"" rel=""nofollow"">Twitter for iPhone</a>",https://x.com/MistfitkidsRAWR/status/1525094123644112896,False,False,2026-04-07T17:46:21.419255+00:00
1524815969364783105,wegovy_weight,wegovy,weight,2022-05-12T18:17:11+00:00,despeaux,Cliff DesPeaux,"@sguyenet @kamleshkhunti I hope I can beat that curve. I'm down 35 lbs on Wegovy and want to lose another 80. Wish me luck. Love your book, btw.",en,0,0,2,0,,"<a href=""https://mobile.twitter.com"" rel=""nofollow"">Twitter Web App</a>",https://x.com/despeaux/status/1524815969364783105,False,True,2026-04-07T17:46:21.419255+00:00
1524511566514716673,wegovy_weight,wegovy,weight,2022-05-11T22:07:36+00:00,sguyenet,Stephan J. Guyenet,"One final thing to note is that one year after drug withdrawal, the metabolic and cardiovascular benefits of semaglutide had largely evaporated.

This is disappointing and a bit surprising since they didn't regain all of their lost weight.",en,2,0,18,0,,"<a href=""https://mobile.twitter.com"" rel=""nofollow"">Twitter Web App</a>",https://x.com/sguyenet/status/1524511566514716673,False,True,2026-04-07T17:46:21.419255+00:00
1524505687644000256,wegovy_weight,wegovy,weight,2022-05-11T21:44:14+00:00,sguyenet,Stephan J. Guyenet,"Let's take a look at the graph of weight change over time.  

People with obesity treated with semaglutide lost 17% of body weight over 68 wk. 

They regained most of it over 52 wk after drug withdrawal. https://t.co/zpiSoTI7wc",en,6,7,40,5,,"<a href=""https://mobile.twitter.com"" rel=""nofollow"">Twitter Web App</a>",https://x.com/sguyenet/status/1524505687644000256,False,True,2026-04-07T17:46:21.419255+00:00
1522618395862220804,wegovy_weight,wegovy,weight,2022-05-06T16:44:49+00:00,Hussy_trash,Deb.oh.ruh,"@nattyrocberry I do know that my sister lost over 100lbs on phentermine and clinical @ work is always talking about people on wegovy. I know you don’t need to lose, but since you asked- I know those work.",en,1,0,0,0,,"<a href=""http://twitter.com/download/iphone"" rel=""nofollow"">Twitter for iPhone</a>",https://x.com/Hussy_trash/status/1522618395862220804,False,True,2026-04-07T17:46:21.419255+00:00
1519754172832403457,wegovy_weight,wegovy,weight,2022-04-28T19:03:25+00:00,BiopharmaMedia,BioPharma Media,"#Tirzepatide by #EliLilly reduced weight by 22.5% (24 kg) in 72 weeks. Two-thirds of patients lost at least 20% #fat. Tirzepatide is better at #WeightLoss than #Wegovy (#semaglutide) by #NovoNordisk. #overweight #obesity $LLY
https://t.co/NqP2qbnULS",en,0,0,0,0,,"<a href=""https://mobile.twitter.com"" rel=""nofollow"">Twitter Web App</a>",https://x.com/BiopharmaMedia/status/1519754172832403457,False,False,2026-04-07T17:46:21.419255+00:00
1519660727451234304,wegovy_weight,wegovy,weight,2022-04-28T12:52:06+00:00,Ginpugh,Ginger.Pugh,First day of fourth shot of wegovy. I was not as hungry yesterday and I did get my steps in. Hydrate is key! 5 lbs off first month. #weightlossjourney  #hydration #agingbackwards #feelgood,en,0,0,0,0,,"<a href=""http://twitter.com/download/iphone"" rel=""nofollow"">Twitter for iPhone</a>",https://x.com/Ginpugh/status/1519660727451234304,False,False,2026-04-07T17:46:21.419255+00:00
1519644394625933312,wegovy_weight,wegovy,weight,2022-04-28T11:47:11+00:00,EndoFemenino,Maria Silva | Endocrinóloga,"@MeatsNeats @DoctorTro My impression with semaglutide in particular is that it does have benefit on its own, but the biggest effect is the lowering of the appetite. There are some spectacular A1C drops in some people because they don’t feel like eating shit all the time so it helps with diet adherence",en,0,0,0,0,,"<a href=""http://twitter.com/download/iphone"" rel=""nofollow"">Twitter for iPhone</a>",https://x.com/EndoFemenino/status/1519644394625933312,False,True,2026-04-07T17:46:21.419255+00:00
1519640180851884033,wegovy_weight,wegovy,weight,2022-04-28T11:30:27+00:00,DoctorTro,DoctorTro,"At least we can hormonally modulate appetite versus surgical options 

The class is a good class of medications and this looks even better than semaglutide

👇🏻👇🏻👇🏻👇🏻👇🏻

Tirzepatide delivered up to 22.5% weight loss in adults with obesity https://t.co/w3C3OQJiK0",en,1,0,5,0,,"<a href=""http://twitter.com/download/iphone"" rel=""nofollow"">Twitter for iPhone</a>",https://x.com/DoctorTro/status/1519640180851884033,False,False,2026-04-07T17:46:21.419255+00:00
1519510215556800512,wegovy_weight,wegovy,weight,2022-04-28T02:54:01+00:00,deckerlesscarbs,"Amanda Decker FNP-C, MHP, CKNS","3 patients this week all with same complaint, semaglutide max dose has stopped controlling appetite &amp; there is weight regain. Please hear me, medications can help, but your body is smart &amp; will adapt. Learn skills to deal with hunger &amp; don’t rely 💯 on medication @DoctorTro",en,0,0,32,1,,"<a href=""http://twitter.com/download/iphone"" rel=""nofollow"">Twitter for iPhone</a>",https://x.com/deckerlesscarbs/status/1519510215556800512,False,False,2026-04-07T17:46:21.419255+00:00
1519449525215182848,wegovy_weight,wegovy,weight,2022-04-27T22:52:51+00:00,drhusseinfaour,Dr. Hussein Faour,"Now #Ozempic was first proven to be effective for #diabetes at a dose of 1mg once weekly. 
Later it was found that a higher dose of 2.4mg once weekly (#Wegovy dosing) was that much more effective for #weight-loss. On average, individuals lost 15% of their baseline body weight.",en,1,0,1,0,,"<a href=""http://twitter.com/download/android"" rel=""nofollow"">Twitter for Android</a>",https://x.com/drhusseinfaour/status/1519449525215182848,False,True,2026-04-07T17:46:21.419255+00:00
1518655795507904512,wegovy_weight,wegovy,weight,2022-04-25T18:18:51+00:00,GhostBureau,Ghost Bureau Content Services,"#Obesity is the leading preventable cause of death, with about a third of North Americans classified as obese. Health Canada recently approved a new weight loss drug, #semaglutide. Experts refer to it as a “game changer” for its ability to curtail appetite and spur weight loss.",en,0,0,1,0,,"<a href=""https://mobile.twitter.com"" rel=""nofollow"">Twitter Web App</a>",https://x.com/GhostBureau/status/1518655795507904512,False,False,2026-04-07T17:46:21.419255+00:00
1518648633276702720,wegovy_weight,wegovy,weight,2022-04-25T17:50:23+00:00,medcanlivewell,Medcan,"There's a lot of excitement around #semaglutide, aka  #Ozempic, which experts have called a ""game changer"" for #obesity and weight loss. But does it live up to the hype? Dr. @DavidMacklinMD  &amp; @medcanlivewell  CEO @ShaunCFrancis  investigate.
Listen now: https://t.co/rcrgeI6ScS https://t.co/AHIhEJTDNj",en,0,1,7,4,,"<a href=""https://mobile.twitter.com"" rel=""nofollow"">Twitter Web App</a>",https://x.com/medcanlivewell/status/1518648633276702720,False,False,2026-04-07T17:46:21.419255+00:00
1518491721516081154,wegovy_weight,wegovy,weight,2022-04-25T07:26:53+00:00,binaratmaja,Binar Atmaja,"elonmusk: @Teslarati @ResidentSponge In the meantime, semaglutide (aka Ozempic/Rybelsus) appears to be effective in appetite control with minor side effects",en,0,0,0,0,,"<a href=""https://ifttt.com"" rel=""nofollow"">IFTTT</a>",https://x.com/binaratmaja/status/1518491721516081154,False,False,2026-04-07T17:46:21.419255+00:00
1518331953002561536,wegovy_weight,wegovy,weight,2022-04-24T20:52:01+00:00,evie_v_hammond,The middle way is best,"@DrNadolsky Semaglutide if available, or any type of appetite suppressant that is permissable if not,alongside high quality coaching about the metabolism and use the right carbs to develop metabolic flexibility. Appetite suppressed for long enough for the patient to believe they can succeed",en,0,0,2,0,,"<a href=""http://twitter.com/download/android"" rel=""nofollow"">Twitter for Android</a>",https://x.com/evie_v_hammond/status/1518331953002561536,False,True,2026-04-07T17:46:21.419255+00:00
1518314066850234373,wegovy_weight,wegovy,weight,2022-04-24T19:40:57+00:00,bradsferguson,Bradford Ferguson,"I know someone who has lost 25+ pounds with semaglutide (Wegovy) in 4 months. Wegovy is not covered by insurance and costs $1,500/month. If they have diabetes then it is covered by insurance and is called Ozempic (same drug).

It slows down the stomach reducing ability to eat.",en,2,1,8,0,,"<a href=""http://twitter.com/download/iphone"" rel=""nofollow"">Twitter for iPhone</a>",https://x.com/bradsferguson/status/1518314066850234373,False,False,2026-04-07T17:46:21.420251+00:00
1518222204097413122,wegovy_weight,wegovy,weight,2022-04-24T13:35:55+00:00,elonmusk,Elon Musk,"@Teslarati @ResidentSponge In the meantime, semaglutide (aka Ozempic/Rybelsus) appears to be effective in appetite control with minor side effects",en,798,403,6205,94,,"<a href=""http://twitter.com/download/iphone"" rel=""nofollow"">Twitter for iPhone</a>",https://x.com/elonmusk/status/1518222204097413122,False,True,2026-04-07T17:46:21.420251+00:00
1518260528384249867,wegovy_weight,wegovy,weight,2022-04-24T16:08:12+00:00,DoctorTro,DoctorTro,"I have an entire curriculum on appetite control, so people don’t have to rely SOLELY on surgery, semaglutide and neurolink… 

Also ozempic/rybelsus is inneffective compared to wegovy dosing 2.4mg",en,2,2,9,0,,"<a href=""http://twitter.com/download/iphone"" rel=""nofollow"">Twitter for iPhone</a>",https://x.com/DoctorTro/status/1518260528384249867,False,False,2026-04-07T17:46:21.420251+00:00
1518257009426157568,wegovy_weight,wegovy,weight,2022-04-24T15:54:13+00:00,PalloSign,pallo sign,"@Teslarati @ResidentSponge In the meantime, semaglutide (aka Ozempic/Rybelsus) appears to be effective in appetite control with minor side effects",en,0,0,1,0,,"<a href=""https://ifttt.com"" rel=""nofollow"">IFTTT</a>",https://x.com/PalloSign/status/1518257009426157568,False,False,2026-04-07T17:46:21.420251+00:00
1518251515860955136,wegovy_weight,wegovy,weight,2022-04-24T15:32:23+00:00,NotMusk1,Not Musk,"Re @Teslarati @ResidentSponge In the meantime, semaglutide (aka Ozempic/Rybelsus) appears to be effective in appetite control with minor side effects @ElonMusk",en,0,0,0,0,,"<a href=""https://ifttt.com"" rel=""nofollow"">IFTTT</a>",https://x.com/NotMusk1/status/1518251515860955136,False,False,2026-04-07T17:46:21.420251+00:00
1518234361652563968,wegovy_weight,wegovy,weight,2022-04-24T14:24:13+00:00,haddymo,Haddy 20.25,"#RT @elonmusk: @Teslarati @ResidentSponge In the meantime, semaglutide (aka Ozempic/Rybelsus) appears to be effective in appetite control with minor side effects",en,0,0,0,0,,"<a href=""https://ifttt.com"" rel=""nofollow"">IFTTT</a>",https://x.com/haddymo/status/1518234361652563968,False,False,2026-04-07T17:46:21.420251+00:00
1521840148476047361,wegovy_weight,wegovy,weight,2022-05-04T13:12:20+00:00,jjss83,JS,"@GioWFAN Dude, you need to get on semaglutide, the medication is called Wegovy. I’m down 45 pounds and haven’t done any exercise.",en,0,0,1,0,,"<a href=""http://twitter.com/download/iphone"" rel=""nofollow"">Twitter for iPhone</a>",https://x.com/jjss83/status/1521840148476047361,False,False,2026-04-07T17:46:21.420251+00:00
1518222684659847168,wegovy_weight,wegovy,weight,2022-04-24T13:37:49+00:00,ElonMuskLegacy,Elon Musk ⚡️ Legacy ⚡️,"elonmusk: @Teslarati @ResidentSponge In the meantime, semaglutide (aka Ozempic/Rybelsus) appears to be effective in appetite control with minor side effects",en,1,0,0,0,,"<a href=""https://ifttt.com"" rel=""nofollow"">IFTTT</a>",https://x.com/ElonMuskLegacy/status/1518222684659847168,False,False,2026-04-07T17:46:22.771452+00:00
1518221254741872641,wegovy_weight,wegovy,weight,2022-04-24T13:32:08+00:00,SarahRoMD,"Sarah Ro, MD",Excellent article. We have seen pts who tried wegovy ( coupon) gain all the weight back now off of wegovy ($$). They had no behavioral change education. Need strategy that incorporates appetite suppression and behavioral change to cause weight loss and wt maintenance.,en,1,1,1,0,,"<a href=""http://twitter.com/download/iphone"" rel=""nofollow"">Twitter for iPhone</a>",https://x.com/SarahRoMD/status/1518221254741872641,False,False,2026-04-07T17:46:22.771452+00:00
1518194092932579330,wegovy_weight,wegovy,weight,2022-04-24T11:44:13+00:00,NeilFlochMD,Neil Floch MD,"Beyond appetite regulation: Targeting energy expenditure, fat oxidation, and lean mass preservation for sustainable weight loss - Christoffersen - 2022 - #Obesity - Wiley Online Library https://t.co/hTU6JrajXQ",en,0,1,8,1,,"<a href=""http://twitter.com/download/iphone"" rel=""nofollow"">Twitter for iPhone</a>",https://x.com/NeilFlochMD/status/1518194092932579330,False,False,2026-04-07T17:46:22.771452+00:00
1517527739737251840,wegovy_weight,wegovy,weight,2022-04-22T15:36:22+00:00,DrNadolsky,Dr. Spencer Nadolsky,"Weight loss medicine responses

One patient only lost 7% bw on 2.4 mg of semaglutide

Another patient lost 16% and still going on 1 mg of semaglutide

Same thing can be seen for things like zonisamide and naltrexone/bupropion and qsymia.

Hard to know until you try.",en,4,2,31,1,,"<a href=""http://twitter.com/download/iphone"" rel=""nofollow"">Twitter for iPhone</a>",https://x.com/DrNadolsky/status/1517527739737251840,False,False,2026-04-07T17:46:22.771452+00:00
1517128861217173504,wegovy_weight,wegovy,weight,2022-04-21T13:11:22+00:00,wegovyscrapbook,Kirsten,"#wegovy #weightloss update:
15 weeks
30 lbs.",en,1,0,9,0,,"<a href=""https://mobile.twitter.com"" rel=""nofollow"">Twitter Web App</a>",https://x.com/wegovyscrapbook/status/1517128861217173504,False,False,2026-04-07T17:46:22.771452+00:00
1516837876369088515,wegovy_weight,wegovy,weight,2022-04-20T17:55:05+00:00,SuttonGL,Geoff,"@DynothermsGo @SilverVVulpes Semaglutide increases insulin but decreases appetite, which seems like strong evidence the insulin vs calories debate.",en,0,0,1,0,,"<a href=""http://twitter.com/download/android"" rel=""nofollow"">Twitter for Android</a>",https://x.com/SuttonGL/status/1516837876369088515,False,True,2026-04-07T17:46:22.771452+00:00
1516462281277816832,wegovy_weight,wegovy,weight,2022-04-19T17:02:37+00:00,dumbstupidbird,ken,i’ve seen oral semaglutide become more widely available as of late. i wonder if the oral bioavailability is at all high enough for the actually appetite suppression,en,1,0,0,0,,"<a href=""http://twitter.com/download/iphone"" rel=""nofollow"">Twitter for iPhone</a>",https://x.com/dumbstupidbird/status/1516462281277816832,False,False,2026-04-07T17:46:22.771452+00:00
1515494776581529603,wegovy_weight,wegovy,weight,2022-04-17T00:58:05+00:00,Endoananth,"Anantharaman R MBBS,MD, DM(endo)🇮🇳👨‍⚕️⚕",@singhak_endo Plan for weight loss effect  also sir . Recently saw a patient who lost 6kg with Dapa - I shifted to semaglutide due to prostatitis- he actually regained weight!,en,0,0,0,0,,"<a href=""http://twitter.com/download/iphone"" rel=""nofollow"">Twitter for iPhone</a>",https://x.com/Endoananth/status/1515494776581529603,False,True,2026-04-07T17:46:22.772449+00:00
1515118995728478215,wegovy_weight,wegovy,weight,2022-04-16T00:04:52+00:00,Ginpugh,Ginger.Pugh,"Week 1 results on #Wegovy 
Day 1 had no side effects, hunger was same. Day 2-6  hunger was slight and had slight nausea with a headache. Drank more water and helped with the headache. Down 3 lbs",en,1,0,4,0,,"<a href=""http://twitter.com/download/iphone"" rel=""nofollow"">Twitter for iPhone</a>",https://x.com/Ginpugh/status/1515118995728478215,False,False,2026-04-07T17:46:22.772449+00:00
1514839040427798532,wegovy_weight,wegovy,weight,2022-04-15T05:32:26+00:00,burbine_jessica,Jessica Burbine,"@DrJAshton I saw your interview on GMA about Wegovy and coverage! I’m a nurse, also on Wegovy 4 months, down 60 pounds! I love your passion for this! #lifechanging",en,0,0,2,0,,"<a href=""http://twitter.com/download/iphone"" rel=""nofollow"">Twitter for iPhone</a>",https://x.com/burbine_jessica/status/1514839040427798532,False,False,2026-04-07T17:46:22.772449+00:00
1512923024781189122,wegovy_weight,wegovy,weight,2022-04-09T22:38:52+00:00,memesq,Mary Elizabeth Moss,"@amyacc @Julius_Kim I lost 55 lbs in 9 months on Ozempic/Wegovy. Went from obese BMI, metabolic syndrome, pre diabetic to normal BMI and excellent labs. Highly recommend.",en,1,0,2,0,,"<a href=""http://twitter.com/download/iphone"" rel=""nofollow"">Twitter for iPhone</a>",https://x.com/memesq/status/1512923024781189122,False,True,2026-04-07T17:46:22.772449+00:00
1512492638686961665,wegovy_weight,wegovy,weight,2022-04-08T18:08:40+00:00,LoricideDoom,Lorcifer B. Doom,"9 AM pharmacy opens: 

""IS MY WEGOVY READY?! HURRY MY CAR IS ABOUT TO BE TOWED!""

I barely turned on my computer/register. 

*looks and processes RX* 
*raises eyebrow that we lost $500 on RX*",en,1,0,0,0,,"<a href=""http://twitter.com/download/android"" rel=""nofollow"">Twitter for Android</a>",https://x.com/LoricideDoom/status/1512492638686961665,False,True,2026-04-07T17:46:22.772449+00:00
1512192351967535108,wegovy_weight,wegovy,weight,2022-04-07T22:15:26+00:00,ziibiing,ashley fairbanks,"TW: Intentional weight loss

I’m so mad. In November, I started a drug called Wegovy, in hopes that losing weight would help relieve my debilitating migraines. It’s the first thing that’s ever allowed me to lose—I’ve lost 45 lbs in six months.

And now I’m getting kicked off it.",en,10,2,84,0,,"<a href=""http://twitter.com/download/iphone"" rel=""nofollow"">Twitter for iPhone</a>",https://x.com/ziibiing/status/1512192351967535108,False,False,2026-04-07T17:46:22.772449+00:00
1510087411530964998,wegovy_weight,wegovy,weight,2022-04-02T02:51:09+00:00,Comrade_Gibby,Comrade Gibby,"@bdipierr Oh Wegovy!
I have Ozempic here (which is more for type 2 diabetes). But it's from the same company with the same goal (and working ingredient) basically, it also suppresses appetite. https://t.co/Ynbgkd3n3Q",en,2,0,1,0,,"<a href=""https://mobile.twitter.com"" rel=""nofollow"">Twitter Web App</a>",https://x.com/Comrade_Gibby/status/1510087411530964998,False,True,2026-04-07T17:46:22.772449+00:00
1509886673672445954,wegovy_weight,wegovy,weight,2022-04-01T13:33:29+00:00,wegovyscrapbook,Kirsten,"#wegovy #weightloss update:
12 weeks
25 lbs.

Tomorrow starts week 13 and my first full dose shot.",en,0,0,3,0,,"<a href=""http://twitter.com/download/iphone"" rel=""nofollow"">Twitter for iPhone</a>",https://x.com/wegovyscrapbook/status/1509886673672445954,False,False,2026-04-07T17:46:22.772449+00:00
1507486389742448641,wegovy_weight,wegovy,weight,2022-03-25T22:35:37+00:00,EvansVeris,null,"@Noahpinion They might have already, actually. Semaglutide is a diabetes medication turned anti obesity medication that works to modify appetite in the brain. This function does not merely apply to food, patients are gambling and shopping less. Predict will be used for myriad addictions.",en,1,0,5,0,,"<a href=""http://twitter.com/download/iphone"" rel=""nofollow"">Twitter for iPhone</a>",https://x.com/EvansVeris/status/1507486389742448641,False,True,2026-04-07T17:46:22.772449+00:00
1507435164929953795,wegovy_weight,wegovy,weight,2022-03-25T19:12:04+00:00,chudsommeleir,microsatellite instability,"@KrissBergTweets @kevinnbass Supposedly semaglutide has unique effects on reward circuits in general. Some clinicians report changes in alcohol consumption, even desires to obsessively shop/browse Amazon. I've taken it, it's not nauseating/dysphoric like classic appetite suppressants https://t.co/CrriOlbfwN",en,1,0,3,0,,"<a href=""https://mobile.twitter.com"" rel=""nofollow"">Twitter Web App</a>",https://x.com/chudsommeleir/status/1507435164929953795,False,True,2026-04-07T17:46:22.772449+00:00
1506753147636572160,wegovy_weight,wegovy,weight,2022-03-23T22:01:59+00:00,chudsommeleir,microsatellite instability,"@KrissBergTweets @kevinnbass Absolutely wrong. Both drugs significantly impact metabolism via multiple mechanisms, in addition to appetite. Semaglutide doesn't suppress appetite in classic/conventional ways either. It seems to specifically regulate cravings for calorie-rich hedonistic foods",en,1,0,3,0,,"<a href=""https://mobile.twitter.com"" rel=""nofollow"">Twitter Web App</a>",https://x.com/chudsommeleir/status/1506753147636572160,False,True,2026-04-07T17:46:22.772449+00:00
1506632472049733633,wegovy_weight,wegovy,weight,2022-03-23T14:02:27+00:00,sinking_point,Billy Bradley,"@2kool4u2k9 @polyparadigm @kevinnbass The placebo group is still on semaglutide, so it's no surprise they lost weight.",en,1,0,2,0,,"<a href=""http://twitter.com/download/android"" rel=""nofollow"">Twitter for Android</a>",https://x.com/sinking_point/status/1506632472049733633,False,True,2026-04-07T17:46:22.772449+00:00
1506547426944987136,wegovy_weight,wegovy,weight,2022-03-23T08:24:31+00:00,EvansVeris,null,"@MichaelAlbertMD Any idea what's going on irt underweight/low appetite people? Wondering if semaglutide will lead to medications for people struggling with low weights, it isn't as common but would nonetheless be welcome. Underweight rn, I just don't want to eat more I'm full 😟",en,0,0,0,0,,"<a href=""https://mobile.twitter.com"" rel=""nofollow"">Twitter Web App</a>",https://x.com/EvansVeris/status/1506547426944987136,False,True,2026-04-07T17:46:22.772449+00:00
1506452495371227136,wegovy_weight,wegovy,weight,2022-03-23T02:07:18+00:00,DrAethiana,Dr Aethy ❤️🌺 catdoc streamer,"@DrGRuralMD @GentryMD Also bearing in mind the increased risk of nec fasc with sglt2, and in my career so far all the nec fasc I've seen are in diabetics who are obese. 
GLP1RA weekly injectables have good data for weight loss (think semaglutide) and appetite suppression, and lower A1c by about 1.5%",en,1,0,3,0,,"<a href=""http://twitter.com/download/android"" rel=""nofollow"">Twitter for Android</a>",https://x.com/DrAethiana/status/1506452495371227136,False,False,2026-04-07T17:46:23.569306+00:00
1506322406813495299,wegovy_weight,wegovy,weight,2022-03-22T17:30:22+00:00,mamoun_linda,Linda Mamoun,"@MichaelAlbertMD Since appetite dysregulation tends to be a lifelong issue, what is the specific recommended treatment protocol for tapering off semaglutide after goal weight is achieved? Can someone stay at the 1mg dosage for several decades?",en,1,0,3,0,,"<a href=""http://twitter.com/download/iphone"" rel=""nofollow"">Twitter for iPhone</a>",https://x.com/mamoun_linda/status/1506322406813495299,False,True,2026-04-07T17:46:23.569306+00:00
1505894277309677569,wegovy_weight,wegovy,weight,2022-03-21T13:09:08+00:00,BelTel,Belfast Telegraph,"https://t.co/cBx378a6ON  
Patients lost an average of 3-4 stone within a year when taking #Wegovy",en,3,0,0,0,,"<a href=""https://about.twitter.com/products/tweetdeck"" rel=""nofollow"">TweetDeck</a>",https://x.com/BelTel/status/1505894277309677569,False,False,2026-04-07T17:46:23.569306+00:00
1504854659164422148,wegovy_weight,wegovy,weight,2022-03-18T16:18:04+00:00,aawdives,Amy Weber,"@KevinRickard4 @llamalovinteach If it's metformin I have lost a lot of weight on that, plus adding in Wegovy shot. I've lost 70 pounds.",en,3,0,3,0,,"<a href=""http://twitter.com/download/android"" rel=""nofollow"">Twitter for Android</a>",https://x.com/aawdives/status/1504854659164422148,False,True,2026-04-07T17:46:23.569306+00:00
1504601202327138304,wegovy_weight,wegovy,weight,2022-03-17T23:30:55+00:00,Breaker316,Edgar H. Soto,"@Paola_V_MTL Not advice on what not to do. But have you looked into semaglutide (Wegovy)? It's a Glp 1-agonist that shuts down any desire to eat. My sister lost 100 lbs in a year with that, advice on a very effective alternative with less risk or side effect",en,0,0,1,0,,"<a href=""http://twitter.com/download/android"" rel=""nofollow"">Twitter for Android</a>",https://x.com/Breaker316/status/1504601202327138304,False,True,2026-04-07T17:46:23.569306+00:00
1504305575949213697,wegovy_weight,wegovy,weight,2022-03-17T03:56:12+00:00,MobilecareD,Mobile Care Health,"Chicago woman reverses diabetes after losing 143 pounds https://t.co/RnnIcQlV7F
See how diet, exercise and semaglutide can reduce your weight and improve your health. Chat with Dr Jake now for a judgement-free consult!  #WorkSmarterNotHarder #semaglutide",en,0,0,1,0,,"<a href=""https://contentstudio.io"" rel=""nofollow"">ContentStudio.io</a>",https://x.com/MobilecareD/status/1504305575949213697,False,False,2026-04-07T17:46:23.569306+00:00
1503802939013570562,wegovy_weight,wegovy,weight,2022-03-15T18:38:54+00:00,rocko_uncle,UncleRocko,"@AdamSinger Wegovy from $NOVO probably costs like ~$5k/year after rebates (more for the few cash payers out there) - and gets people like 10-15 lbs of weight loss that they regain if they stop therapy.. 

We should work on normalizing this idea and start a business.. it is a really good idea",en,0,0,1,0,,"<a href=""http://twitter.com/#!/download/ipad"" rel=""nofollow"">Twitter for iPad</a>",https://x.com/rocko_uncle/status/1503802939013570562,False,True,2026-04-07T17:46:23.569306+00:00
1502911931530637312,wegovy_weight,wegovy,weight,2022-03-13T07:38:21+00:00,memesq,Mary Elizabeth Moss,@aimealleycard I lost 50 lbs in six months. Rx Med called Wegovy: once per week shot. Google it.,en,0,0,0,0,,"<a href=""http://twitter.com/download/iphone"" rel=""nofollow"">Twitter for iPhone</a>",https://x.com/memesq/status/1502911931530637312,False,True,2026-04-07T17:46:23.569306+00:00
1502690401106419715,wegovy_weight,wegovy,weight,2022-03-12T16:58:04+00:00,BettyCa46184897,Moderately opinionated,On #ozempic since June 2021. Lost 38lbs. Feels wonderful. Thinking of switching to #Wegovy. Any thoughts? Wegovy is given at a higher dose so hopefully will get to my goal weight.,en,1,0,1,0,,"<a href=""http://twitter.com/download/iphone"" rel=""nofollow"">Twitter for iPhone</a>",https://x.com/BettyCa46184897/status/1502690401106419715,False,False,2026-04-07T17:46:23.569306+00:00
1501683133225259017,wegovy_weight,wegovy,weight,2022-03-09T22:15:33+00:00,lionel_rich1,The_Collector,"@DrTomFrieden Have a good friend that is overweight, dosent eat particularly bad and works out a couple days a week and is at least trying. Wegovy was recommended, she used it for 3 months and lost a good amount of weight. After that though it’s $1300 a month because insurance won’t cover it.",en,1,0,0,0,,"<a href=""http://twitter.com/download/iphone"" rel=""nofollow"">Twitter for iPhone</a>",https://x.com/lionel_rich1/status/1501683133225259017,False,True,2026-04-07T17:46:23.569306+00:00
1501185260524118023,wegovy_weight,wegovy,weight,2022-03-08T13:17:11+00:00,stevechenevey,Steve Chenevey FOX5,"@4sunshine48 lost contact with Dr Mike but the injectiable treatment is called wegovy, a brand of the anti-diabetes drug semaglutide",en,1,0,1,0,,"<a href=""https://mobile.twitter.com"" rel=""nofollow"">Twitter Web App</a>",https://x.com/stevechenevey/status/1501185260524118023,False,True,2026-04-07T17:46:23.569306+00:00
1499617631246053380,wegovy_weight,wegovy,weight,2022-03-04T05:27:59+00:00,ballerbrittt,B,I’ve lost six pounds since I’ve started semaglutide ☺️,en,0,0,1,0,,"<a href=""http://twitter.com/download/iphone"" rel=""nofollow"">Twitter for iPhone</a>",https://x.com/ballerbrittt/status/1499617631246053380,False,False,2026-04-07T17:46:23.569306+00:00
1497328883842048005,wegovy_weight,wegovy,weight,2022-02-25T21:53:19+00:00,KevinDr_ver,kevindr1ver@bsky.social,@MichaelAlbertMD @PrashSanders You’d need a control group that was on semaglutide but didn’t lost weight,en,0,0,3,0,,"<a href=""http://twitter.com/download/iphone"" rel=""nofollow"">Twitter for iPhone</a>",https://x.com/KevinDr_ver/status/1497328883842048005,False,True,2026-04-07T17:46:23.569306+00:00
1494423812925972488,wegovy_weight,wegovy,weight,2022-02-17T21:29:36+00:00,MichaelAlbertMD,"Michael Albert, MD","Finally had a chance to read STEP 8: weekly Semaglutide vs. daily Liraglutide 

👉🏻Semaglutide arm lost on avg -9.4% MORE THAN LIRA arm. Keep in mind, LIRA lost on avg -6.4% at 2 yrs.

👉🏻Sema with 38.5% achieving ≥ 20% weight loss at 2 yrs. 🤯
 https://t.co/WkIVr0vMwo",en,1,0,4,0,,"<a href=""http://twitter.com/download/iphone"" rel=""nofollow"">Twitter for iPhone</a>",https://x.com/MichaelAlbertMD/status/1494423812925972488,False,False,2026-04-07T17:46:23.569306+00:00
1494378545988182017,wegovy_weight,wegovy,weight,2022-02-17T18:29:44+00:00,turincomplete,tc,"@r4nk0r3 @jim_rutt @Plinz I'm not an expert, but I think the promising ones like semaglutide are mainly antagonists of GLP-1 (hormone). Controls insulin and appetite.",en,1,0,0,0,,"<a href=""https://mobile.twitter.com"" rel=""nofollow"">Twitter Web App</a>",https://x.com/turincomplete/status/1494378545988182017,False,True,2026-04-07T17:46:23.569306+00:00
1494141225451933697,wegovy_weight,wegovy,weight,2022-02-17T02:46:42+00:00,kristina_bryant,Kristina Bryant,"@garrisonparty6 @KailLowry @MaciBookout @TeenMom I too have PCOS. Had gastric sleeve in 2019. Lost 80lbs, gained back 20. Started on weekly Wegovy injections, down 10lbs. The struggle is real",en,0,0,0,0,,"<a href=""http://twitter.com/download/iphone"" rel=""nofollow"">Twitter for iPhone</a>",https://x.com/kristina_bryant/status/1494141225451933697,False,True,2026-04-07T17:46:23.569306+00:00
1493171524370677760,wegovy_weight,wegovy,weight,2022-02-14T10:33:27+00:00,dylanlfc58,Dylanlfc59,@Sairbear94 Hey Sarah  check out semaglutide  I been on it for 3 months  and lost 2 stone and that's over Christmas aswell  it's£200 a month but you save that on food,en,0,0,0,0,,"<a href=""http://twitter.com/download/android"" rel=""nofollow"">Twitter for Android</a>",https://x.com/dylanlfc58/status/1493171524370677760,False,True,2026-04-07T17:46:23.569306+00:00
1492908646908547075,wegovy_weight,wegovy,weight,2022-02-13T17:08:52+00:00,dylanlfc58,Dylanlfc59,@CheekyVic Hahahahaha it don't work like that .hey vic Reed up on semaglutide  .I have been on them for 3 months  and lost 2 stone,en,0,0,1,0,,"<a href=""http://twitter.com/download/android"" rel=""nofollow"">Twitter for Android</a>",https://x.com/dylanlfc58/status/1492908646908547075,False,True,2026-04-07T17:46:23.569306+00:00
1492186773564370945,wegovy_weight,wegovy,weight,2022-02-11T17:20:24+00:00,helenbmB1,Helen,"Semaglutide which is also known as Wegovy, suppresses appetite by mimicking glucagon-like peptide-1 (GLP-1) and making people feel full. It follows the approval of liraglutide last year",en,0,0,0,0,,"<a href=""https://mobile.twitter.com"" rel=""nofollow"">Twitter Web App</a>",https://x.com/helenbmB1/status/1492186773564370945,False,False,2026-04-07T17:46:23.570303+00:00
1492185198624227332,wegovy_weight,wegovy,weight,2022-02-11T17:14:09+00:00,pulsetoday,PulseToday,Draft guidance from @NICEComms has recommended semaglutide for patients with obesity who are being treated by a specialist #weightmanagement service https://t.co/uvefYm3Xsu,en,0,1,2,1,,"<a href=""https://mobile.twitter.com"" rel=""nofollow"">Twitter Web App</a>",https://x.com/pulsetoday/status/1492185198624227332,False,False,2026-04-07T17:46:23.570303+00:00
1491679144521965569,wegovy_weight,wegovy,weight,2022-02-10T07:43:16+00:00,NomanDofficial,Noman D,"Weight-loss jab by the NHS to control appetite and obesity
Adults who are overweight or obese may soon be given a weekly injection to help them lose weight.

Semaglutide, marketed as Wegovy, makes people feel fuller, causing them to eat less and feel less hungry.
#COVID19 https://t.co/yw7OlrO3Kq",en,0,0,0,0,,"<a href=""https://mobile.twitter.com"" rel=""nofollow"">Twitter Web App</a>",https://x.com/NomanDofficial/status/1491679144521965569,False,False,2026-04-07T17:46:23.570303+00:00
1491496946594467852,wegovy_weight,wegovy,weight,2022-02-09T19:39:17+00:00,Looby_Lake,Lake 🏳️‍🌈🏳️‍⚧️🇵🇸,The NHS have approved semaglutide which is an injection that helps suppress appetite. This could be a game changer for someone like me who is obese and addicted to food. I hope to get it soon. I want to be healthier and loose weight but I need help. Hopefully this will be it.,en,1,0,1,0,,"<a href=""http://twitter.com/download/android"" rel=""nofollow"">Twitter for Android</a>",https://x.com/Looby_Lake/status/1491496946594467852,False,False,2026-04-07T17:46:25.105207+00:00
1491290769327542273,wegovy_weight,wegovy,weight,2022-02-09T06:00:00+00:00,ScunthorpeLive,Scunthorpe Live,"Weekly injection of semaglutide has been shown to suppress the appetite and led to weight loss

https://t.co/2iSUjLR9Fj",en,0,0,0,0,,"<a href=""https://about.twitter.com/products/tweetdeck"" rel=""nofollow"">TweetDeck</a>",https://x.com/ScunthorpeLive/status/1491290769327542273,False,False,2026-04-07T17:46:25.106203+00:00
1491258331738284032,wegovy_weight,wegovy,weight,2022-02-09T03:51:07+00:00,FuzzyLogic316,The Fuzzy Logician,@KevinDr_ver I actually got on Wegovy thanks to your recommendation. It is genuinely amazing the difference in my appetite. Thankfully it was very easy to get in California on MediCal.,en,0,0,1,0,,"<a href=""http://twitter.com/download/iphone"" rel=""nofollow"">Twitter for iPhone</a>",https://x.com/FuzzyLogic316/status/1491258331738284032,False,True,2026-04-07T17:46:25.106203+00:00
1491173745431617541,wegovy_weight,wegovy,weight,2022-02-08T22:15:00+00:00,hulllive,Hull Live,"Weekly injection of semaglutide has been shown to suppress the appetite and led to weight loss

https://t.co/A4ELUFNUPn",en,0,0,1,0,,"<a href=""https://about.twitter.com/products/tweetdeck"" rel=""nofollow"">TweetDeck</a>",https://x.com/hulllive/status/1491173745431617541,False,False,2026-04-07T17:46:25.106203+00:00
1491123724468518912,wegovy_weight,wegovy,weight,2022-02-08T18:56:14+00:00,Nigelj08223326,Truthoverdishonesty,"NICE recommends weight loss drug semaglutide for obese adults https://t.co/GydxNPECty

clinical trial of just under 2000 volunteers found that those lost on average 👇12% more weight than those who had only coaching in weight loss

@ParagSinghal09 
@drpoco 
@juniorjuri",en,0,0,2,0,,"<a href=""http://twitter.com/#!/download/ipad"" rel=""nofollow"">Twitter for iPad</a>",https://x.com/Nigelj08223326/status/1491123724468518912,False,False,2026-04-07T17:46:25.106203+00:00
1491119294327173123,wegovy_weight,wegovy,weight,2022-02-08T18:38:38+00:00,AustinDopp,Austin Dopp,"of exercise/week. The trial went for 68 weeks and by the end 50% of semaglutide participants had lost 15% of their body weight vs 1.9% for placebo. Not only that but 70.9% lost 10%, 55.6% lost 15% and 38.5% lost 20% by the end. The average starting weight was about 230 lbs. 2/",en,1,0,0,0,,"<a href=""http://twitter.com/download/android"" rel=""nofollow"">Twitter for Android</a>",https://x.com/AustinDopp/status/1491119294327173123,False,True,2026-04-07T17:46:25.106203+00:00
1491068552480051203,wegovy_weight,wegovy,weight,2022-02-08T15:17:00+00:00,ScunthorpeLive,Scunthorpe Live,"Weekly injection of semaglutide has been shown to suppress the appetite and led to weight loss

https://t.co/2iSUjM8KwR",en,0,0,0,0,,"<a href=""https://about.twitter.com/products/tweetdeck"" rel=""nofollow"">TweetDeck</a>",https://x.com/ScunthorpeLive/status/1491068552480051203,False,False,2026-04-07T17:46:25.106203+00:00
1491066429348913152,wegovy_weight,wegovy,weight,2022-02-08T15:08:34+00:00,AlanRoberts,Alan Roberts,"Off insurance pricing of Wegovy is $1400-$1600 a month. Boasting 35 pounds of weight loss average over 68 weeks.

That is $680 to $777 of taxpayer money PER POUND LOST PER PERSON.",en,0,0,6,0,,"<a href=""https://mobile.twitter.com"" rel=""nofollow"">Twitter Web App</a>",https://x.com/AlanRoberts/status/1491066429348913152,False,False,2026-04-07T17:46:25.106203+00:00
1489370164478971908,wegovy_weight,wegovy,weight,2022-02-03T22:48:13+00:00,doverbeach,Dover Beach,@taraparkerpope Ozempic (semaglutide). I'm down 13 pounds without trying. I'm 61 and kind of bitter that this wasn't around 50 years ago when my own mother frowned at me every time I reached for anything other than spinach.,en,0,0,0,0,,"<a href=""https://mobile.twitter.com"" rel=""nofollow"">Twitter Web App</a>",https://x.com/doverbeach/status/1489370164478971908,False,True,2026-04-07T17:46:25.106203+00:00
1488940959832305665,wegovy_weight,wegovy,weight,2022-02-02T18:22:42+00:00,ThinkTank360,ThinkTank,"@CThepet @alanroberts You didn't bother to look into it? Wegovy is prescribed along with a diet and exercise program.  It is an appetite suppressant. 
Food cravings are real for some people.  Do you complain if drug addicts get medication to help them stop craving drugs? https://t.co/MdNwiLmYXq",en,0,0,0,0,,"<a href=""http://twitter.com/download/android"" rel=""nofollow"">Twitter for Android</a>",https://x.com/ThinkTank360/status/1488940959832305665,False,False,2026-04-07T17:46:25.106203+00:00
1488551375260856327,wegovy_weight,wegovy,weight,2022-02-01T16:34:38+00:00,wegovyscrapbook,Kirsten,After three and a half weeks on #wegovy I'm down about 10 lbs. from my #setpoint weight. I haven't suffered side effects in any meaningful way and the process hasn't been hard for me.,en,4,0,15,0,,"<a href=""https://mobile.twitter.com"" rel=""nofollow"">Twitter Web App</a>",https://x.com/wegovyscrapbook/status/1488551375260856327,False,False,2026-04-07T17:46:25.106203+00:00
1487141067891875849,wegovy_weight,wegovy,weight,2022-01-28T19:10:34+00:00,KevinDr_ver,kevindr1ver@bsky.social,"@HeartOTXHeartMD @MichaelAlbertMD @facingobesity @dana_rosser @nytimes It’s exciting to see how weight loss interventions will impact people, the metabolic, cardiovascular and orthopedic benefits are huge. Losing over 30 lbs. with semaglutide also gave me a new perspective on hunger, satiety and the moral judgement we put on people with obesity.",en,2,0,4,0,,"<a href=""http://twitter.com/download/iphone"" rel=""nofollow"">Twitter for iPhone</a>",https://x.com/KevinDr_ver/status/1487141067891875849,False,True,2026-04-07T17:46:25.106203+00:00
1484680618684424192,wegovy_weight,wegovy,weight,2022-01-22T00:13:38+00:00,MarcusDGon,Marcus Goncalves,@DanielJDrucker That 6% weight loss included 20% loss in fat mass! You need 15% weight loss with semaglutide to get much fat lost. https://t.co/KGDnkOpnzL,en,1,0,2,0,,"<a href=""http://twitter.com/download/iphone"" rel=""nofollow"">Twitter for iPhone</a>",https://x.com/MarcusDGon/status/1484680618684424192,False,True,2026-04-07T17:46:25.106203+00:00
1484195970569146368,wegovy_weight,wegovy,weight,2022-01-20T16:07:49+00:00,aswell90,أصيل السعيدان | Aseel Alsaidan,"Obesity and drug therapy !
RCT study including 338 patients with BMI &gt; 30kg/m² .At 68 weeks, participants in the semaglutide group lost more weight than the liraglutide group (-15.8 versus -6.4 percent; treatment difference -9.4 percent).
Waiting for Saudi FDA approval 👍 https://t.co/RCKk6Ic4I2",en,1,1,1,0,,"<a href=""http://twitter.com/download/android"" rel=""nofollow"">Twitter for Android</a>",https://x.com/aswell90/status/1484195970569146368,False,False,2026-04-07T17:46:25.106203+00:00
1483715596973920256,wegovy_weight,wegovy,weight,2022-01-19T08:18:59+00:00,fatlossmusclex,Fatloss Muscle-X,Injectable Drug Wegovy Can Help People Lose 35 Pounds in Over a Year - POPSUGAR #weightlosshttps://https://t.co/7K19gSatKf,en,0,0,0,0,,"<a href=""https://ifttt.com"" rel=""nofollow"">IFTTT</a>",https://x.com/fatlossmusclex/status/1483715596973920256,False,False,2026-04-07T17:46:25.106203+00:00
1483603143434854400,wegovy_weight,wegovy,weight,2022-01-19T00:52:08+00:00,nosugarallowed,lost era 26.8,"@ravenousbish when i first got diagnosed as diabetic, i got put on a drug called semaglutide. it’s for lowering blood sugar, but has an appetite suppressant side effect. it lowered my my blood sugar and i lost 17 pounds in a month. but it’s very expensive and only available by prescription.",en,1,0,1,0,,"<a href=""http://twitter.com/download/iphone"" rel=""nofollow"">Twitter for iPhone</a>",https://x.com/nosugarallowed/status/1483603143434854400,False,True,2026-04-07T17:46:25.106203+00:00
1483519201692241923,wegovy_weight,wegovy,weight,2022-01-18T19:18:34+00:00,fatlossmusclex,Fatloss Muscle-X,Injectable Drug Wegovy Can Help People Lose 35 Pounds in Over a Year - POPSUGAR #weightlosshttps://https://t.co/7K19gSatKf,en,0,0,0,0,,"<a href=""https://ifttt.com"" rel=""nofollow"">IFTTT</a>",https://x.com/fatlossmusclex/status/1483519201692241923,False,False,2026-04-07T17:46:25.106203+00:00
1482933254927884293,wegovy_weight,wegovy,weight,2022-01-17T04:30:14+00:00,slavi_mamii,l e j l a | lay-la,You know what’s heart shattering? Finally seeing progress and losing weight with the help of medication and then the “coupon” expires and I can’t afford $1600 a month. #wegovy @novonordisk @novonordiskus @novonordiskfond,en,0,0,1,0,,"<a href=""http://twitter.com/download/iphone"" rel=""nofollow"">Twitter for iPhone</a>",https://x.com/slavi_mamii/status/1482933254927884293,False,False,2026-04-07T17:46:25.106203+00:00
1482761268234752001,wegovy_weight,wegovy,weight,2022-01-16T17:06:49+00:00,wegovyscrapbook,Kirsten,"Some stray thoughts from Week 1 on #Wegovy

I’ve been having dinner early because I have GERD and it helps me at night. Bad acid reflux on Monday night &amp; a burned-out throat on Tuesday forced the issue.",en,1,0,1,0,,"<a href=""http://twitter.com/download/iphone"" rel=""nofollow"">Twitter for iPhone</a>",https://x.com/wegovyscrapbook/status/1482761268234752001,False,False,2026-04-07T17:46:25.107200+00:00
1482402645969145857,wegovy_weight,wegovy,weight,2022-01-15T17:21:47+00:00,selwell1954,Shannon Elwell,Injectable Drug Wegovy Can Help People Lose 35 Pounds in Over a Year https://t.co/gozeg5cTYI via @Yahoo,en,0,0,0,0,,"<a href=""https://mobile.twitter.com"" rel=""nofollow"">Twitter Web App</a>",https://x.com/selwell1954/status/1482402645969145857,False,False,2026-04-07T17:46:25.107200+00:00
1482194234744655877,wegovy_weight,wegovy,weight,2022-01-15T03:33:38+00:00,PeaMyrtle,Myrtle Newsam,Injectable Drug Wegovy Can Help People Lose 35 Pounds in Over a Year https://t.co/sKAOuUa5S3 via @Yahoo,en,0,0,0,0,,"<a href=""https://mobile.twitter.com"" rel=""nofollow"">Twitter Web App</a>",https://x.com/PeaMyrtle/status/1482194234744655877,False,False,2026-04-07T17:46:26.333956+00:00
1481298320735752192,wegovy_weight,wegovy,weight,2022-01-12T16:13:35+00:00,DocmomOneill,Melanie Oneill,@Optum_Support @UHC @UnitedHealthGrp help me out here.  My husband was approved for Wegovy in July.  Now that he is up to the maintenance dose it gets denied?!?!? This medication is lowering his BP and diabetes risk and he has already lost 25 lbs. https://t.co/OjpgMXky0Y,en,0,0,1,0,,"<a href=""http://twitter.com/download/iphone"" rel=""nofollow"">Twitter for iPhone</a>",https://x.com/DocmomOneill/status/1481298320735752192,False,False,2026-04-07T17:46:26.333956+00:00
1481241024974499843,wegovy_weight,wegovy,weight,2022-01-12T12:25:55+00:00,KevinDr_ver,kevindr1ver@bsky.social,"🚨 average weight loss &gt;15% with semaglutide and almost 40% of patients lost &gt;20%!
https://t.co/CJ2AuHKKBB",en,1,0,4,0,,"<a href=""http://twitter.com/download/iphone"" rel=""nofollow"">Twitter for iPhone</a>",https://x.com/KevinDr_ver/status/1481241024974499843,False,False,2026-04-07T17:46:26.333956+00:00
1480996496896151558,wegovy_weight,wegovy,weight,2022-01-11T20:14:15+00:00,Iron_Yuppie,The Iron Yuppie,"@asymmetricinfo It’s excellent. Lost 8lb in one month and didn’t notice I was on anything. I have always had trouble cutting, even with pharmaceutical intervention, but semaglutide is an absolute game changer. Doctors hand out samples and if you don’t like it after a month well, it was free.",en,0,0,0,0,,"<a href=""http://twitter.com/download/iphone"" rel=""nofollow"">Twitter for iPhone</a>",https://x.com/Iron_Yuppie/status/1480996496896151558,False,True,2026-04-07T17:46:26.333956+00:00
1480189494083170308,wegovy_weight,wegovy,weight,2022-01-09T14:47:30+00:00,NeilFlochMD,Neil Floch MD,"Good luck @wegovyscrapbook and keep us updated on your progress using #Wegovy #semaglutide for #weightloss

#weightlossjourney #obesity",en,3,0,7,0,,"<a href=""http://twitter.com/download/iphone"" rel=""nofollow"">Twitter for iPhone</a>",https://x.com/NeilFlochMD/status/1480189494083170308,False,False,2026-04-07T17:46:26.333956+00:00
1479968532460933125,wegovy_weight,wegovy,weight,2022-01-09T00:09:29+00:00,wegovyscrapbook,Kirsten,First day on Wegovy! I’m so excited to get started.,en,2,0,2,1,,"<a href=""http://twitter.com/download/iphone"" rel=""nofollow"">Twitter for iPhone</a>",https://x.com/wegovyscrapbook/status/1479968532460933125,False,False,2026-04-07T17:46:26.333956+00:00
1479386546793066502,wegovy_weight,wegovy,weight,2022-01-07T09:36:53+00:00,CompounderB,Compounder$Bro,"@JMoore1123 @btpatria They could but as you know, balancing health diet with exercise is a real struggle for many.

The weight comes off even faster with good diet and exercise. But the science is in, wegovy helps. My dad's on the same drug for diabetes, still eats like a slob but has lost weight.",en,0,0,0,0,,"<a href=""http://twitter.com/download/android"" rel=""nofollow"">Twitter for Android</a>",https://x.com/CompounderB/status/1479386546793066502,False,True,2026-04-07T17:46:26.333956+00:00
1479169214636253184,wegovy_weight,wegovy,weight,2022-01-06T19:13:17+00:00,CompounderB,Compounder$Bro,"@btpatria When they turn 18 they can go on Novo Nordisk's wegovy. In a 68 week trial, adults with obesity who took wegovy lost 15% of their body weight.",en,1,0,1,0,,"<a href=""http://twitter.com/download/android"" rel=""nofollow"">Twitter for Android</a>",https://x.com/CompounderB/status/1479169214636253184,False,False,2026-04-07T17:46:26.333956+00:00
1478747922489565187,wegovy_weight,wegovy,weight,2022-01-05T15:19:13+00:00,paulytime,Cat~Daddy,@juli_nessa82 Get you doctor to prescribed you Wegovy or Ozempic. I've lost over 60 lbs since May 2021. Struggled my whole life with weight even resorted to bulimia to make the weight limits required to stay in the Army,en,1,0,2,0,,"<a href=""http://twitter.com/download/android"" rel=""nofollow"">Twitter for Android</a>",https://x.com/paulytime/status/1478747922489565187,False,True,2026-04-07T18:31:41.051367+00:00
1477862513198854144,wegovy_weight,wegovy,weight,2022-01-03T04:40:55+00:00,abditum,Griffin 🫠,"@PaulM The results seem pretty extreme, especially on the higher-dose semaglutide (Wegovy). If I haven't lost 15% of my body weight at the six-month mark, we're gonna evaluate whether it's worth it to continue. I was losing weight without it, just at a glacial pace.",en,0,0,0,0,,"<a href=""https://mobile.twitter.com"" rel=""nofollow"">Twitter Web App</a>",https://x.com/abditum/status/1477862513198854144,False,True,2026-04-07T18:31:41.051367+00:00
1477360449284804611,wegovy_weight,wegovy,weight,2022-01-01T19:25:53+00:00,IdiotTracker,(((TheTracker))) 🇵🇸 🇺🇦,"@PaganChild I've lost 80pds in just over six months, w a dispiritingly intense effort.

I have lost weight with the combination of all these strategies:

*low carb diet
*trainer workout 5/week
*semaglutide (expensive, not covered by insurance, I get it from Canada)
*phetamine
*no sweeteners",en,1,0,1,0,,"<a href=""https://mobile.twitter.com"" rel=""nofollow"">Twitter Web App</a>",https://x.com/IdiotTracker/status/1477360449284804611,False,True,2026-04-07T18:31:41.051367+00:00
1605921120799989761,wegovy_weight,wegovy,weight,2022-12-22T13:40:06+00:00,HowardPowerFit,Brandon Howard,"""A study of almost 2,000 adults, published in the peer-reviewed journal Diabetes, Obesity and Metabolism in April 2022, showed that patients who went off the drug regained two-thirds of the lost weight within a year.""

https://t.co/UiL9WF1JbZ",en,0,0,0,0,767,"<a href=""http://twitter.com/download/android"" rel=""nofollow"">Twitter for Android</a>",https://x.com/HowardPowerFit/status/1605921120799989761,False,False,2026-04-07T18:31:41.989664+00:00
